arquivo,veredito,motivos,nitidez,brilho,contraste,largura,altura,duplicata_de,caminho
CAM1_RGB_2024-08-15_10-47-00_jpg.rf.ad98853f09bd5c4d44b8521b9ee3e05e.jpg,aproveitavel,-,777.27,92.08,67.09,640,360,,C:\projetopig\dataset\sows_farm\sows_farm_02.v2i.yolo26\test\images\CAM1_RGB_2024-08-15_10-47-00_jpg.rf.ad98853f09bd5c4d44b8521b9ee3e05e.jpg
CAM1_RGB_2024-08-16_13-32-00_jpg.rf.9ab34caa03e4f9d4419f83c54c637132.jpg,aproveitavel,-,467.17,86.25,62.58,640,360,,C:\projetopig\dataset\sows_farm\sows_farm_02.v2i.yolo26\test\images\CAM1_RGB_2024-08-16_13-32-00_jpg.rf.9ab34caa03e4f9d4419f83c54c637132.jpg
CAM1_RGB_2024-08-16_17-14-00_jpg.rf.a2da51e57fc83d5a6e67198fa96a482f.jpg,aproveitavel,-,692.11,87.25,61.92,640,360,,C:\projetopig\dataset\sows_farm\sows_farm_02.v2i.yolo26\test\images\CAM1_RGB_2024-08-16_17-14-00_jpg.rf.a2da51e57fc83d5a6e67198fa96a482f.jpg
CAM1_RGB_2024-08-17_00-03-00_jpg.rf.fba4ee76131c1f5f58d504259113c4a7.jpg,aproveitavel,-,912.47,73.27,62.36,640,360,,C:\projetopig\dataset\sows_farm\sows_farm_02.v2i.yolo26\test\images\CAM1_RGB_2024-08-17_00-03-00_jpg.rf.fba4ee76131c1f5f58d504259113c4a7.jpg
CAM1_RGB_2024-08-17_05-26-00_jpg.rf.f200b5ded33d8c36184021c0452d5d66.jpg,aproveitavel,-,963.11,75.0,57.88,640,360,,C:\projetopig\dataset\sows_farm\sows_farm_02.v2i.yolo26\test\images\CAM1_RGB_2024-08-17_05-26-00_jpg.rf.f200b5ded33d8c36184021c0452d5d66.jpg
CAM1_RGB_2024-08-17_11-03-00_jpg.rf.6e600d08aaafc4d822724bb8a94b26bc.jpg,aproveitavel,-,685.76,100.17,55.57,640,360,,C:\projetopig\dataset\sows_farm\sows_farm_02.v2i.yolo26\test\images\CAM1_RGB_2024-08-17_11-03-00_jpg.rf.6e600d08aaafc4d822724bb8a94b26bc.jpg
CAM1_RGB_2024-08-17_11-21-00_jpg.rf.8ccab05743edad8d5013c272b8fee7d6.jpg,aproveitavel,-,480.14,96.16,68.62,640,360,,C:\projetopig\dataset\sows_farm\sows_farm_02.v2i.yolo26\test\images\CAM1_RGB_2024-08-17_11-21-00_jpg.rf.8ccab05743edad8d5013c272b8fee7d6.jpg
CAM1_RGB_2024-08-17_11-33-00_jpg.rf.ac6f61a7ab5100f7b206ddc1a0b763b6.jpg,aproveitavel,-,529.01,90.29,62.72,640,360,,C:\projetopig\dataset\sows_farm\sows_farm_02.v2i.yolo26\test\images\CAM1_RGB_2024-08-17_11-33-00_jpg.rf.ac6f61a7ab5100f7b206ddc1a0b763b6.jpg
CAM1_RGB_2024-08-17_12-26-00_jpg.rf.a7b120c5374375de2a3690bcbe4fe885.jpg,aproveitavel,-,580.69,91.77,59.4,640,360,,C:\projetopig\dataset\sows_farm\sows_farm_02.v2i.yolo26\test\images\CAM1_RGB_2024-08-17_12-26-00_jpg.rf.a7b120c5374375de2a3690bcbe4fe885.jpg
CAM1_RGB_2024-08-17_12-33-00_jpg.rf.9a526b9d089d8dc219a5fcc2f0fd634c.jpg,aproveitavel,-,614.03,93.68,57.92,640,360,,C:\projetopig\dataset\sows_farm\sows_farm_02.v2i.yolo26\test\images\CAM1_RGB_2024-08-17_12-33-00_jpg.rf.9a526b9d089d8dc219a5fcc2f0fd634c.jpg
CAM1_RGB_2024-08-17_16-33-00_jpg.rf.43844a84786a092be5c3e3608c62600f.jpg,aproveitavel,-,695.96,101.02,59.4,640,360,,C:\projetopig\dataset\sows_farm\sows_farm_02.v2i.yolo26\test\images\CAM1_RGB_2024-08-17_16-33-00_jpg.rf.43844a84786a092be5c3e3608c62600f.jpg
CAM1_RGB_2024-08-17_22-32-57_jpg.rf.c8b1a56184c84101bd594baa9733fec2.jpg,aproveitavel,-,784.29,94.84,60.67,640,360,,C:\projetopig\dataset\sows_farm\sows_farm_02.v2i.yolo26\test\images\CAM1_RGB_2024-08-17_22-32-57_jpg.rf.c8b1a56184c84101bd594baa9733fec2.jpg
CAM1_RGB_2024-08-18_09-33-00_jpg.rf.43726dc936a994c51f00f36c5bf746d7.jpg,aproveitavel,-,687.3,95.82,59.6,640,360,,C:\projetopig\dataset\sows_farm\sows_farm_02.v2i.yolo26\test\images\CAM1_RGB_2024-08-18_09-33-00_jpg.rf.43726dc936a994c51f00f36c5bf746d7.jpg
CAM1_RGB_2024-08-18_11-04-00_jpg.rf.bd97e4701cd37bf673822884fb7e3a00.jpg,aproveitavel,-,773.64,97.98,58.02,640,360,,C:\projetopig\dataset\sows_farm\sows_farm_02.v2i.yolo26\test\images\CAM1_RGB_2024-08-18_11-04-00_jpg.rf.bd97e4701cd37bf673822884fb7e3a00.jpg
CAM1_RGB_2024-08-18_12-33-00_jpg.rf.85204160d7e39b3e377574bd877b5fa3.jpg,aproveitavel,-,737.37,100.81,57.92,640,360,,C:\projetopig\dataset\sows_farm\sows_farm_02.v2i.yolo26\test\images\CAM1_RGB_2024-08-18_12-33-00_jpg.rf.85204160d7e39b3e377574bd877b5fa3.jpg
CAM1_RGB_2024-08-18_20-33-00_jpg.rf.f97f0fb5a4066bd4322dd7a65d3fd673.jpg,aproveitavel,-,641.15,67.06,64.18,640,360,,C:\projetopig\dataset\sows_farm\sows_farm_02.v2i.yolo26\test\images\CAM1_RGB_2024-08-18_20-33-00_jpg.rf.f97f0fb5a4066bd4322dd7a65d3fd673.jpg
CAM1_RGB_2024-08-19_02-32-53_jpg.rf.3108887b3fbdc6a000ee500cc2868ea5.jpg,aproveitavel,-,827.33,68.94,64.17,640,360,,C:\projetopig\dataset\sows_farm\sows_farm_02.v2i.yolo26\test\images\CAM1_RGB_2024-08-19_02-32-53_jpg.rf.3108887b3fbdc6a000ee500cc2868ea5.jpg
CAM1_RGB_2024-08-20_17-24-00_jpg.rf.e0af6a275b689f058ac100adc1fef8cb.jpg,aproveitavel,-,789.38,85.91,63.18,640,360,,C:\projetopig\dataset\sows_farm\sows_farm_02.v2i.yolo26\test\images\CAM1_RGB_2024-08-20_17-24-00_jpg.rf.e0af6a275b689f058ac100adc1fef8cb.jpg
CAM1_RGB_2024-08-20_18-24-00_jpg.rf.28cd8ddb369f0445510d275f959e552b.jpg,aproveitavel,-,805.74,83.2,66.3,640,360,,C:\projetopig\dataset\sows_farm\sows_farm_02.v2i.yolo26\test\images\CAM1_RGB_2024-08-20_18-24-00_jpg.rf.28cd8ddb369f0445510d275f959e552b.jpg
CAM1_RGB_2024-08-20_22-23-58_jpg.rf.2c88c9705f607f08682a062385ce6b30.jpg,aproveitavel,-,986.71,93.65,65.18,640,360,,C:\projetopig\dataset\sows_farm\sows_farm_02.v2i.yolo26\test\images\CAM1_RGB_2024-08-20_22-23-58_jpg.rf.2c88c9705f607f08682a062385ce6b30.jpg
CAM1_RGB_2024-08-21_00-24-00_jpg.rf.16c7f49671c1509ef55aae3cdf4d0728.jpg,aproveitavel,-,942.88,90.86,65.51,640,360,,C:\projetopig\dataset\sows_farm\sows_farm_02.v2i.yolo26\test\images\CAM1_RGB_2024-08-21_00-24-00_jpg.rf.16c7f49671c1509ef55aae3cdf4d0728.jpg
CAM1_RGB_2024-08-21_07-24-00_jpg.rf.0cf7722a699c6a6d3a6989db724665b9.jpg,aproveitavel,-,813.52,90.93,62.95,640,360,,C:\projetopig\dataset\sows_farm\sows_farm_02.v2i.yolo26\test\images\CAM1_RGB_2024-08-21_07-24-00_jpg.rf.0cf7722a699c6a6d3a6989db724665b9.jpg
CAM1_RGB_2024-08-21_09-53-59_jpg.rf.c9fd55020867f47b97b7ca54eb46415d.jpg,aproveitavel,-,631.37,94.07,64.0,640,360,,C:\projetopig\dataset\sows_farm\sows_farm_02.v2i.yolo26\test\images\CAM1_RGB_2024-08-21_09-53-59_jpg.rf.c9fd55020867f47b97b7ca54eb46415d.jpg
CAM1_RGB_2024-08-21_11-24-00_jpg.rf.4f79ac8810e91277c170555cb3d311d3.jpg,aproveitavel,-,803.08,98.43,62.34,640,360,,C:\projetopig\dataset\sows_farm\sows_farm_02.v2i.yolo26\test\images\CAM1_RGB_2024-08-21_11-24-00_jpg.rf.4f79ac8810e91277c170555cb3d311d3.jpg
CAM1_RGB_2024-08-21_19-23-56_jpg.rf.4347a6f1830de291a7fafdebf2b14c3f.jpg,aproveitavel,-,790.22,91.82,65.79,640,360,,C:\projetopig\dataset\sows_farm\sows_farm_02.v2i.yolo26\test\images\CAM1_RGB_2024-08-21_19-23-56_jpg.rf.4347a6f1830de291a7fafdebf2b14c3f.jpg
CAM1_RGB_2024-08-22_06-54-00_jpg.rf.940758b375886d26c42e42405afe8721.jpg,aproveitavel,-,826.29,95.25,65.25,640,360,,C:\projetopig\dataset\sows_farm\sows_farm_02.v2i.yolo26\test\images\CAM1_RGB_2024-08-22_06-54-00_jpg.rf.940758b375886d26c42e42405afe8721.jpg
CAM1_RGB_2024-08-22_10-23-54_jpg.rf.3f66723b980303ec566bb178541ecf72.jpg,aproveitavel,-,851.52,100.82,62.41,640,360,,C:\projetopig\dataset\sows_farm\sows_farm_02.v2i.yolo26\test\images\CAM1_RGB_2024-08-22_10-23-54_jpg.rf.3f66723b980303ec566bb178541ecf72.jpg
CAM1_RGB_2024-08-22_11-54-00_jpg.rf.26091ddcd2c0c6f2da8391d1e7ff3adf.jpg,aproveitavel,-,823.51,101.55,58.58,640,360,,C:\projetopig\dataset\sows_farm\sows_farm_02.v2i.yolo26\test\images\CAM1_RGB_2024-08-22_11-54-00_jpg.rf.26091ddcd2c0c6f2da8391d1e7ff3adf.jpg
CAM1_RGB_2024-08-22_12-24-00_jpg.rf.f0e4dfb1abcfe5f5c4524b70a9fea2b8.jpg,aproveitavel,-,868.44,104.49,57.09,640,360,,C:\projetopig\dataset\sows_farm\sows_farm_02.v2i.yolo26\test\images\CAM1_RGB_2024-08-22_12-24-00_jpg.rf.f0e4dfb1abcfe5f5c4524b70a9fea2b8.jpg
CAM1_RGB_2024-08-22_19-24-00_jpg.rf.cdc3a65a675b02c61c37f0fa804d6888.jpg,aproveitavel,-,793.39,89.19,67.68,640,360,,C:\projetopig\dataset\sows_farm\sows_farm_02.v2i.yolo26\test\images\CAM1_RGB_2024-08-22_19-24-00_jpg.rf.cdc3a65a675b02c61c37f0fa804d6888.jpg
CAM1_RGB_2024-08-22_19-54-00_jpg.rf.29914d796ddc2ebe527fb57c94e4cfde.jpg,aproveitavel,-,864.09,96.45,55.69,640,360,,C:\projetopig\dataset\sows_farm\sows_farm_02.v2i.yolo26\test\images\CAM1_RGB_2024-08-22_19-54-00_jpg.rf.29914d796ddc2ebe527fb57c94e4cfde.jpg
CAM1_RGB_2024-08-23_01-53-56_jpg.rf.c7ea33ab974a63367d80e2c004d23a34.jpg,aproveitavel,-,1125.95,90.14,72.03,640,360,,C:\projetopig\dataset\sows_farm\sows_farm_02.v2i.yolo26\test\images\CAM1_RGB_2024-08-23_01-53-56_jpg.rf.c7ea33ab974a63367d80e2c004d23a34.jpg
CAM1_RGB_2024-08-23_05-53-41_jpg.rf.36b8a305c6e652a73d9090c4d4b74df4.jpg,aproveitavel,-,986.61,87.54,69.17,640,360,,C:\projetopig\dataset\sows_farm\sows_farm_02.v2i.yolo26\test\images\CAM1_RGB_2024-08-23_05-53-41_jpg.rf.36b8a305c6e652a73d9090c4d4b74df4.jpg
CAM1_RGB_2024-08-23_10-53-52_jpg.rf.b86abdd2d72fbec7ba48d07660026a88.jpg,aproveitavel,-,556.39,95.13,50.9,640,360,,C:\projetopig\dataset\sows_farm\sows_farm_02.v2i.yolo26\test\images\CAM1_RGB_2024-08-23_10-53-52_jpg.rf.b86abdd2d72fbec7ba48d07660026a88.jpg
CAM1_RGB_2024-08-23_14-24-00_jpg.rf.0110ecd8ea1ac7d03bd3fd1ea0165dfb.jpg,aproveitavel,-,564.45,92.44,61.9,640,360,,C:\projetopig\dataset\sows_farm\sows_farm_02.v2i.yolo26\test\images\CAM1_RGB_2024-08-23_14-24-00_jpg.rf.0110ecd8ea1ac7d03bd3fd1ea0165dfb.jpg
CAM1_RGB_2024-08-23_15-24-44_jpg.rf.f49222c80c44b3c4a86c855e0abbdedf.jpg,aproveitavel,-,521.97,91.14,57.33,640,360,,C:\projetopig\dataset\sows_farm\sows_farm_02.v2i.yolo26\test\images\CAM1_RGB_2024-08-23_15-24-44_jpg.rf.f49222c80c44b3c4a86c855e0abbdedf.jpg
CAM1_RGB_2024-08-24_03-55-52_jpg.rf.6a04bb923d23b48a960646fb5f2eb284.jpg,duvidosa,nitidez_limitrofe,103.45,35.34,26.95,640,360,,C:\projetopig\dataset\sows_farm\sows_farm_02.v2i.yolo26\test\images\CAM1_RGB_2024-08-24_03-55-52_jpg.rf.6a04bb923d23b48a960646fb5f2eb284.jpg
CAM1_RGB_2024-08-24_05-26-40_jpg.rf.c46a2e073ab0b96e39537dc0368245f6.jpg,descartar,borrada;subexposta,61.24,29.62,23.83,640,360,,C:\projetopig\dataset\sows_farm\sows_farm_02.v2i.yolo26\test\images\CAM1_RGB_2024-08-24_05-26-40_jpg.rf.c46a2e073ab0b96e39537dc0368245f6.jpg
CAM1_RGB_2024-08-24_10-31-56_jpg.rf.98814489f7c926d734a3ba3fb792fa67.jpg,aproveitavel,-,621.29,97.84,57.21,640,360,,C:\projetopig\dataset\sows_farm\sows_farm_02.v2i.yolo26\test\images\CAM1_RGB_2024-08-24_10-31-56_jpg.rf.98814489f7c926d734a3ba3fb792fa67.jpg
CAM2_RGB_2024-08-15_09-42-00_jpg.rf.a81fdba7c09ac813cb777214dec85269.jpg,aproveitavel,-,841.72,107.42,56.88,640,360,,C:\projetopig\dataset\sows_farm\sows_farm_02.v2i.yolo26\test\images\CAM2_RGB_2024-08-15_09-42-00_jpg.rf.a81fdba7c09ac813cb777214dec85269.jpg
CAM2_RGB_2024-08-16_11-55-00_jpg.rf.5c4192c43b0735b534b9aa89911eaa1d.jpg,aproveitavel,-,613.55,102.07,60.6,640,360,,C:\projetopig\dataset\sows_farm\sows_farm_02.v2i.yolo26\test\images\CAM2_RGB_2024-08-16_11-55-00_jpg.rf.5c4192c43b0735b534b9aa89911eaa1d.jpg
CAM2_RGB_2024-08-16_13-25-00_jpg.rf.967bed199461315a1276880203f72752.jpg,aproveitavel,-,791.85,112.05,53.3,640,360,,C:\projetopig\dataset\sows_farm\sows_farm_02.v2i.yolo26\test\images\CAM2_RGB_2024-08-16_13-25-00_jpg.rf.967bed199461315a1276880203f72752.jpg
CAM2_RGB_2024-08-16_14-26-00_jpg.rf.f52e7c34ac3a523b0c70f077fb37357e.jpg,aproveitavel,-,910.09,97.32,64.11,640,360,,C:\projetopig\dataset\sows_farm\sows_farm_02.v2i.yolo26\test\images\CAM2_RGB_2024-08-16_14-26-00_jpg.rf.f52e7c34ac3a523b0c70f077fb37357e.jpg
CAM2_RGB_2024-08-16_15-55-00_jpg.rf.3f6537511235feced18428bab2b4fa32.jpg,aproveitavel,-,969.54,110.51,51.04,640,360,,C:\projetopig\dataset\sows_farm\sows_farm_02.v2i.yolo26\test\images\CAM2_RGB_2024-08-16_15-55-00_jpg.rf.3f6537511235feced18428bab2b4fa32.jpg
CAM2_RGB_2024-08-16_17-55-00_jpg.rf.e03a7a028149d3297ba901b50e5923ea.jpg,aproveitavel,-,775.31,107.76,45.5,640,360,,C:\projetopig\dataset\sows_farm\sows_farm_02.v2i.yolo26\test\images\CAM2_RGB_2024-08-16_17-55-00_jpg.rf.e03a7a028149d3297ba901b50e5923ea.jpg
CAM2_RGB_2024-08-16_20-25-00_jpg.rf.9998b5de050e6aad60cccb5af30beaf2.jpg,aproveitavel,-,717.31,91.76,62.49,640,360,,C:\projetopig\dataset\sows_farm\sows_farm_02.v2i.yolo26\test\images\CAM2_RGB_2024-08-16_20-25-00_jpg.rf.9998b5de050e6aad60cccb5af30beaf2.jpg
CAM2_RGB_2024-08-16_23-13-00_jpg.rf.84d1b0cf422bcae5d8d9041a1cd35056.jpg,aproveitavel,-,950.34,79.7,62.51,640,360,,C:\projetopig\dataset\sows_farm\sows_farm_02.v2i.yolo26\test\images\CAM2_RGB_2024-08-16_23-13-00_jpg.rf.84d1b0cf422bcae5d8d9041a1cd35056.jpg
CAM2_RGB_2024-08-17_00-55-00_jpg.rf.e1a16af866f3a5b3f4a1d2c14a350f55.jpg,aproveitavel,-,911.37,77.73,70.75,640,360,,C:\projetopig\dataset\sows_farm\sows_farm_02.v2i.yolo26\test\images\CAM2_RGB_2024-08-17_00-55-00_jpg.rf.e1a16af866f3a5b3f4a1d2c14a350f55.jpg
CAM2_RGB_2024-08-17_12-55-00_jpg.rf.674c3bd790e75441cbefbb3e1f7aef08.jpg,aproveitavel,-,725.77,103.85,56.53,640,360,,C:\projetopig\dataset\sows_farm\sows_farm_02.v2i.yolo26\test\images\CAM2_RGB_2024-08-17_12-55-00_jpg.rf.674c3bd790e75441cbefbb3e1f7aef08.jpg
CAM2_RGB_2024-08-17_15-12-59_jpg.rf.2fe7a7115e294dd000237d8c738bf4bf.jpg,aproveitavel,-,600.05,101.06,59.67,640,360,,C:\projetopig\dataset\sows_farm\sows_farm_02.v2i.yolo26\test\images\CAM2_RGB_2024-08-17_15-12-59_jpg.rf.2fe7a7115e294dd000237d8c738bf4bf.jpg
CAM2_RGB_2024-08-17_23-02-00_jpg.rf.dc625f46a5f964a85a4de37242d92e06.jpg,aproveitavel,-,777.81,67.64,52.23,640,360,,C:\projetopig\dataset\sows_farm\sows_farm_02.v2i.yolo26\test\images\CAM2_RGB_2024-08-17_23-02-00_jpg.rf.dc625f46a5f964a85a4de37242d92e06.jpg
CAM2_RGB_2024-08-18_04-25-00_jpg.rf.d37e713a6f9b0421e5ee0537fe2f57ca.jpg,aproveitavel,-,642.87,70.53,56.1,640,360,,C:\projetopig\dataset\sows_farm\sows_farm_02.v2i.yolo26\test\images\CAM2_RGB_2024-08-18_04-25-00_jpg.rf.d37e713a6f9b0421e5ee0537fe2f57ca.jpg
CAM2_RGB_2024-08-18_10-55-00_jpg.rf.7f913ad78032b29143d8a949e42c9ba1.jpg,aproveitavel,-,763.16,111.93,52.77,640,360,,C:\projetopig\dataset\sows_farm\sows_farm_02.v2i.yolo26\test\images\CAM2_RGB_2024-08-18_10-55-00_jpg.rf.7f913ad78032b29143d8a949e42c9ba1.jpg
CAM2_RGB_2024-08-18_16-14-00_jpg.rf.8c5352b1129ca935ddd4ba173a6daa7b.jpg,aproveitavel,-,802.85,101.59,62.65,640,360,,C:\projetopig\dataset\sows_farm\sows_farm_02.v2i.yolo26\test\images\CAM2_RGB_2024-08-18_16-14-00_jpg.rf.8c5352b1129ca935ddd4ba173a6daa7b.jpg
CAM2_RGB_2024-08-19_01-55-00_jpg.rf.c664aff4774212ff4d6c092de63f6fc2.jpg,aproveitavel,-,977.24,74.42,72.01,640,360,,C:\projetopig\dataset\sows_farm\sows_farm_02.v2i.yolo26\test\images\CAM2_RGB_2024-08-19_01-55-00_jpg.rf.c664aff4774212ff4d6c092de63f6fc2.jpg
CAM2_RGB_2024-08-19_04-25-00_jpg.rf.b4a88cf88be8dd7eb7ea530aba67243e.jpg,aproveitavel,-,819.14,73.85,75.47,640,360,,C:\projetopig\dataset\sows_farm\sows_farm_02.v2i.yolo26\test\images\CAM2_RGB_2024-08-19_04-25-00_jpg.rf.b4a88cf88be8dd7eb7ea530aba67243e.jpg
CAM2_RGB_2024-08-19_05-55-00_jpg.rf.23f4fc6ef63fbaf17ab0d3c37ea89d17.jpg,aproveitavel,-,851.71,93.1,58.57,640,360,,C:\projetopig\dataset\sows_farm\sows_farm_02.v2i.yolo26\test\images\CAM2_RGB_2024-08-19_05-55-00_jpg.rf.23f4fc6ef63fbaf17ab0d3c37ea89d17.jpg
CAM2_RGB_2024-08-19_14-37-00_jpg.rf.1a0e874f5733299892e5728ad6393392.jpg,aproveitavel,-,754.88,102.2,64.95,640,360,,C:\projetopig\dataset\sows_farm\sows_farm_02.v2i.yolo26\test\images\CAM2_RGB_2024-08-19_14-37-00_jpg.rf.1a0e874f5733299892e5728ad6393392.jpg
CAM2_RGB_2024-08-19_19-07-00_jpg.rf.328d6bd141b7a8970480c235d2531675.jpg,aproveitavel,-,671.61,65.74,61.92,640,360,,C:\projetopig\dataset\sows_farm\sows_farm_02.v2i.yolo26\test\images\CAM2_RGB_2024-08-19_19-07-00_jpg.rf.328d6bd141b7a8970480c235d2531675.jpg
CAM2_RGB_2024-08-19_20-37-00_jpg.rf.791d2716c73b31480f035cf3b99096fc.jpg,aproveitavel,-,843.36,79.54,66.35,640,360,,C:\projetopig\dataset\sows_farm\sows_farm_02.v2i.yolo26\test\images\CAM2_RGB_2024-08-19_20-37-00_jpg.rf.791d2716c73b31480f035cf3b99096fc.jpg
CAM2_RGB_2024-08-19_22-07-00_jpg.rf.0d4ab7f066ee1d5eb559901f1ebead5d.jpg,aproveitavel,-,827.28,81.49,69.57,640,360,,C:\projetopig\dataset\sows_farm\sows_farm_02.v2i.yolo26\test\images\CAM2_RGB_2024-08-19_22-07-00_jpg.rf.0d4ab7f066ee1d5eb559901f1ebead5d.jpg
CAM2_RGB_2024-08-20_00-07-00_jpg.rf.a9937ba974f86ce4be22b9f0280375b6.jpg,aproveitavel,-,755.87,69.27,62.26,640,360,,C:\projetopig\dataset\sows_farm\sows_farm_02.v2i.yolo26\test\images\CAM2_RGB_2024-08-20_00-07-00_jpg.rf.a9937ba974f86ce4be22b9f0280375b6.jpg
CAM2_RGB_2024-08-20_04-07-00_jpg.rf.b26ac9d680bd2ef179996f305c05f7d5.jpg,aproveitavel,-,840.66,79.61,68.39,640,360,,C:\projetopig\dataset\sows_farm\sows_farm_02.v2i.yolo26\test\images\CAM2_RGB_2024-08-20_04-07-00_jpg.rf.b26ac9d680bd2ef179996f305c05f7d5.jpg
CAM2_RGB_2024-08-20_07-01-00_jpg.rf.ff8f963ba3be216a595d7a1f75e85809.jpg,aproveitavel,-,756.1,96.51,56.52,640,360,,C:\projetopig\dataset\sows_farm\sows_farm_02.v2i.yolo26\test\images\CAM2_RGB_2024-08-20_07-01-00_jpg.rf.ff8f963ba3be216a595d7a1f75e85809.jpg
CAM2_RGB_2024-08-20_13-07-59_jpg.rf.b30713bc2597c0fedf2994595beefa13.jpg,aproveitavel,-,756.69,107.26,60.14,640,360,,C:\projetopig\dataset\sows_farm\sows_farm_02.v2i.yolo26\test\images\CAM2_RGB_2024-08-20_13-07-59_jpg.rf.b30713bc2597c0fedf2994595beefa13.jpg
CAM2_RGB_2024-08-21_02-08-00_jpg.rf.ee8224f344c9b0e249e6d19d4e33df50.jpg,aproveitavel,-,235.54,46.42,33.37,640,360,,C:\projetopig\dataset\sows_farm\sows_farm_02.v2i.yolo26\test\images\CAM2_RGB_2024-08-21_02-08-00_jpg.rf.ee8224f344c9b0e249e6d19d4e33df50.jpg
CAM2_RGB_2024-08-21_03-38-00_jpg.rf.14233c71e3bf66e31ca8c4cda5d38e52.jpg,aproveitavel,-,223.48,46.3,33.54,640,360,,C:\projetopig\dataset\sows_farm\sows_farm_02.v2i.yolo26\test\images\CAM2_RGB_2024-08-21_03-38-00_jpg.rf.14233c71e3bf66e31ca8c4cda5d38e52.jpg
CAM2_RGB_2024-08-21_05-49-00_jpg.rf.7913c48541509362d0fc7abff1c6d666.jpg,aproveitavel,-,427.12,91.7,62.87,640,360,,C:\projetopig\dataset\sows_farm\sows_farm_02.v2i.yolo26\test\images\CAM2_RGB_2024-08-21_05-49-00_jpg.rf.7913c48541509362d0fc7abff1c6d666.jpg
CAM2_RGB_2024-08-21_06-44-00_jpg.rf.e14005d0215f59f459e8bfbf65b47218.jpg,aproveitavel,-,481.34,95.11,55.27,640,360,,C:\projetopig\dataset\sows_farm\sows_farm_02.v2i.yolo26\test\images\CAM2_RGB_2024-08-21_06-44-00_jpg.rf.e14005d0215f59f459e8bfbf65b47218.jpg
CAM2_RGB_2024-08-21_09-38-00_jpg.rf.65d029a1e10793d414cca893afe99ff4.jpg,aproveitavel,-,705.16,104.33,59.72,640,360,,C:\projetopig\dataset\sows_farm\sows_farm_02.v2i.yolo26\test\images\CAM2_RGB_2024-08-21_09-38-00_jpg.rf.65d029a1e10793d414cca893afe99ff4.jpg
CAM2_RGB_2024-08-21_16-08-00_jpg.rf.a9c192e03c4f2831de3b139a0292239a.jpg,aproveitavel,-,750.64,103.31,57.28,640,360,,C:\projetopig\dataset\sows_farm\sows_farm_02.v2i.yolo26\test\images\CAM2_RGB_2024-08-21_16-08-00_jpg.rf.a9c192e03c4f2831de3b139a0292239a.jpg
CAM2_RGB_2024-08-21_19-08-00_jpg.rf.4f7e75fd9e95eb7651ebf2de62cade9b.jpg,aproveitavel,-,636.22,94.33,60.49,640,360,,C:\projetopig\dataset\sows_farm\sows_farm_02.v2i.yolo26\test\images\CAM2_RGB_2024-08-21_19-08-00_jpg.rf.4f7e75fd9e95eb7651ebf2de62cade9b.jpg
CAM2_RGB_2024-08-22_00-38-00_jpg.rf.1cfc1a3caf0df075f59dca1ca3977d14.jpg,aproveitavel,-,644.92,78.75,69.69,640,360,,C:\projetopig\dataset\sows_farm\sows_farm_02.v2i.yolo26\test\images\CAM2_RGB_2024-08-22_00-38-00_jpg.rf.1cfc1a3caf0df075f59dca1ca3977d14.jpg
CAM2_RGB_2024-08-22_07-46-00_jpg.rf.4b0dde9a0e77238ba024dc798d5fb503.jpg,aproveitavel,-,665.8,103.22,55.14,640,360,,C:\projetopig\dataset\sows_farm\sows_farm_02.v2i.yolo26\test\images\CAM2_RGB_2024-08-22_07-46-00_jpg.rf.4b0dde9a0e77238ba024dc798d5fb503.jpg
CAM2_RGB_2024-08-22_08-08-00_jpg.rf.a70caaf0450f8cc33a8b95082022e16c.jpg,aproveitavel,-,776.59,105.02,54.59,640,360,,C:\projetopig\dataset\sows_farm\sows_farm_02.v2i.yolo26\test\images\CAM2_RGB_2024-08-22_08-08-00_jpg.rf.a70caaf0450f8cc33a8b95082022e16c.jpg
CAM2_RGB_2024-08-22_09-14-00_jpg.rf.bd1b11525dea78937384dc655f43fcb7.jpg,aproveitavel,-,658.01,102.53,58.23,640,360,,C:\projetopig\dataset\sows_farm\sows_farm_02.v2i.yolo26\test\images\CAM2_RGB_2024-08-22_09-14-00_jpg.rf.bd1b11525dea78937384dc655f43fcb7.jpg
CAM2_RGB_2024-08-22_12-08-00_jpg.rf.600941d96d3b2282a541e338af1e10de.jpg,aproveitavel,-,689.64,110.76,55.09,640,360,,C:\projetopig\dataset\sows_farm\sows_farm_02.v2i.yolo26\test\images\CAM2_RGB_2024-08-22_12-08-00_jpg.rf.600941d96d3b2282a541e338af1e10de.jpg
CAM2_RGB_2024-08-22_20-38-00_jpg.rf.d9be1eb0bf95b89b50fe2e6c7198469c.jpg,aproveitavel,-,671.98,94.8,61.53,640,360,,C:\projetopig\dataset\sows_farm\sows_farm_02.v2i.yolo26\test\images\CAM2_RGB_2024-08-22_20-38-00_jpg.rf.d9be1eb0bf95b89b50fe2e6c7198469c.jpg
CAM2_RGB_2024-08-22_21-38-00_jpg.rf.25daa942ab770d5d594d05b1dcd5c412.jpg,aproveitavel,-,850.74,92.12,56.52,640,360,,C:\projetopig\dataset\sows_farm\sows_farm_02.v2i.yolo26\test\images\CAM2_RGB_2024-08-22_21-38-00_jpg.rf.25daa942ab770d5d594d05b1dcd5c412.jpg
CAM2_RGB_2024-08-22_22-08-00_jpg.rf.50d16f21990c9bc5a0398bc6427e81c4.jpg,aproveitavel,-,832.39,93.76,58.69,640,360,,C:\projetopig\dataset\sows_farm\sows_farm_02.v2i.yolo26\test\images\CAM2_RGB_2024-08-22_22-08-00_jpg.rf.50d16f21990c9bc5a0398bc6427e81c4.jpg
CAM2_RGB_2024-08-22_23-08-00_jpg.rf.47dddd2be48ccf183176a77e17d23421.jpg,aproveitavel,-,923.73,72.46,70.2,640,360,,C:\projetopig\dataset\sows_farm\sows_farm_02.v2i.yolo26\test\images\CAM2_RGB_2024-08-22_23-08-00_jpg.rf.47dddd2be48ccf183176a77e17d23421.jpg
CAM2_RGB_2024-08-22_23-38-00_jpg.rf.04f85faf94369ed1f6fc6df31e2c735f.jpg,aproveitavel,-,932.14,75.01,72.41,640,360,,C:\projetopig\dataset\sows_farm\sows_farm_02.v2i.yolo26\test\images\CAM2_RGB_2024-08-22_23-38-00_jpg.rf.04f85faf94369ed1f6fc6df31e2c735f.jpg
CAM2_RGB_2024-08-23_10-08-00_jpg.rf.aacf4d8ffe99f366107b90de5cbfbb11.jpg,aproveitavel,-,597.12,103.27,62.79,640,360,,C:\projetopig\dataset\sows_farm\sows_farm_02.v2i.yolo26\test\images\CAM2_RGB_2024-08-23_10-08-00_jpg.rf.aacf4d8ffe99f366107b90de5cbfbb11.jpg
CAM2_RGB_2024-08-23_15-39-00_jpg.rf.cd6270be702b87d9ecfd5ebef198d09e.jpg,aproveitavel,-,807.89,105.48,59.25,640,360,,C:\projetopig\dataset\sows_farm\sows_farm_02.v2i.yolo26\test\images\CAM2_RGB_2024-08-23_15-39-00_jpg.rf.cd6270be702b87d9ecfd5ebef198d09e.jpg
CAM2_RGB_2024-08-23_17-09-00_jpg.rf.a10b30a1364d2a60ad8facc973253995.jpg,aproveitavel,-,865.33,102.75,58.95,640,360,,C:\projetopig\dataset\sows_farm\sows_farm_02.v2i.yolo26\test\images\CAM2_RGB_2024-08-23_17-09-00_jpg.rf.a10b30a1364d2a60ad8facc973253995.jpg
CAM2_RGB_2024-08-23_19-09-00_jpg.rf.23259d9299c05bed28ad03aaa2bd7e16.jpg,aproveitavel,-,589.78,93.12,54.09,640,360,,C:\projetopig\dataset\sows_farm\sows_farm_02.v2i.yolo26\test\images\CAM2_RGB_2024-08-23_19-09-00_jpg.rf.23259d9299c05bed28ad03aaa2bd7e16.jpg
CAM2_RGB_2024-08-24_04-09-00_jpg.rf.56d15613489a64665681f7f69b4d69fc.jpg,descartar,borrada;subexposta;baixo_contraste,26.48,21.69,17.38,640,360,,C:\projetopig\dataset\sows_farm\sows_farm_02.v2i.yolo26\test\images\CAM2_RGB_2024-08-24_04-09-00_jpg.rf.56d15613489a64665681f7f69b4d69fc.jpg
CAM2_RGB_2024-08-24_05-38-54_jpg.rf.2886749f81d8be7c98e80a878f8d41e9.jpg,descartar,borrada;subexposta,41.8,28.2,20.27,640,360,,C:\projetopig\dataset\sows_farm\sows_farm_02.v2i.yolo26\test\images\CAM2_RGB_2024-08-24_05-38-54_jpg.rf.2886749f81d8be7c98e80a878f8d41e9.jpg
CAM3_RGB_2024-08-16_17-28-00_jpg.rf.1a477e3f12c7846dad45b117216e98a2.jpg,aproveitavel,-,330.48,71.78,50.19,640,360,,C:\projetopig\dataset\sows_farm\sows_farm_02.v2i.yolo26\test\images\CAM3_RGB_2024-08-16_17-28-00_jpg.rf.1a477e3f12c7846dad45b117216e98a2.jpg
CAM3_RGB_2024-08-16_18-54-00_jpg.rf.63a6ff35938cc312125f515c23496725.jpg,aproveitavel,-,986.34,92.84,54.26,640,360,,C:\projetopig\dataset\sows_farm\sows_farm_02.v2i.yolo26\test\images\CAM3_RGB_2024-08-16_18-54-00_jpg.rf.63a6ff35938cc312125f515c23496725.jpg
CAM3_RGB_2024-08-22_13-11-00_jpg.rf.c0025632fd8c7860a9482a05ff8010fb.jpg,aproveitavel,-,876.95,108.19,45.91,640,360,,C:\projetopig\dataset\sows_farm\sows_farm_02.v2i.yolo26\test\images\CAM3_RGB_2024-08-22_13-11-00_jpg.rf.c0025632fd8c7860a9482a05ff8010fb.jpg
CAM3_RGB_2024-08-22_16-10-00_jpg.rf.beaf0e3f14e3c7617905ba857d93962b.jpg,aproveitavel,-,586.5,93.04,51.46,640,360,,C:\projetopig\dataset\sows_farm\sows_farm_02.v2i.yolo26\test\images\CAM3_RGB_2024-08-22_16-10-00_jpg.rf.beaf0e3f14e3c7617905ba857d93962b.jpg
CAM3_RGB_2024-08-22_17-11-00_jpg.rf.d3106843c4d6fcec600a8ff7104143b1.jpg,aproveitavel,-,931.25,100.07,47.47,640,360,,C:\projetopig\dataset\sows_farm\sows_farm_02.v2i.yolo26\test\images\CAM3_RGB_2024-08-22_17-11-00_jpg.rf.d3106843c4d6fcec600a8ff7104143b1.jpg
CAM3_RGB_2024-08-22_19-11-00_jpg.rf.6e4ca070c6db6055c345003cd2708a23.jpg,aproveitavel,-,1059.11,92.22,57.89,640,360,,C:\projetopig\dataset\sows_farm\sows_farm_02.v2i.yolo26\test\images\CAM3_RGB_2024-08-22_19-11-00_jpg.rf.6e4ca070c6db6055c345003cd2708a23.jpg
CAM3_RGB_2024-08-23_01-41-00_jpg.rf.f83f465b49c6f362779f78aa0efad1dc.jpg,aproveitavel,-,1007.23,88.07,66.39,640,360,,C:\projetopig\dataset\sows_farm\sows_farm_02.v2i.yolo26\test\images\CAM3_RGB_2024-08-23_01-41-00_jpg.rf.f83f465b49c6f362779f78aa0efad1dc.jpg
CAM3_RGB_2024-08-23_04-11-00_jpg.rf.210730001fd3b7d1b8fe4fe9058dc194.jpg,aproveitavel,-,945.27,88.6,61.59,640,360,,C:\projetopig\dataset\sows_farm\sows_farm_02.v2i.yolo26\test\images\CAM3_RGB_2024-08-23_04-11-00_jpg.rf.210730001fd3b7d1b8fe4fe9058dc194.jpg
CAM3_RGB_2024-08-23_04-12-00_jpg.rf.8774492873edf76f81b74c56086bc4fc.jpg,aproveitavel,-,933.87,89.11,61.44,640,360,,C:\projetopig\dataset\sows_farm\sows_farm_02.v2i.yolo26\test\images\CAM3_RGB_2024-08-23_04-12-00_jpg.rf.8774492873edf76f81b74c56086bc4fc.jpg
CAM3_RGB_2024-08-23_05-41-00_jpg.rf.2c14ad48a3a7ca8e41aaf465ffeb1e1b.jpg,aproveitavel,-,993.58,93.19,59.83,640,360,,C:\projetopig\dataset\sows_farm\sows_farm_02.v2i.yolo26\test\images\CAM3_RGB_2024-08-23_05-41-00_jpg.rf.2c14ad48a3a7ca8e41aaf465ffeb1e1b.jpg
CAM3_RGB_2024-08-23_09-11-00_jpg.rf.a57b8036738003f2e6ee6ab3e7385867.jpg,aproveitavel,-,1008.96,102.88,47.29,640,360,,C:\projetopig\dataset\sows_farm\sows_farm_02.v2i.yolo26\test\images\CAM3_RGB_2024-08-23_09-11-00_jpg.rf.a57b8036738003f2e6ee6ab3e7385867.jpg
CAM3_RGB_2024-08-23_11-11-00_jpg.rf.edf4adef047f75d641e2f363c32210e6.jpg,aproveitavel,-,1031.85,107.62,46.81,640,360,,C:\projetopig\dataset\sows_farm\sows_farm_02.v2i.yolo26\test\images\CAM3_RGB_2024-08-23_11-11-00_jpg.rf.edf4adef047f75d641e2f363c32210e6.jpg
CAM3_RGB_2024-08-24_04-42-00_jpg.rf.4dc206b523e2fbdbef4f10dde1f38842.jpg,aproveitavel,-,1187.42,93.09,60.75,640,360,,C:\projetopig\dataset\sows_farm\sows_farm_02.v2i.yolo26\test\images\CAM3_RGB_2024-08-24_04-42-00_jpg.rf.4dc206b523e2fbdbef4f10dde1f38842.jpg
CAM3_RGB_2024-08-24_16-42-00_jpg.rf.e01c88f5456056ccbe2c9a3056bccac3.jpg,aproveitavel,-,1038.51,105.28,44.64,640,360,,C:\projetopig\dataset\sows_farm\sows_farm_02.v2i.yolo26\test\images\CAM3_RGB_2024-08-24_16-42-00_jpg.rf.e01c88f5456056ccbe2c9a3056bccac3.jpg
CAM3_RGB_2024-08-24_17-09-00_jpg.rf.7730ba510dc7a72c61981186489ca73a.jpg,aproveitavel,-,1002.04,100.89,47.5,640,360,,C:\projetopig\dataset\sows_farm\sows_farm_02.v2i.yolo26\test\images\CAM3_RGB_2024-08-24_17-09-00_jpg.rf.7730ba510dc7a72c61981186489ca73a.jpg
CAM3_RGB_2024-08-24_17-42-00_jpg.rf.015c0ebbf50f7a2c6b06487eba570aa7.jpg,aproveitavel,-,998.75,96.38,49.31,640,360,,C:\projetopig\dataset\sows_farm\sows_farm_02.v2i.yolo26\test\images\CAM3_RGB_2024-08-24_17-42-00_jpg.rf.015c0ebbf50f7a2c6b06487eba570aa7.jpg
CAM3_RGB_2024-08-24_18-12-00_jpg.rf.d083c919a9e23eed1de6a3bc398b3cb6.jpg,aproveitavel,-,1143.75,89.87,56.94,640,360,,C:\projetopig\dataset\sows_farm\sows_farm_02.v2i.yolo26\test\images\CAM3_RGB_2024-08-24_18-12-00_jpg.rf.d083c919a9e23eed1de6a3bc398b3cb6.jpg
CAM3_RGB_2024-08-30_18-04-00_jpg.rf.4d7ffed2d504bf3e622a3b10610145c2.jpg,aproveitavel,-,666.12,88.69,67.49,640,360,,C:\projetopig\dataset\sows_farm\sows_farm_02.v2i.yolo26\test\images\CAM3_RGB_2024-08-30_18-04-00_jpg.rf.4d7ffed2d504bf3e622a3b10610145c2.jpg
CAM3_RGB_2024-08-30_21-59-00_jpg.rf.388399f0913a077be0eb3db079fac54c.jpg,aproveitavel,-,745.82,94.65,55.96,640,360,,C:\projetopig\dataset\sows_farm\sows_farm_02.v2i.yolo26\test\images\CAM3_RGB_2024-08-30_21-59-00_jpg.rf.388399f0913a077be0eb3db079fac54c.jpg
CAM1_RGB_2024-08-15_08-43-00_jpg.rf.e5741276cf6e172af259d333d68714e2.jpg,aproveitavel,-,871.69,99.31,57.8,640,360,,C:\projetopig\dataset\sows_farm\sows_farm_02.v2i.yolo26\train\images\CAM1_RGB_2024-08-15_08-43-00_jpg.rf.e5741276cf6e172af259d333d68714e2.jpg
CAM1_RGB_2024-08-15_09-17-00_jpg.rf.8468a662d1a53e8c50985aba0bbba02f.jpg,aproveitavel,-,822.53,94.49,66.79,640,360,,C:\projetopig\dataset\sows_farm\sows_farm_02.v2i.yolo26\train\images\CAM1_RGB_2024-08-15_09-17-00_jpg.rf.8468a662d1a53e8c50985aba0bbba02f.jpg
CAM1_RGB_2024-08-15_09-47-00_jpg.rf.e3262852bb136fc22ca672aaa91c848f.jpg,aproveitavel,-,736.48,95.61,67.83,640,360,,C:\projetopig\dataset\sows_farm\sows_farm_02.v2i.yolo26\train\images\CAM1_RGB_2024-08-15_09-47-00_jpg.rf.e3262852bb136fc22ca672aaa91c848f.jpg
CAM1_RGB_2024-08-15_10-17-00_jpg.rf.644e60a8f42ea0e58916cf12fac3bdd5.jpg,aproveitavel,-,742.37,93.39,67.35,640,360,,C:\projetopig\dataset\sows_farm\sows_farm_02.v2i.yolo26\train\images\CAM1_RGB_2024-08-15_10-17-00_jpg.rf.644e60a8f42ea0e58916cf12fac3bdd5.jpg
CAM1_RGB_2024-08-15_11-47-00_jpg.rf.58760b77116f8a6d23f85c8bad190de4.jpg,aproveitavel,-,806.97,97.04,57.78,640,360,,C:\projetopig\dataset\sows_farm\sows_farm_02.v2i.yolo26\train\images\CAM1_RGB_2024-08-15_11-47-00_jpg.rf.58760b77116f8a6d23f85c8bad190de4.jpg
CAM1_RGB_2024-08-15_12-47-00_jpg.rf.737bbb2511df387c1e03a8dccbcba3ca.jpg,aproveitavel,-,854.71,96.9,59.71,640,360,,C:\projetopig\dataset\sows_farm\sows_farm_02.v2i.yolo26\train\images\CAM1_RGB_2024-08-15_12-47-00_jpg.rf.737bbb2511df387c1e03a8dccbcba3ca.jpg
CAM1_RGB_2024-08-15_13-48-00_jpg.rf.aa2699130fcd170255886610d0aff576.jpg,aproveitavel,-,922.05,99.37,60.33,640,360,,C:\projetopig\dataset\sows_farm\sows_farm_02.v2i.yolo26\train\images\CAM1_RGB_2024-08-15_13-48-00_jpg.rf.aa2699130fcd170255886610d0aff576.jpg
CAM1_RGB_2024-08-15_14-18-00_jpg.rf.faa84d7e183308fd5f8c84a9071acea5.jpg,aproveitavel,-,928.36,102.43,59.33,640,360,,C:\projetopig\dataset\sows_farm\sows_farm_02.v2i.yolo26\train\images\CAM1_RGB_2024-08-15_14-18-00_jpg.rf.faa84d7e183308fd5f8c84a9071acea5.jpg
CAM1_RGB_2024-08-16_09-02-00_jpg.rf.336277b9084d9cfcc0f3ca5c62753153.jpg,aproveitavel,-,768.78,95.99,59.98,640,360,,C:\projetopig\dataset\sows_farm\sows_farm_02.v2i.yolo26\train\images\CAM1_RGB_2024-08-16_09-02-00_jpg.rf.336277b9084d9cfcc0f3ca5c62753153.jpg
CAM1_RGB_2024-08-16_09-31-59_jpg.rf.a3ea1e549e2cc9a84cfb8d3f6ee0746d.jpg,aproveitavel,-,784.14,95.17,63.28,640,360,,C:\projetopig\dataset\sows_farm\sows_farm_02.v2i.yolo26\train\images\CAM1_RGB_2024-08-16_09-31-59_jpg.rf.a3ea1e549e2cc9a84cfb8d3f6ee0746d.jpg
CAM1_RGB_2024-08-16_10-31-59_jpg.rf.2de7f4dfe5f4389f2125ca5ca51c8bb5.jpg,aproveitavel,-,839.26,103.29,56.76,640,360,,C:\projetopig\dataset\sows_farm\sows_farm_02.v2i.yolo26\train\images\CAM1_RGB_2024-08-16_10-31-59_jpg.rf.2de7f4dfe5f4389f2125ca5ca51c8bb5.jpg
CAM1_RGB_2024-08-16_11-32-00_jpg.rf.3245f59943d0eb95cbf102a42d96cc52.jpg,aproveitavel,-,863.21,98.21,57.24,640,360,,C:\projetopig\dataset\sows_farm\sows_farm_02.v2i.yolo26\train\images\CAM1_RGB_2024-08-16_11-32-00_jpg.rf.3245f59943d0eb95cbf102a42d96cc52.jpg
CAM1_RGB_2024-08-16_11-37-00_jpg.rf.cf3f4ee27f2cd0b8f44d9acd3b7e7696.jpg,aproveitavel,-,731.59,98.56,60.11,640,360,,C:\projetopig\dataset\sows_farm\sows_farm_02.v2i.yolo26\train\images\CAM1_RGB_2024-08-16_11-37-00_jpg.rf.cf3f4ee27f2cd0b8f44d9acd3b7e7696.jpg
CAM1_RGB_2024-08-16_11-38-00_jpg.rf.a2912df938bf7c81b046c83a864b671e.jpg,descartar,duplicata,801.19,99.09,59.04,640,360,CAM1_RGB_2024-08-16_11-37-00_jpg.rf.cf3f4ee27f2cd0b8f44d9acd3b7e7696.jpg,C:\projetopig\dataset\sows_farm\sows_farm_02.v2i.yolo26\train\images\CAM1_RGB_2024-08-16_11-38-00_jpg.rf.a2912df938bf7c81b046c83a864b671e.jpg
CAM1_RGB_2024-08-16_12-01-53_jpg.rf.441dddf2ea1de9bf4486fc8ae4a7f8d1.jpg,aproveitavel,-,736.01,102.56,61.36,640,360,,C:\projetopig\dataset\sows_farm\sows_farm_02.v2i.yolo26\train\images\CAM1_RGB_2024-08-16_12-01-53_jpg.rf.441dddf2ea1de9bf4486fc8ae4a7f8d1.jpg
CAM1_RGB_2024-08-16_13-01-59_jpg.rf.99ca8711d5b27a825a4496bf9df80029.jpg,aproveitavel,-,886.83,101.33,55.83,640,360,,C:\projetopig\dataset\sows_farm\sows_farm_02.v2i.yolo26\train\images\CAM1_RGB_2024-08-16_13-01-59_jpg.rf.99ca8711d5b27a825a4496bf9df80029.jpg
CAM1_RGB_2024-08-16_13-04-00_jpg.rf.18ce63c15e8e35ba89506a8b49a6de0f.jpg,aproveitavel,-,633.72,96.87,56.1,640,360,,C:\projetopig\dataset\sows_farm\sows_farm_02.v2i.yolo26\train\images\CAM1_RGB_2024-08-16_13-04-00_jpg.rf.18ce63c15e8e35ba89506a8b49a6de0f.jpg
CAM1_RGB_2024-08-16_14-02-00_jpg.rf.ff19880c118851536d79e3fd9e9432f1.jpg,aproveitavel,-,549.77,92.17,61.92,640,360,,C:\projetopig\dataset\sows_farm\sows_farm_02.v2i.yolo26\train\images\CAM1_RGB_2024-08-16_14-02-00_jpg.rf.ff19880c118851536d79e3fd9e9432f1.jpg
CAM1_RGB_2024-08-16_14-32-00_jpg.rf.ceb28d332e7bfcc19cd4b99878584e34.jpg,aproveitavel,-,616.93,93.73,59.97,640,360,,C:\projetopig\dataset\sows_farm\sows_farm_02.v2i.yolo26\train\images\CAM1_RGB_2024-08-16_14-32-00_jpg.rf.ceb28d332e7bfcc19cd4b99878584e34.jpg
CAM1_RGB_2024-08-16_14-51-00_jpg.rf.4fd1f0b94c4903ef32f352c01209ef69.jpg,aproveitavel,-,619.72,90.93,61.19,640,360,,C:\projetopig\dataset\sows_farm\sows_farm_02.v2i.yolo26\train\images\CAM1_RGB_2024-08-16_14-51-00_jpg.rf.4fd1f0b94c4903ef32f352c01209ef69.jpg
CAM1_RGB_2024-08-16_14-52-00_jpg.rf.daa2d7465f3aeb2dde495bf4c9e98565.jpg,aproveitavel,-,587.53,94.79,61.02,640,360,,C:\projetopig\dataset\sows_farm\sows_farm_02.v2i.yolo26\train\images\CAM1_RGB_2024-08-16_14-52-00_jpg.rf.daa2d7465f3aeb2dde495bf4c9e98565.jpg
CAM1_RGB_2024-08-16_15-02-00_jpg.rf.5fdf17b5fbc18f4536eee79c2f65d2ee.jpg,aproveitavel,-,750.37,89.78,63.22,640,360,,C:\projetopig\dataset\sows_farm\sows_farm_02.v2i.yolo26\train\images\CAM1_RGB_2024-08-16_15-02-00_jpg.rf.5fdf17b5fbc18f4536eee79c2f65d2ee.jpg
CAM1_RGB_2024-08-16_15-32-00_jpg.rf.97ca09a9cfc34a60e5987b38388d2732.jpg,aproveitavel,-,763.99,97.33,64.0,640,360,,C:\projetopig\dataset\sows_farm\sows_farm_02.v2i.yolo26\train\images\CAM1_RGB_2024-08-16_15-32-00_jpg.rf.97ca09a9cfc34a60e5987b38388d2732.jpg
CAM1_RGB_2024-08-16_16-02-00_jpg.rf.aded645269ed968ac382ce94daee3dba.jpg,aproveitavel,-,761.32,98.51,61.04,640,360,,C:\projetopig\dataset\sows_farm\sows_farm_02.v2i.yolo26\train\images\CAM1_RGB_2024-08-16_16-02-00_jpg.rf.aded645269ed968ac382ce94daee3dba.jpg
CAM1_RGB_2024-08-16_17-02-00_jpg.rf.f5e2f5b74723bcd9247ca1f1583db100.jpg,aproveitavel,-,610.33,90.78,68.92,640,360,,C:\projetopig\dataset\sows_farm\sows_farm_02.v2i.yolo26\train\images\CAM1_RGB_2024-08-16_17-02-00_jpg.rf.f5e2f5b74723bcd9247ca1f1583db100.jpg
CAM1_RGB_2024-08-16_17-14-57_jpg.rf.904a8b0de269eb2d9ef742f11045f5ff.jpg,aproveitavel,-,709.84,86.8,63.75,640,360,,C:\projetopig\dataset\sows_farm\sows_farm_02.v2i.yolo26\train\images\CAM1_RGB_2024-08-16_17-14-57_jpg.rf.904a8b0de269eb2d9ef742f11045f5ff.jpg
CAM1_RGB_2024-08-16_17-32-00_jpg.rf.a8a3debf643d0979bcd662a5ad234985.jpg,aproveitavel,-,962.05,85.87,64.45,640,360,,C:\projetopig\dataset\sows_farm\sows_farm_02.v2i.yolo26\train\images\CAM1_RGB_2024-08-16_17-32-00_jpg.rf.a8a3debf643d0979bcd662a5ad234985.jpg
CAM1_RGB_2024-08-16_18-02-00_jpg.rf.d6445f0d24ba5f755930ab8691ac29a7.jpg,aproveitavel,-,858.52,95.38,60.23,640,360,,C:\projetopig\dataset\sows_farm\sows_farm_02.v2i.yolo26\train\images\CAM1_RGB_2024-08-16_18-02-00_jpg.rf.d6445f0d24ba5f755930ab8691ac29a7.jpg
CAM1_RGB_2024-08-16_18-32-00_jpg.rf.80f8c95e0b0dc2354cf7fdf6bc784409.jpg,aproveitavel,-,923.96,92.58,62.25,640,360,,C:\projetopig\dataset\sows_farm\sows_farm_02.v2i.yolo26\train\images\CAM1_RGB_2024-08-16_18-32-00_jpg.rf.80f8c95e0b0dc2354cf7fdf6bc784409.jpg
CAM1_RGB_2024-08-16_19-32-00_jpg.rf.766f24043d672978d3ba50aeaa445493.jpg,aproveitavel,-,876.0,95.35,60.05,640,360,,C:\projetopig\dataset\sows_farm\sows_farm_02.v2i.yolo26\train\images\CAM1_RGB_2024-08-16_19-32-00_jpg.rf.766f24043d672978d3ba50aeaa445493.jpg
CAM1_RGB_2024-08-16_20-01-56_jpg.rf.0f509ec5fb25567e2e56205482f28618.jpg,aproveitavel,-,850.99,94.88,59.46,640,360,,C:\projetopig\dataset\sows_farm\sows_farm_02.v2i.yolo26\train\images\CAM1_RGB_2024-08-16_20-01-56_jpg.rf.0f509ec5fb25567e2e56205482f28618.jpg
CAM1_RGB_2024-08-16_20-32-00_jpg.rf.a0beedc46302ce9a06b8999a58e5a2ab.jpg,aproveitavel,-,844.29,94.93,59.37,640,360,,C:\projetopig\dataset\sows_farm\sows_farm_02.v2i.yolo26\train\images\CAM1_RGB_2024-08-16_20-32-00_jpg.rf.a0beedc46302ce9a06b8999a58e5a2ab.jpg
CAM1_RGB_2024-08-16_21-02-00_jpg.rf.49ece1048a24a5db19c727b4413b9bbe.jpg,aproveitavel,-,870.32,95.36,58.87,640,360,,C:\projetopig\dataset\sows_farm\sows_farm_02.v2i.yolo26\train\images\CAM1_RGB_2024-08-16_21-02-00_jpg.rf.49ece1048a24a5db19c727b4413b9bbe.jpg
CAM1_RGB_2024-08-16_21-32-00_jpg.rf.1941231794f4f0f4f7777f9b32c9e2ca.jpg,aproveitavel,-,869.0,95.27,58.24,640,360,,C:\projetopig\dataset\sows_farm\sows_farm_02.v2i.yolo26\train\images\CAM1_RGB_2024-08-16_21-32-00_jpg.rf.1941231794f4f0f4f7777f9b32c9e2ca.jpg
CAM1_RGB_2024-08-16_23-01-55_jpg.rf.c2dfe047566d775656b53f35f937b072.jpg,aproveitavel,-,815.43,66.31,58.39,640,360,,C:\projetopig\dataset\sows_farm\sows_farm_02.v2i.yolo26\train\images\CAM1_RGB_2024-08-16_23-01-55_jpg.rf.c2dfe047566d775656b53f35f937b072.jpg
CAM1_RGB_2024-08-16_23-32-00_jpg.rf.f1cb14e929981e6bbbcd8dacaa047765.jpg,aproveitavel,-,889.02,71.31,61.71,640,360,,C:\projetopig\dataset\sows_farm\sows_farm_02.v2i.yolo26\train\images\CAM1_RGB_2024-08-16_23-32-00_jpg.rf.f1cb14e929981e6bbbcd8dacaa047765.jpg
CAM1_RGB_2024-08-17_00-33-00_jpg.rf.4cb8de0f80f7b65a54e4249ee3162f65.jpg,aproveitavel,-,789.06,70.54,61.87,640,360,,C:\projetopig\dataset\sows_farm\sows_farm_02.v2i.yolo26\train\images\CAM1_RGB_2024-08-17_00-33-00_jpg.rf.4cb8de0f80f7b65a54e4249ee3162f65.jpg
CAM1_RGB_2024-08-17_01-03-00_jpg.rf.8127b25e1fd68e21dc7abb34a9ea75a5.jpg,aproveitavel,-,978.93,87.36,67.79,640,360,,C:\projetopig\dataset\sows_farm\sows_farm_02.v2i.yolo26\train\images\CAM1_RGB_2024-08-17_01-03-00_jpg.rf.8127b25e1fd68e21dc7abb34a9ea75a5.jpg
CAM1_RGB_2024-08-17_01-33-00_jpg.rf.91c6c60f1ab8642390cd25b89f1d7552.jpg,aproveitavel,-,1008.23,86.61,69.94,640,360,,C:\projetopig\dataset\sows_farm\sows_farm_02.v2i.yolo26\train\images\CAM1_RGB_2024-08-17_01-33-00_jpg.rf.91c6c60f1ab8642390cd25b89f1d7552.jpg
CAM1_RGB_2024-08-17_02-03-00_jpg.rf.2c42794361de6268ed652da21d42015b.jpg,aproveitavel,-,947.92,83.3,70.51,640,360,,C:\projetopig\dataset\sows_farm\sows_farm_02.v2i.yolo26\train\images\CAM1_RGB_2024-08-17_02-03-00_jpg.rf.2c42794361de6268ed652da21d42015b.jpg
CAM1_RGB_2024-08-17_02-33-00_jpg.rf.00c7c2dab7467d0dbabaee644a0a3ff4.jpg,aproveitavel,-,867.48,83.73,76.08,640,360,,C:\projetopig\dataset\sows_farm\sows_farm_02.v2i.yolo26\train\images\CAM1_RGB_2024-08-17_02-33-00_jpg.rf.00c7c2dab7467d0dbabaee644a0a3ff4.jpg
CAM1_RGB_2024-08-17_02-51-00_jpg.rf.e9699fdd8bcc8674a0accb83bf8da2d8.jpg,aproveitavel,-,860.59,64.87,58.78,640,360,,C:\projetopig\dataset\sows_farm\sows_farm_02.v2i.yolo26\train\images\CAM1_RGB_2024-08-17_02-51-00_jpg.rf.e9699fdd8bcc8674a0accb83bf8da2d8.jpg
CAM1_RGB_2024-08-17_02-52-00_jpg.rf.280534b3763a57b390373cc20dc9316b.jpg,aproveitavel,-,835.05,64.31,60.54,640,360,,C:\projetopig\dataset\sows_farm\sows_farm_02.v2i.yolo26\train\images\CAM1_RGB_2024-08-17_02-52-00_jpg.rf.280534b3763a57b390373cc20dc9316b.jpg
CAM1_RGB_2024-08-17_03-00-00_jpg.rf.3a995279a95c00f1f7a89d55a32b1e61.jpg,aproveitavel,-,990.85,78.79,57.08,640,360,,C:\projetopig\dataset\sows_farm\sows_farm_02.v2i.yolo26\train\images\CAM1_RGB_2024-08-17_03-00-00_jpg.rf.3a995279a95c00f1f7a89d55a32b1e61.jpg
CAM1_RGB_2024-08-17_03-03-00_jpg.rf.63f0bef0b6b266c3d015970bbf21f7ca.jpg,aproveitavel,-,983.25,75.3,56.3,640,360,,C:\projetopig\dataset\sows_farm\sows_farm_02.v2i.yolo26\train\images\CAM1_RGB_2024-08-17_03-03-00_jpg.rf.63f0bef0b6b266c3d015970bbf21f7ca.jpg
CAM1_RGB_2024-08-17_03-33-00_jpg.rf.b1f14aa8183688ee46944fd39d7ce644.jpg,aproveitavel,-,778.2,72.24,64.45,640,360,,C:\projetopig\dataset\sows_farm\sows_farm_02.v2i.yolo26\train\images\CAM1_RGB_2024-08-17_03-33-00_jpg.rf.b1f14aa8183688ee46944fd39d7ce644.jpg
CAM1_RGB_2024-08-17_04-03-00_jpg.rf.b170f6600d764bd4b9e393e19f60e39e.jpg,aproveitavel,-,952.18,83.77,71.03,640,360,,C:\projetopig\dataset\sows_farm\sows_farm_02.v2i.yolo26\train\images\CAM1_RGB_2024-08-17_04-03-00_jpg.rf.b170f6600d764bd4b9e393e19f60e39e.jpg
CAM1_RGB_2024-08-17_04-33-00_jpg.rf.8f403800eee2431c1d3d3fe606495552.jpg,aproveitavel,-,1014.58,79.05,67.72,640,360,,C:\projetopig\dataset\sows_farm\sows_farm_02.v2i.yolo26\train\images\CAM1_RGB_2024-08-17_04-33-00_jpg.rf.8f403800eee2431c1d3d3fe606495552.jpg
CAM1_RGB_2024-08-17_05-03-00_jpg.rf.97033020a5c15aad8e567d9673920ba7.jpg,aproveitavel,-,977.43,80.67,69.03,640,360,,C:\projetopig\dataset\sows_farm\sows_farm_02.v2i.yolo26\train\images\CAM1_RGB_2024-08-17_05-03-00_jpg.rf.97033020a5c15aad8e567d9673920ba7.jpg
CAM1_RGB_2024-08-17_05-33-00_jpg.rf.ea86c433114165aaeab54dd2d1be088b.jpg,aproveitavel,-,833.94,75.94,60.28,640,360,,C:\projetopig\dataset\sows_farm\sows_farm_02.v2i.yolo26\train\images\CAM1_RGB_2024-08-17_05-33-00_jpg.rf.ea86c433114165aaeab54dd2d1be088b.jpg
CAM1_RGB_2024-08-17_06-33-00_jpg.rf.1bb06463bbc69e6cd7e85d40574d7055.jpg,aproveitavel,-,881.31,83.61,64.39,640,360,,C:\projetopig\dataset\sows_farm\sows_farm_02.v2i.yolo26\train\images\CAM1_RGB_2024-08-17_06-33-00_jpg.rf.1bb06463bbc69e6cd7e85d40574d7055.jpg
CAM1_RGB_2024-08-17_07-03-00_jpg.rf.fe41e7f8f679735fa15be5e14bf3cc2d.jpg,aproveitavel,-,844.91,86.85,61.97,640,360,,C:\projetopig\dataset\sows_farm\sows_farm_02.v2i.yolo26\train\images\CAM1_RGB_2024-08-17_07-03-00_jpg.rf.fe41e7f8f679735fa15be5e14bf3cc2d.jpg
CAM1_RGB_2024-08-17_07-33-00_jpg.rf.cf94dcd5d957bec9befd2ae6d83b6bf1.jpg,aproveitavel,-,807.71,88.68,59.78,640,360,,C:\projetopig\dataset\sows_farm\sows_farm_02.v2i.yolo26\train\images\CAM1_RGB_2024-08-17_07-33-00_jpg.rf.cf94dcd5d957bec9befd2ae6d83b6bf1.jpg
CAM1_RGB_2024-08-17_08-02-59_jpg.rf.08d4ebbfc610490de74914041295d13a.jpg,aproveitavel,-,668.91,90.12,67.34,640,360,,C:\projetopig\dataset\sows_farm\sows_farm_02.v2i.yolo26\train\images\CAM1_RGB_2024-08-17_08-02-59_jpg.rf.08d4ebbfc610490de74914041295d13a.jpg
CAM1_RGB_2024-08-17_08-09-00_jpg.rf.ae3e6981a2165e8016e4890e087401e1.jpg,aproveitavel,-,766.36,92.7,58.77,640,360,,C:\projetopig\dataset\sows_farm\sows_farm_02.v2i.yolo26\train\images\CAM1_RGB_2024-08-17_08-09-00_jpg.rf.ae3e6981a2165e8016e4890e087401e1.jpg
CAM1_RGB_2024-08-17_08-11-00_jpg.rf.67ed78e66b0cb101b08df511651c3616.jpg,aproveitavel,-,782.1,93.41,58.35,640,360,,C:\projetopig\dataset\sows_farm\sows_farm_02.v2i.yolo26\train\images\CAM1_RGB_2024-08-17_08-11-00_jpg.rf.67ed78e66b0cb101b08df511651c3616.jpg
CAM1_RGB_2024-08-17_08-13-00_jpg.rf.ff1124ea3fd2d22161c4a2beaee3a38e.jpg,aproveitavel,-,784.42,93.94,58.2,640,360,,C:\projetopig\dataset\sows_farm\sows_farm_02.v2i.yolo26\train\images\CAM1_RGB_2024-08-17_08-13-00_jpg.rf.ff1124ea3fd2d22161c4a2beaee3a38e.jpg
CAM1_RGB_2024-08-17_08-13-59_jpg.rf.94e3d23ae6904dc7a73018a8294333b5.jpg,descartar,duplicata,786.35,94.73,58.15,640,360,CAM1_RGB_2024-08-17_08-13-00_jpg.rf.ff1124ea3fd2d22161c4a2beaee3a38e.jpg,C:\projetopig\dataset\sows_farm\sows_farm_02.v2i.yolo26\train\images\CAM1_RGB_2024-08-17_08-13-59_jpg.rf.94e3d23ae6904dc7a73018a8294333b5.jpg
CAM1_RGB_2024-08-17_08-15-00_jpg.rf.d15e2ca383208ce9259e0049d850e6ee.jpg,aproveitavel,-,795.0,95.3,59.05,640,360,,C:\projetopig\dataset\sows_farm\sows_farm_02.v2i.yolo26\train\images\CAM1_RGB_2024-08-17_08-15-00_jpg.rf.d15e2ca383208ce9259e0049d850e6ee.jpg
CAM1_RGB_2024-08-17_08-20-00_jpg.rf.a2c709989e2eaf8f131c39021f28c1f1.jpg,aproveitavel,-,776.08,97.06,59.41,640,360,,C:\projetopig\dataset\sows_farm\sows_farm_02.v2i.yolo26\train\images\CAM1_RGB_2024-08-17_08-20-00_jpg.rf.a2c709989e2eaf8f131c39021f28c1f1.jpg
CAM1_RGB_2024-08-17_08-22-00_jpg.rf.fd7638b12650edcdc24a1507a13be791.jpg,descartar,duplicata,766.27,96.38,59.25,640,360,CAM1_RGB_2024-08-17_08-20-00_jpg.rf.a2c709989e2eaf8f131c39021f28c1f1.jpg,C:\projetopig\dataset\sows_farm\sows_farm_02.v2i.yolo26\train\images\CAM1_RGB_2024-08-17_08-22-00_jpg.rf.fd7638b12650edcdc24a1507a13be791.jpg
CAM1_RGB_2024-08-17_08-23-59_jpg.rf.2d4c7e36bdde2cd65c2de096466ff208.jpg,aproveitavel,-,740.7,96.15,59.32,640,360,,C:\projetopig\dataset\sows_farm\sows_farm_02.v2i.yolo26\train\images\CAM1_RGB_2024-08-17_08-23-59_jpg.rf.2d4c7e36bdde2cd65c2de096466ff208.jpg
CAM1_RGB_2024-08-17_08-33-00_jpg.rf.541f5144c6a643a43a3b3a127d9c8a71.jpg,aproveitavel,-,851.32,97.94,57.6,640,360,,C:\projetopig\dataset\sows_farm\sows_farm_02.v2i.yolo26\train\images\CAM1_RGB_2024-08-17_08-33-00_jpg.rf.541f5144c6a643a43a3b3a127d9c8a71.jpg
CAM1_RGB_2024-08-17_09-03-00_jpg.rf.e2507770d111a7f07e334fd96798f29b.jpg,aproveitavel,-,816.42,96.5,56.94,640,360,,C:\projetopig\dataset\sows_farm\sows_farm_02.v2i.yolo26\train\images\CAM1_RGB_2024-08-17_09-03-00_jpg.rf.e2507770d111a7f07e334fd96798f29b.jpg
CAM1_RGB_2024-08-17_09-26-00_jpg.rf.6c40273c340ebafa320e98538b51ff55.jpg,aproveitavel,-,397.68,89.92,65.19,640,360,,C:\projetopig\dataset\sows_farm\sows_farm_02.v2i.yolo26\train\images\CAM1_RGB_2024-08-17_09-26-00_jpg.rf.6c40273c340ebafa320e98538b51ff55.jpg
CAM1_RGB_2024-08-17_09-30-00_jpg.rf.1ad0413d29c202ad1627a49bc0cda68c.jpg,aproveitavel,-,435.15,91.72,65.85,640,360,,C:\projetopig\dataset\sows_farm\sows_farm_02.v2i.yolo26\train\images\CAM1_RGB_2024-08-17_09-30-00_jpg.rf.1ad0413d29c202ad1627a49bc0cda68c.jpg
CAM1_RGB_2024-08-17_09-33-00_jpg.rf.18c181191dfc42fd6d25e7bfd4ad0843.jpg,aproveitavel,-,461.24,87.96,62.62,640,360,,C:\projetopig\dataset\sows_farm\sows_farm_02.v2i.yolo26\train\images\CAM1_RGB_2024-08-17_09-33-00_jpg.rf.18c181191dfc42fd6d25e7bfd4ad0843.jpg
CAM1_RGB_2024-08-17_09-35-00_jpg.rf.840e77fb4830f53db34e1f9b612b23ff.jpg,aproveitavel,-,432.58,86.38,61.41,640,360,,C:\projetopig\dataset\sows_farm\sows_farm_02.v2i.yolo26\train\images\CAM1_RGB_2024-08-17_09-35-00_jpg.rf.840e77fb4830f53db34e1f9b612b23ff.jpg
CAM1_RGB_2024-08-17_10-03-00_jpg.rf.b082155f685e20d6f31783b32589ccbc.jpg,aproveitavel,-,580.46,97.25,56.04,640,360,,C:\projetopig\dataset\sows_farm\sows_farm_02.v2i.yolo26\train\images\CAM1_RGB_2024-08-17_10-03-00_jpg.rf.b082155f685e20d6f31783b32589ccbc.jpg
CAM1_RGB_2024-08-17_10-33-00_jpg.rf.5f1468ca0796cc3eec92e4be343cd818.jpg,aproveitavel,-,697.31,99.91,56.33,640,360,,C:\projetopig\dataset\sows_farm\sows_farm_02.v2i.yolo26\train\images\CAM1_RGB_2024-08-17_10-33-00_jpg.rf.5f1468ca0796cc3eec92e4be343cd818.jpg
CAM1_RGB_2024-08-17_12-03-00_jpg.rf.3afafdc06f63a43f2567ec29f1c3bf38.jpg,aproveitavel,-,449.98,86.76,70.51,640,360,,C:\projetopig\dataset\sows_farm\sows_farm_02.v2i.yolo26\train\images\CAM1_RGB_2024-08-17_12-03-00_jpg.rf.3afafdc06f63a43f2567ec29f1c3bf38.jpg
CAM1_RGB_2024-08-17_12-09-59_jpg.rf.931acb2d9abac700c799ccb72534e44f.jpg,aproveitavel,-,541.53,91.74,63.6,640,360,,C:\projetopig\dataset\sows_farm\sows_farm_02.v2i.yolo26\train\images\CAM1_RGB_2024-08-17_12-09-59_jpg.rf.931acb2d9abac700c799ccb72534e44f.jpg
CAM1_RGB_2024-08-17_12-27-00_jpg.rf.2b5e6591733fc30f83203042231b7772.jpg,aproveitavel,-,578.27,92.59,59.5,640,360,,C:\projetopig\dataset\sows_farm\sows_farm_02.v2i.yolo26\train\images\CAM1_RGB_2024-08-17_12-27-00_jpg.rf.2b5e6591733fc30f83203042231b7772.jpg
CAM1_RGB_2024-08-17_13-03-00_jpg.rf.df81fbade97fa85723f66d54a579b61b.jpg,aproveitavel,-,580.69,89.54,58.33,640,360,,C:\projetopig\dataset\sows_farm\sows_farm_02.v2i.yolo26\train\images\CAM1_RGB_2024-08-17_13-03-00_jpg.rf.df81fbade97fa85723f66d54a579b61b.jpg
CAM1_RGB_2024-08-17_13-33-00_jpg.rf.0421c50ae42438b67c78f750383591b7.jpg,aproveitavel,-,631.78,102.32,61.79,640,360,,C:\projetopig\dataset\sows_farm\sows_farm_02.v2i.yolo26\train\images\CAM1_RGB_2024-08-17_13-33-00_jpg.rf.0421c50ae42438b67c78f750383591b7.jpg
CAM1_RGB_2024-08-17_13-37-00_jpg.rf.072324081e6a053bdb9ba42dcaf0f267.jpg,aproveitavel,-,658.0,99.11,59.53,640,360,,C:\projetopig\dataset\sows_farm\sows_farm_02.v2i.yolo26\train\images\CAM1_RGB_2024-08-17_13-37-00_jpg.rf.072324081e6a053bdb9ba42dcaf0f267.jpg
CAM1_RGB_2024-08-17_13-38-00_jpg.rf.c23f37318ebc0f97e99ddb1026343731.jpg,aproveitavel,-,656.26,99.1,58.2,640,360,,C:\projetopig\dataset\sows_farm\sows_farm_02.v2i.yolo26\train\images\CAM1_RGB_2024-08-17_13-38-00_jpg.rf.c23f37318ebc0f97e99ddb1026343731.jpg
CAM1_RGB_2024-08-17_14-33-00_jpg.rf.933af6fcaa5e811748eaa1ec4a53c01a.jpg,aproveitavel,-,522.06,90.53,70.26,640,360,,C:\projetopig\dataset\sows_farm\sows_farm_02.v2i.yolo26\train\images\CAM1_RGB_2024-08-17_14-33-00_jpg.rf.933af6fcaa5e811748eaa1ec4a53c01a.jpg
CAM1_RGB_2024-08-17_15-03-00_jpg.rf.f7852b01b9599da2711ed36890623c7a.jpg,aproveitavel,-,589.31,96.36,55.82,640,360,,C:\projetopig\dataset\sows_farm\sows_farm_02.v2i.yolo26\train\images\CAM1_RGB_2024-08-17_15-03-00_jpg.rf.f7852b01b9599da2711ed36890623c7a.jpg
CAM1_RGB_2024-08-17_15-33-00_jpg.rf.4eebe2ce329b957ab28ab53df615fa28.jpg,aproveitavel,-,645.79,99.45,58.07,640,360,,C:\projetopig\dataset\sows_farm\sows_farm_02.v2i.yolo26\train\images\CAM1_RGB_2024-08-17_15-33-00_jpg.rf.4eebe2ce329b957ab28ab53df615fa28.jpg
CAM1_RGB_2024-08-17_16-03-00_jpg.rf.e95658ceedefd7432eb38698fc34d125.jpg,aproveitavel,-,403.79,77.02,69.57,640,360,,C:\projetopig\dataset\sows_farm\sows_farm_02.v2i.yolo26\train\images\CAM1_RGB_2024-08-17_16-03-00_jpg.rf.e95658ceedefd7432eb38698fc34d125.jpg
CAM1_RGB_2024-08-17_17-03-00_jpg.rf.bf7c4647382c59fa57a14769a0da0d17.jpg,aproveitavel,-,615.67,95.23,63.56,640,360,,C:\projetopig\dataset\sows_farm\sows_farm_02.v2i.yolo26\train\images\CAM1_RGB_2024-08-17_17-03-00_jpg.rf.bf7c4647382c59fa57a14769a0da0d17.jpg
CAM1_RGB_2024-08-17_17-03-52_jpg.rf.9fe2e15361f749fadbe489e5d5f8f61b.jpg,aproveitavel,-,456.17,90.74,62.14,640,360,,C:\projetopig\dataset\sows_farm\sows_farm_02.v2i.yolo26\train\images\CAM1_RGB_2024-08-17_17-03-52_jpg.rf.9fe2e15361f749fadbe489e5d5f8f61b.jpg
CAM1_RGB_2024-08-17_17-07-53_jpg.rf.d4986c5356feac975928b15e1db320e0.jpg,aproveitavel,-,733.42,92.96,61.65,640,360,,C:\projetopig\dataset\sows_farm\sows_farm_02.v2i.yolo26\train\images\CAM1_RGB_2024-08-17_17-07-53_jpg.rf.d4986c5356feac975928b15e1db320e0.jpg
CAM1_RGB_2024-08-17_17-33-00_jpg.rf.f4ced9fdec552aa8649916d79c2ea591.jpg,aproveitavel,-,811.57,93.78,60.18,640,360,,C:\projetopig\dataset\sows_farm\sows_farm_02.v2i.yolo26\train\images\CAM1_RGB_2024-08-17_17-33-00_jpg.rf.f4ced9fdec552aa8649916d79c2ea591.jpg
CAM1_RGB_2024-08-17_18-02-59_jpg.rf.3db41fe220e144e5c159a55bcda7037d.jpg,aproveitavel,-,731.04,87.51,59.86,640,360,,C:\projetopig\dataset\sows_farm\sows_farm_02.v2i.yolo26\train\images\CAM1_RGB_2024-08-17_18-02-59_jpg.rf.3db41fe220e144e5c159a55bcda7037d.jpg
CAM1_RGB_2024-08-17_18-32-59_jpg.rf.911a4a7a0c8889629e2af4d0296502e8.jpg,aproveitavel,-,765.62,87.16,60.89,640,360,,C:\projetopig\dataset\sows_farm\sows_farm_02.v2i.yolo26\train\images\CAM1_RGB_2024-08-17_18-32-59_jpg.rf.911a4a7a0c8889629e2af4d0296502e8.jpg
CAM1_RGB_2024-08-17_19-03-00_jpg.rf.c634fc901740197c81d08e2a44d57492.jpg,aproveitavel,-,694.68,90.71,60.87,640,360,,C:\projetopig\dataset\sows_farm\sows_farm_02.v2i.yolo26\train\images\CAM1_RGB_2024-08-17_19-03-00_jpg.rf.c634fc901740197c81d08e2a44d57492.jpg
CAM1_RGB_2024-08-17_19-06-00_jpg.rf.c6dd842d51193bbc1877e62411d4551e.jpg,aproveitavel,-,741.14,91.28,55.4,640,360,,C:\projetopig\dataset\sows_farm\sows_farm_02.v2i.yolo26\train\images\CAM1_RGB_2024-08-17_19-06-00_jpg.rf.c6dd842d51193bbc1877e62411d4551e.jpg
CAM1_RGB_2024-08-17_19-32-58_jpg.rf.219737ef00746a712190f9fcb2c4147b.jpg,aproveitavel,-,696.21,96.62,58.8,640,360,,C:\projetopig\dataset\sows_farm\sows_farm_02.v2i.yolo26\train\images\CAM1_RGB_2024-08-17_19-32-58_jpg.rf.219737ef00746a712190f9fcb2c4147b.jpg
CAM1_RGB_2024-08-17_20-03-00_jpg.rf.e0392f817163aefebc7ce79b83983195.jpg,aproveitavel,-,739.18,93.29,61.05,640,360,,C:\projetopig\dataset\sows_farm\sows_farm_02.v2i.yolo26\train\images\CAM1_RGB_2024-08-17_20-03-00_jpg.rf.e0392f817163aefebc7ce79b83983195.jpg
CAM1_RGB_2024-08-17_20-33-00_jpg.rf.4d83ce609b82188eb3e181923f925d63.jpg,aproveitavel,-,647.41,91.52,60.51,640,360,,C:\projetopig\dataset\sows_farm\sows_farm_02.v2i.yolo26\train\images\CAM1_RGB_2024-08-17_20-33-00_jpg.rf.4d83ce609b82188eb3e181923f925d63.jpg
CAM1_RGB_2024-08-17_21-02-58_jpg.rf.19ee3d97a7b2ee499f88a19aa3ec9e06.jpg,aproveitavel,-,652.2,93.09,62.92,640,360,,C:\projetopig\dataset\sows_farm\sows_farm_02.v2i.yolo26\train\images\CAM1_RGB_2024-08-17_21-02-58_jpg.rf.19ee3d97a7b2ee499f88a19aa3ec9e06.jpg
CAM1_RGB_2024-08-17_21-33-00_jpg.rf.e3044f1c28f96853be38d366935b0ce2.jpg,aproveitavel,-,845.32,91.35,59.75,640,360,,C:\projetopig\dataset\sows_farm\sows_farm_02.v2i.yolo26\train\images\CAM1_RGB_2024-08-17_21-33-00_jpg.rf.e3044f1c28f96853be38d366935b0ce2.jpg
CAM1_RGB_2024-08-17_22-02-59_jpg.rf.9b243e7e0dd5f0cf4760621b815f3d3c.jpg,aproveitavel,-,797.13,91.64,57.98,640,360,,C:\projetopig\dataset\sows_farm\sows_farm_02.v2i.yolo26\train\images\CAM1_RGB_2024-08-17_22-02-59_jpg.rf.9b243e7e0dd5f0cf4760621b815f3d3c.jpg
CAM1_RGB_2024-08-17_22-04-53_jpg.rf.63e35b29ecb8fa67901217a429f46a44.jpg,aproveitavel,-,786.96,93.28,51.88,640,360,,C:\projetopig\dataset\sows_farm\sows_farm_02.v2i.yolo26\train\images\CAM1_RGB_2024-08-17_22-04-53_jpg.rf.63e35b29ecb8fa67901217a429f46a44.jpg
CAM1_RGB_2024-08-17_23-32-59_jpg.rf.86d077143100e47f3addf0dc685c2089.jpg,aproveitavel,-,604.25,64.39,61.83,640,360,,C:\projetopig\dataset\sows_farm\sows_farm_02.v2i.yolo26\train\images\CAM1_RGB_2024-08-17_23-32-59_jpg.rf.86d077143100e47f3addf0dc685c2089.jpg
CAM1_RGB_2024-08-18_00-02-27_jpg.rf.1c675af914dc35f680046ddb7fb8199e.jpg,aproveitavel,-,606.01,62.67,62.16,640,360,,C:\projetopig\dataset\sows_farm\sows_farm_02.v2i.yolo26\train\images\CAM1_RGB_2024-08-18_00-02-27_jpg.rf.1c675af914dc35f680046ddb7fb8199e.jpg
CAM1_RGB_2024-08-18_00-33-00_jpg.rf.6506d4181b05000dc53d6ddeefe453db.jpg,aproveitavel,-,753.39,76.59,64.24,640,360,,C:\projetopig\dataset\sows_farm\sows_farm_02.v2i.yolo26\train\images\CAM1_RGB_2024-08-18_00-33-00_jpg.rf.6506d4181b05000dc53d6ddeefe453db.jpg
CAM1_RGB_2024-08-18_01-32-57_jpg.rf.ffe2beddb9910217a1b238271d7f39bb.jpg,aproveitavel,-,778.15,72.66,63.56,640,360,,C:\projetopig\dataset\sows_farm\sows_farm_02.v2i.yolo26\train\images\CAM1_RGB_2024-08-18_01-32-57_jpg.rf.ffe2beddb9910217a1b238271d7f39bb.jpg
CAM1_RGB_2024-08-18_02-02-59_jpg.rf.7282ac8ff912f962bd905eb0217e4010.jpg,aproveitavel,-,734.72,72.81,65.23,640,360,,C:\projetopig\dataset\sows_farm\sows_farm_02.v2i.yolo26\train\images\CAM1_RGB_2024-08-18_02-02-59_jpg.rf.7282ac8ff912f962bd905eb0217e4010.jpg
CAM1_RGB_2024-08-18_02-19-59_jpg.rf.fd3b109b2ed0c1cf4bda73f208ffcd47.jpg,aproveitavel,-,841.19,82.2,58.96,640,360,,C:\projetopig\dataset\sows_farm\sows_farm_02.v2i.yolo26\train\images\CAM1_RGB_2024-08-18_02-19-59_jpg.rf.fd3b109b2ed0c1cf4bda73f208ffcd47.jpg
CAM1_RGB_2024-08-18_02-32-59_jpg.rf.7adfbdf237b9f08922566fb576203cc4.jpg,aproveitavel,-,1047.42,82.9,68.66,640,360,,C:\projetopig\dataset\sows_farm\sows_farm_02.v2i.yolo26\train\images\CAM1_RGB_2024-08-18_02-32-59_jpg.rf.7adfbdf237b9f08922566fb576203cc4.jpg
CAM1_RGB_2024-08-18_04-02-47_jpg.rf.6b41318550439e29c934ac9b23197e2a.jpg,aproveitavel,-,950.0,83.95,67.27,640,360,,C:\projetopig\dataset\sows_farm\sows_farm_02.v2i.yolo26\train\images\CAM1_RGB_2024-08-18_04-02-47_jpg.rf.6b41318550439e29c934ac9b23197e2a.jpg
CAM1_RGB_2024-08-18_04-33-00_jpg.rf.83b37f82e228f659ec814deedcc2c386.jpg,aproveitavel,-,874.52,84.62,70.26,640,360,,C:\projetopig\dataset\sows_farm\sows_farm_02.v2i.yolo26\train\images\CAM1_RGB_2024-08-18_04-33-00_jpg.rf.83b37f82e228f659ec814deedcc2c386.jpg
CAM1_RGB_2024-08-18_05-02-47_jpg.rf.d30522b24dad47d981731049f14062a5.jpg,aproveitavel,-,916.85,86.47,69.57,640,360,,C:\projetopig\dataset\sows_farm\sows_farm_02.v2i.yolo26\train\images\CAM1_RGB_2024-08-18_05-02-47_jpg.rf.d30522b24dad47d981731049f14062a5.jpg
CAM1_RGB_2024-08-18_06-00-53_jpg.rf.9810accca962c002d08c7b46d9d24804.jpg,aproveitavel,-,967.69,73.99,51.83,640,360,,C:\projetopig\dataset\sows_farm\sows_farm_02.v2i.yolo26\train\images\CAM1_RGB_2024-08-18_06-00-53_jpg.rf.9810accca962c002d08c7b46d9d24804.jpg
CAM1_RGB_2024-08-18_06-03-00_jpg.rf.4eee57f66dda727bd3c43fc7985b45ba.jpg,aproveitavel,-,933.21,72.54,52.75,640,360,,C:\projetopig\dataset\sows_farm\sows_farm_02.v2i.yolo26\train\images\CAM1_RGB_2024-08-18_06-03-00_jpg.rf.4eee57f66dda727bd3c43fc7985b45ba.jpg
CAM1_RGB_2024-08-18_06-07-58_jpg.rf.c222baf8105cd63fa436c2d21e7b3375.jpg,aproveitavel,-,968.37,81.86,54.14,640,360,,C:\projetopig\dataset\sows_farm\sows_farm_02.v2i.yolo26\train\images\CAM1_RGB_2024-08-18_06-07-58_jpg.rf.c222baf8105cd63fa436c2d21e7b3375.jpg
CAM1_RGB_2024-08-18_06-32-56_jpg.rf.aee6e55603671545e4c026b1c1b6abd8.jpg,aproveitavel,-,858.81,89.7,62.69,640,360,,C:\projetopig\dataset\sows_farm\sows_farm_02.v2i.yolo26\train\images\CAM1_RGB_2024-08-18_06-32-56_jpg.rf.aee6e55603671545e4c026b1c1b6abd8.jpg
CAM1_RGB_2024-08-18_06-43-47_jpg.rf.dc2db12631f863375dab760441f02e82.jpg,aproveitavel,-,840.41,94.59,55.24,640,360,,C:\projetopig\dataset\sows_farm\sows_farm_02.v2i.yolo26\train\images\CAM1_RGB_2024-08-18_06-43-47_jpg.rf.dc2db12631f863375dab760441f02e82.jpg
CAM1_RGB_2024-08-18_06-48-54_jpg.rf.b55d95220af3ce20d1963fc3547d6c80.jpg,aproveitavel,-,775.0,96.66,56.63,640,360,,C:\projetopig\dataset\sows_farm\sows_farm_02.v2i.yolo26\train\images\CAM1_RGB_2024-08-18_06-48-54_jpg.rf.b55d95220af3ce20d1963fc3547d6c80.jpg
CAM1_RGB_2024-08-18_07-03-00_jpg.rf.f64cdf57bce446dbcd32e275af3a63db.jpg,aproveitavel,-,767.18,91.13,58.39,640,360,,C:\projetopig\dataset\sows_farm\sows_farm_02.v2i.yolo26\train\images\CAM1_RGB_2024-08-18_07-03-00_jpg.rf.f64cdf57bce446dbcd32e275af3a63db.jpg
CAM1_RGB_2024-08-18_07-32-55_jpg.rf.c247f5407c7fff9d53f84055e47aa0e7.jpg,aproveitavel,-,770.75,92.0,63.45,640,360,,C:\projetopig\dataset\sows_farm\sows_farm_02.v2i.yolo26\train\images\CAM1_RGB_2024-08-18_07-32-55_jpg.rf.c247f5407c7fff9d53f84055e47aa0e7.jpg
CAM1_RGB_2024-08-18_08-02-59_jpg.rf.43e717b81d2d22b0dd70f4bf67797f5f.jpg,aproveitavel,-,803.47,94.84,58.47,640,360,,C:\projetopig\dataset\sows_farm\sows_farm_02.v2i.yolo26\train\images\CAM1_RGB_2024-08-18_08-02-59_jpg.rf.43e717b81d2d22b0dd70f4bf67797f5f.jpg
CAM1_RGB_2024-08-18_08-32-32_jpg.rf.49efd90abff1fffd2668e983ffa8a755.jpg,aproveitavel,-,762.22,95.76,59.28,640,360,,C:\projetopig\dataset\sows_farm\sows_farm_02.v2i.yolo26\train\images\CAM1_RGB_2024-08-18_08-32-32_jpg.rf.49efd90abff1fffd2668e983ffa8a755.jpg
CAM1_RGB_2024-08-18_09-02-50_jpg.rf.ae2925cf1e4f1fd357f2912f430d7493.jpg,aproveitavel,-,723.77,99.41,60.57,640,360,,C:\projetopig\dataset\sows_farm\sows_farm_02.v2i.yolo26\train\images\CAM1_RGB_2024-08-18_09-02-50_jpg.rf.ae2925cf1e4f1fd357f2912f430d7493.jpg
CAM1_RGB_2024-08-18_10-00-00_jpg.rf.0d57ba8cba1e07e0a4bf7237bac69c7f.jpg,aproveitavel,-,743.56,101.05,58.79,640,360,,C:\projetopig\dataset\sows_farm\sows_farm_02.v2i.yolo26\train\images\CAM1_RGB_2024-08-18_10-00-00_jpg.rf.0d57ba8cba1e07e0a4bf7237bac69c7f.jpg
CAM1_RGB_2024-08-18_10-03-00_jpg.rf.4def9794bc3ce20ed16426c254444f8f.jpg,aproveitavel,-,740.99,100.78,58.19,640,360,,C:\projetopig\dataset\sows_farm\sows_farm_02.v2i.yolo26\train\images\CAM1_RGB_2024-08-18_10-03-00_jpg.rf.4def9794bc3ce20ed16426c254444f8f.jpg
CAM1_RGB_2024-08-18_11-01-59_jpg.rf.70671648f480083b5230034869610593.jpg,descartar,duplicata,797.35,99.44,58.46,640,360,CAM1_RGB_2024-08-18_11-04-00_jpg.rf.bd97e4701cd37bf673822884fb7e3a00.jpg,C:\projetopig\dataset\sows_farm\sows_farm_02.v2i.yolo26\train\images\CAM1_RGB_2024-08-18_11-01-59_jpg.rf.70671648f480083b5230034869610593.jpg
CAM1_RGB_2024-08-18_11-02-57_jpg.rf.58c7886289fb981ca41ca0c745dcc890.jpg,descartar,duplicata,775.62,98.74,58.24,640,360,CAM1_RGB_2024-08-18_11-04-00_jpg.rf.bd97e4701cd37bf673822884fb7e3a00.jpg,C:\projetopig\dataset\sows_farm\sows_farm_02.v2i.yolo26\train\images\CAM1_RGB_2024-08-18_11-02-57_jpg.rf.58c7886289fb981ca41ca0c745dcc890.jpg
CAM1_RGB_2024-08-18_11-04-57_jpg.rf.3bad25f764d0b6eee01c41bddee9af4e.jpg,aproveitavel,-,770.27,97.21,58.0,640,360,,C:\projetopig\dataset\sows_farm\sows_farm_02.v2i.yolo26\train\images\CAM1_RGB_2024-08-18_11-04-57_jpg.rf.3bad25f764d0b6eee01c41bddee9af4e.jpg
CAM1_RGB_2024-08-18_11-06-00_jpg.rf.5fc2652986f04ff2beece1bd155fcd3b.jpg,descartar,duplicata,783.56,97.78,58.16,640,360,CAM1_RGB_2024-08-18_11-04-57_jpg.rf.3bad25f764d0b6eee01c41bddee9af4e.jpg,C:\projetopig\dataset\sows_farm\sows_farm_02.v2i.yolo26\train\images\CAM1_RGB_2024-08-18_11-06-00_jpg.rf.5fc2652986f04ff2beece1bd155fcd3b.jpg
CAM1_RGB_2024-08-18_11-32-59_jpg.rf.fb21a4ce22641ba24a2065529ce6d852.jpg,aproveitavel,-,567.37,92.63,65.81,640,360,,C:\projetopig\dataset\sows_farm\sows_farm_02.v2i.yolo26\train\images\CAM1_RGB_2024-08-18_11-32-59_jpg.rf.fb21a4ce22641ba24a2065529ce6d852.jpg
CAM1_RGB_2024-08-18_12-02-47_jpg.rf.a817e84cf571866aa8d713ac187232b7.jpg,aproveitavel,-,728.82,96.98,54.83,640,360,,C:\projetopig\dataset\sows_farm\sows_farm_02.v2i.yolo26\train\images\CAM1_RGB_2024-08-18_12-02-47_jpg.rf.a817e84cf571866aa8d713ac187232b7.jpg
CAM1_RGB_2024-08-18_13-02-59_jpg.rf.e6ef6a2d1b22bd22cba98cb0b9bfddb8.jpg,aproveitavel,-,761.11,96.79,57.25,640,360,,C:\projetopig\dataset\sows_farm\sows_farm_02.v2i.yolo26\train\images\CAM1_RGB_2024-08-18_13-02-59_jpg.rf.e6ef6a2d1b22bd22cba98cb0b9bfddb8.jpg
CAM1_RGB_2024-08-18_13-32-59_jpg.rf.0d76fd355281eaa4bd8523c8831e95be.jpg,aproveitavel,-,614.39,88.44,65.12,640,360,,C:\projetopig\dataset\sows_farm\sows_farm_02.v2i.yolo26\train\images\CAM1_RGB_2024-08-18_13-32-59_jpg.rf.0d76fd355281eaa4bd8523c8831e95be.jpg
CAM1_RGB_2024-08-18_14-07-00_jpg.rf.5a0b9feba66b32a437cd2b556c3e4c92.jpg,aproveitavel,-,850.07,99.11,58.58,640,360,,C:\projetopig\dataset\sows_farm\sows_farm_02.v2i.yolo26\train\images\CAM1_RGB_2024-08-18_14-07-00_jpg.rf.5a0b9feba66b32a437cd2b556c3e4c92.jpg
CAM1_RGB_2024-08-18_15-02-59_jpg.rf.b9c75407f7ff0bf6c1ebdfbc731ad6f5.jpg,aproveitavel,-,784.4,103.32,56.19,640,360,,C:\projetopig\dataset\sows_farm\sows_farm_02.v2i.yolo26\train\images\CAM1_RGB_2024-08-18_15-02-59_jpg.rf.b9c75407f7ff0bf6c1ebdfbc731ad6f5.jpg
CAM1_RGB_2024-08-18_15-33-00_jpg.rf.814838a038da015087b5cb11a74a7046.jpg,aproveitavel,-,732.19,92.59,57.69,640,360,,C:\projetopig\dataset\sows_farm\sows_farm_02.v2i.yolo26\train\images\CAM1_RGB_2024-08-18_15-33-00_jpg.rf.814838a038da015087b5cb11a74a7046.jpg
CAM1_RGB_2024-08-18_16-03-00_jpg.rf.b30e2a6b3ccfd0a7486a099abdabb57b.jpg,aproveitavel,-,716.42,93.14,61.34,640,360,,C:\projetopig\dataset\sows_farm\sows_farm_02.v2i.yolo26\train\images\CAM1_RGB_2024-08-18_16-03-00_jpg.rf.b30e2a6b3ccfd0a7486a099abdabb57b.jpg
CAM1_RGB_2024-08-18_16-17-00_jpg.rf.4e95979989a5e00237bba2f51dd6aed8.jpg,aproveitavel,-,699.52,96.69,60.45,640,360,,C:\projetopig\dataset\sows_farm\sows_farm_02.v2i.yolo26\train\images\CAM1_RGB_2024-08-18_16-17-00_jpg.rf.4e95979989a5e00237bba2f51dd6aed8.jpg
CAM1_RGB_2024-08-18_16-32-56_jpg.rf.40b804e9e660a869c62b742fc3001b17.jpg,aproveitavel,-,825.5,96.43,60.58,640,360,,C:\projetopig\dataset\sows_farm\sows_farm_02.v2i.yolo26\train\images\CAM1_RGB_2024-08-18_16-32-56_jpg.rf.40b804e9e660a869c62b742fc3001b17.jpg
CAM1_RGB_2024-08-18_17-03-00_jpg.rf.8d8bfda4a8a5cfc0b1d0a10f6b86cc04.jpg,aproveitavel,-,786.29,92.46,65.31,640,360,,C:\projetopig\dataset\sows_farm\sows_farm_02.v2i.yolo26\train\images\CAM1_RGB_2024-08-18_17-03-00_jpg.rf.8d8bfda4a8a5cfc0b1d0a10f6b86cc04.jpg
CAM1_RGB_2024-08-18_17-07-00_jpg.rf.334ce20d1ea46aa127d1949ad3f4de4b.jpg,aproveitavel,-,802.12,96.14,59.46,640,360,,C:\projetopig\dataset\sows_farm\sows_farm_02.v2i.yolo26\train\images\CAM1_RGB_2024-08-18_17-07-00_jpg.rf.334ce20d1ea46aa127d1949ad3f4de4b.jpg
CAM1_RGB_2024-08-18_17-33-00_jpg.rf.58275022ccca31c92bd67c0c54c543f9.jpg,aproveitavel,-,789.95,87.25,60.29,640,360,,C:\projetopig\dataset\sows_farm\sows_farm_02.v2i.yolo26\train\images\CAM1_RGB_2024-08-18_17-33-00_jpg.rf.58275022ccca31c92bd67c0c54c543f9.jpg
CAM1_RGB_2024-08-18_18-02-58_jpg.rf.8ff1283a8e8424d160d1ad856011745f.jpg,aproveitavel,-,868.95,86.47,67.5,640,360,,C:\projetopig\dataset\sows_farm\sows_farm_02.v2i.yolo26\train\images\CAM1_RGB_2024-08-18_18-02-58_jpg.rf.8ff1283a8e8424d160d1ad856011745f.jpg
CAM1_RGB_2024-08-18_19-02-43_jpg.rf.32fdec1e675cdf5b77c0e3748c4275c4.jpg,aproveitavel,-,856.23,85.59,73.9,640,360,,C:\projetopig\dataset\sows_farm\sows_farm_02.v2i.yolo26\train\images\CAM1_RGB_2024-08-18_19-02-43_jpg.rf.32fdec1e675cdf5b77c0e3748c4275c4.jpg
CAM1_RGB_2024-08-18_19-06-57_jpg.rf.6bfaa83aa81359915537d4273f21f590.jpg,aproveitavel,-,932.32,72.22,51.0,640,360,,C:\projetopig\dataset\sows_farm\sows_farm_02.v2i.yolo26\train\images\CAM1_RGB_2024-08-18_19-06-57_jpg.rf.6bfaa83aa81359915537d4273f21f590.jpg
CAM1_RGB_2024-08-18_19-09-57_jpg.rf.10782da08e17bfc84095b0d7ae684e34.jpg,aproveitavel,-,946.97,81.78,57.74,640,360,,C:\projetopig\dataset\sows_farm\sows_farm_02.v2i.yolo26\train\images\CAM1_RGB_2024-08-18_19-09-57_jpg.rf.10782da08e17bfc84095b0d7ae684e34.jpg
CAM1_RGB_2024-08-18_19-18-00_jpg.rf.3c973327a9c5f9c40788de9b93af244b.jpg,aproveitavel,-,883.8,71.04,54.24,640,360,,C:\projetopig\dataset\sows_farm\sows_farm_02.v2i.yolo26\train\images\CAM1_RGB_2024-08-18_19-18-00_jpg.rf.3c973327a9c5f9c40788de9b93af244b.jpg
CAM1_RGB_2024-08-18_19-32-56_jpg.rf.35d00db7ee45568fc436b185e39d3227.jpg,aproveitavel,-,985.11,83.67,69.65,640,360,,C:\projetopig\dataset\sows_farm\sows_farm_02.v2i.yolo26\train\images\CAM1_RGB_2024-08-18_19-32-56_jpg.rf.35d00db7ee45568fc436b185e39d3227.jpg
CAM1_RGB_2024-08-18_20-02-59_jpg.rf.17a15f38caccafc021dfc9fba95e38f1.jpg,aproveitavel,-,946.06,84.98,69.8,640,360,,C:\projetopig\dataset\sows_farm\sows_farm_02.v2i.yolo26\train\images\CAM1_RGB_2024-08-18_20-02-59_jpg.rf.17a15f38caccafc021dfc9fba95e38f1.jpg
CAM1_RGB_2024-08-18_21-03-00_jpg.rf.9f4f3cd2ba72e469d44979cb75d27a90.jpg,aproveitavel,-,665.93,67.79,61.65,640,360,,C:\projetopig\dataset\sows_farm\sows_farm_02.v2i.yolo26\train\images\CAM1_RGB_2024-08-18_21-03-00_jpg.rf.9f4f3cd2ba72e469d44979cb75d27a90.jpg
CAM1_RGB_2024-08-18_21-05-00_jpg.rf.b7523f57bd4b3ca6a86ed8aa48ebbc26.jpg,aproveitavel,-,766.75,76.17,56.62,640,360,,C:\projetopig\dataset\sows_farm\sows_farm_02.v2i.yolo26\train\images\CAM1_RGB_2024-08-18_21-05-00_jpg.rf.b7523f57bd4b3ca6a86ed8aa48ebbc26.jpg
CAM1_RGB_2024-08-18_21-33-00_jpg.rf.d0fea1bb2f06f40fc562cdfbe1fc9281.jpg,aproveitavel,-,729.38,64.79,59.28,640,360,,C:\projetopig\dataset\sows_farm\sows_farm_02.v2i.yolo26\train\images\CAM1_RGB_2024-08-18_21-33-00_jpg.rf.d0fea1bb2f06f40fc562cdfbe1fc9281.jpg
CAM1_RGB_2024-08-18_22-03-00_jpg.rf.99f682994a1fa81b6d391029051455e5.jpg,aproveitavel,-,983.4,74.25,59.13,640,360,,C:\projetopig\dataset\sows_farm\sows_farm_02.v2i.yolo26\train\images\CAM1_RGB_2024-08-18_22-03-00_jpg.rf.99f682994a1fa81b6d391029051455e5.jpg
CAM1_RGB_2024-08-18_22-33-00_jpg.rf.9fcf19cfc946e4f61508c72bde91d4da.jpg,aproveitavel,-,850.23,73.91,60.84,640,360,,C:\projetopig\dataset\sows_farm\sows_farm_02.v2i.yolo26\train\images\CAM1_RGB_2024-08-18_22-33-00_jpg.rf.9fcf19cfc946e4f61508c72bde91d4da.jpg
CAM1_RGB_2024-08-18_23-02-55_jpg.rf.6942e70d7d08e54d339aa181b4d1fa1e.jpg,aproveitavel,-,965.93,84.48,66.23,640,360,,C:\projetopig\dataset\sows_farm\sows_farm_02.v2i.yolo26\train\images\CAM1_RGB_2024-08-18_23-02-55_jpg.rf.6942e70d7d08e54d339aa181b4d1fa1e.jpg
CAM1_RGB_2024-08-18_23-33-00_jpg.rf.05d8660dbae3c5af39525df033cb7381.jpg,aproveitavel,-,786.35,73.64,65.67,640,360,,C:\projetopig\dataset\sows_farm\sows_farm_02.v2i.yolo26\train\images\CAM1_RGB_2024-08-18_23-33-00_jpg.rf.05d8660dbae3c5af39525df033cb7381.jpg
CAM1_RGB_2024-08-19_00-02-45_jpg.rf.2da46a5e4388a53dbfec6f5e65bdac7c.jpg,aproveitavel,-,943.54,84.63,67.95,640,360,,C:\projetopig\dataset\sows_farm\sows_farm_02.v2i.yolo26\train\images\CAM1_RGB_2024-08-19_00-02-45_jpg.rf.2da46a5e4388a53dbfec6f5e65bdac7c.jpg
CAM1_RGB_2024-08-19_00-32-40_jpg.rf.5bcf1cc1df416edae7636b816337ad4e.jpg,aproveitavel,-,975.8,82.38,66.63,640,360,,C:\projetopig\dataset\sows_farm\sows_farm_02.v2i.yolo26\train\images\CAM1_RGB_2024-08-19_00-32-40_jpg.rf.5bcf1cc1df416edae7636b816337ad4e.jpg
CAM1_RGB_2024-08-19_01-02-59_jpg.rf.2df6b21702f96518ce41b924b19ad634.jpg,aproveitavel,-,729.02,74.92,62.76,640,360,,C:\projetopig\dataset\sows_farm\sows_farm_02.v2i.yolo26\train\images\CAM1_RGB_2024-08-19_01-02-59_jpg.rf.2df6b21702f96518ce41b924b19ad634.jpg
CAM1_RGB_2024-08-19_03-02-59_jpg.rf.089a70c2fca9965e696f111ab9218b73.jpg,aproveitavel,-,895.21,74.82,64.73,640,360,,C:\projetopig\dataset\sows_farm\sows_farm_02.v2i.yolo26\train\images\CAM1_RGB_2024-08-19_03-02-59_jpg.rf.089a70c2fca9965e696f111ab9218b73.jpg
CAM1_RGB_2024-08-19_04-02-58_jpg.rf.2f7ad48b274cf0be79c5a564fe70f08c.jpg,aproveitavel,-,839.14,74.53,67.15,640,360,,C:\projetopig\dataset\sows_farm\sows_farm_02.v2i.yolo26\train\images\CAM1_RGB_2024-08-19_04-02-58_jpg.rf.2f7ad48b274cf0be79c5a564fe70f08c.jpg
CAM1_RGB_2024-08-19_05-02-56_jpg.rf.52a344e24e43373232a69160b93d909d.jpg,aproveitavel,-,505.65,58.46,54.92,640,360,,C:\projetopig\dataset\sows_farm\sows_farm_02.v2i.yolo26\train\images\CAM1_RGB_2024-08-19_05-02-56_jpg.rf.52a344e24e43373232a69160b93d909d.jpg
CAM1_RGB_2024-08-19_05-36-59_jpg.rf.6d1f88a43d375498b531fb5f4affe68c.jpg,aproveitavel,-,724.48,71.51,53.11,640,360,,C:\projetopig\dataset\sows_farm\sows_farm_02.v2i.yolo26\train\images\CAM1_RGB_2024-08-19_05-36-59_jpg.rf.6d1f88a43d375498b531fb5f4affe68c.jpg
CAM1_RGB_2024-08-19_06-02-00_jpg.rf.a190a922bb2bd5dd700bfbab20c3c44a.jpg,aproveitavel,-,971.27,95.96,53.46,640,360,,C:\projetopig\dataset\sows_farm\sows_farm_02.v2i.yolo26\train\images\CAM1_RGB_2024-08-19_06-02-00_jpg.rf.a190a922bb2bd5dd700bfbab20c3c44a.jpg
CAM1_RGB_2024-08-19_06-03-00_jpg.rf.b48a0e893a9283a4685bde254ea7c811.jpg,aproveitavel,-,1024.83,95.17,54.73,640,360,,C:\projetopig\dataset\sows_farm\sows_farm_02.v2i.yolo26\train\images\CAM1_RGB_2024-08-19_06-03-00_jpg.rf.b48a0e893a9283a4685bde254ea7c811.jpg
CAM1_RGB_2024-08-19_06-20-00_jpg.rf.6dff02015abec7140cf87d20b4d327b4.jpg,aproveitavel,-,995.43,94.94,55.57,640,360,,C:\projetopig\dataset\sows_farm\sows_farm_02.v2i.yolo26\train\images\CAM1_RGB_2024-08-19_06-20-00_jpg.rf.6dff02015abec7140cf87d20b4d327b4.jpg
CAM1_RGB_2024-08-19_06-32-49_jpg.rf.594fc0d2841803d3ec7eaf0c982ce715.jpg,aproveitavel,-,797.76,82.37,64.69,640,360,,C:\projetopig\dataset\sows_farm\sows_farm_02.v2i.yolo26\train\images\CAM1_RGB_2024-08-19_06-32-49_jpg.rf.594fc0d2841803d3ec7eaf0c982ce715.jpg
CAM1_RGB_2024-08-20_12-23-58_jpg.rf.12f4b2fd4e641605b0efcaf8ccb94a40.jpg,aproveitavel,-,919.15,104.93,60.09,640,360,,C:\projetopig\dataset\sows_farm\sows_farm_02.v2i.yolo26\train\images\CAM1_RGB_2024-08-20_12-23-58_jpg.rf.12f4b2fd4e641605b0efcaf8ccb94a40.jpg
CAM1_RGB_2024-08-20_12-54-00_jpg.rf.fda8d56b03561266f27306e3c932f8b5.jpg,aproveitavel,-,812.9,97.05,61.36,640,360,,C:\projetopig\dataset\sows_farm\sows_farm_02.v2i.yolo26\train\images\CAM1_RGB_2024-08-20_12-54-00_jpg.rf.fda8d56b03561266f27306e3c932f8b5.jpg
CAM1_RGB_2024-08-20_13-11-00_jpg.rf.98dcb12c7f090ea7a2100e4d2f8d2fab.jpg,aproveitavel,-,598.7,103.02,64.07,640,360,,C:\projetopig\dataset\sows_farm\sows_farm_02.v2i.yolo26\train\images\CAM1_RGB_2024-08-20_13-11-00_jpg.rf.98dcb12c7f090ea7a2100e4d2f8d2fab.jpg
CAM1_RGB_2024-08-20_13-23-58_jpg.rf.ef346f9fdc23bc5b752b0acd3d26f9a3.jpg,aproveitavel,-,869.46,100.25,60.65,640,360,,C:\projetopig\dataset\sows_farm\sows_farm_02.v2i.yolo26\train\images\CAM1_RGB_2024-08-20_13-23-58_jpg.rf.ef346f9fdc23bc5b752b0acd3d26f9a3.jpg
CAM1_RGB_2024-08-20_13-54-00_jpg.rf.658c896d71c4b5b6d618b68e121221b5.jpg,aproveitavel,-,812.37,94.85,64.36,640,360,,C:\projetopig\dataset\sows_farm\sows_farm_02.v2i.yolo26\train\images\CAM1_RGB_2024-08-20_13-54-00_jpg.rf.658c896d71c4b5b6d618b68e121221b5.jpg
CAM1_RGB_2024-08-20_14-07-00_jpg.rf.4f5cf75a9c3ffd3556f64febe52c436e.jpg,aproveitavel,-,437.09,94.93,64.33,640,360,,C:\projetopig\dataset\sows_farm\sows_farm_02.v2i.yolo26\train\images\CAM1_RGB_2024-08-20_14-07-00_jpg.rf.4f5cf75a9c3ffd3556f64febe52c436e.jpg
CAM1_RGB_2024-08-20_14-23-56_jpg.rf.b9549f80dc7aacfe8e4e45b336569508.jpg,aproveitavel,-,517.6,92.28,63.67,640,360,,C:\projetopig\dataset\sows_farm\sows_farm_02.v2i.yolo26\train\images\CAM1_RGB_2024-08-20_14-23-56_jpg.rf.b9549f80dc7aacfe8e4e45b336569508.jpg
CAM1_RGB_2024-08-20_14-54-00_jpg.rf.65b90cde83b0542e58888e7748b3d736.jpg,aproveitavel,-,594.83,97.23,57.66,640,360,,C:\projetopig\dataset\sows_farm\sows_farm_02.v2i.yolo26\train\images\CAM1_RGB_2024-08-20_14-54-00_jpg.rf.65b90cde83b0542e58888e7748b3d736.jpg
CAM1_RGB_2024-08-20_15-53-57_jpg.rf.62259e7899a2b4117eff6574de9b2d70.jpg,aproveitavel,-,556.66,94.37,57.4,640,360,,C:\projetopig\dataset\sows_farm\sows_farm_02.v2i.yolo26\train\images\CAM1_RGB_2024-08-20_15-53-57_jpg.rf.62259e7899a2b4117eff6574de9b2d70.jpg
CAM1_RGB_2024-08-20_16-04-46_jpg.rf.912b4039a7f4b566ae701cf7dc119b9f.jpg,aproveitavel,-,386.93,84.93,63.37,640,360,,C:\projetopig\dataset\sows_farm\sows_farm_02.v2i.yolo26\train\images\CAM1_RGB_2024-08-20_16-04-46_jpg.rf.912b4039a7f4b566ae701cf7dc119b9f.jpg
CAM1_RGB_2024-08-20_16-06-59_jpg.rf.6f1f37ff999009db706fff48cc10c7a4.jpg,aproveitavel,-,365.65,84.75,68.21,640,360,,C:\projetopig\dataset\sows_farm\sows_farm_02.v2i.yolo26\train\images\CAM1_RGB_2024-08-20_16-06-59_jpg.rf.6f1f37ff999009db706fff48cc10c7a4.jpg
CAM1_RGB_2024-08-20_16-23-55_jpg.rf.b3d44a278be47726ee756ab9fedf0eea.jpg,aproveitavel,-,846.31,97.11,57.51,640,360,,C:\projetopig\dataset\sows_farm\sows_farm_02.v2i.yolo26\train\images\CAM1_RGB_2024-08-20_16-23-55_jpg.rf.b3d44a278be47726ee756ab9fedf0eea.jpg
CAM1_RGB_2024-08-20_16-53-56_jpg.rf.99fa987890a3eb9188f2400cd7edd82b.jpg,aproveitavel,-,831.59,96.29,60.32,640,360,,C:\projetopig\dataset\sows_farm\sows_farm_02.v2i.yolo26\train\images\CAM1_RGB_2024-08-20_16-53-56_jpg.rf.99fa987890a3eb9188f2400cd7edd82b.jpg
CAM1_RGB_2024-08-20_17-27-00_jpg.rf.d45ff1d99260daca8dd5fa45aea4f510.jpg,aproveitavel,-,949.28,104.65,59.16,640,360,,C:\projetopig\dataset\sows_farm\sows_farm_02.v2i.yolo26\train\images\CAM1_RGB_2024-08-20_17-27-00_jpg.rf.d45ff1d99260daca8dd5fa45aea4f510.jpg
CAM1_RGB_2024-08-20_17-53-59_jpg.rf.a24474dd9e1c71e97b4549da73847de5.jpg,aproveitavel,-,714.25,92.19,61.27,640,360,,C:\projetopig\dataset\sows_farm\sows_farm_02.v2i.yolo26\train\images\CAM1_RGB_2024-08-20_17-53-59_jpg.rf.a24474dd9e1c71e97b4549da73847de5.jpg
CAM1_RGB_2024-08-20_18-53-59_jpg.rf.546dadf3bed6a7ed5612137e501c9db7.jpg,aproveitavel,-,882.38,88.84,69.11,640,360,,C:\projetopig\dataset\sows_farm\sows_farm_02.v2i.yolo26\train\images\CAM1_RGB_2024-08-20_18-53-59_jpg.rf.546dadf3bed6a7ed5612137e501c9db7.jpg
CAM1_RGB_2024-08-20_19-23-45_jpg.rf.eded6c401df13dbd9f8670cc7937df85.jpg,aproveitavel,-,882.03,91.13,68.18,640,360,,C:\projetopig\dataset\sows_farm\sows_farm_02.v2i.yolo26\train\images\CAM1_RGB_2024-08-20_19-23-45_jpg.rf.eded6c401df13dbd9f8670cc7937df85.jpg
CAM1_RGB_2024-08-20_19-54-00_jpg.rf.1181e52c1fb3e7af34baa2be36ee9f97.jpg,aproveitavel,-,915.14,91.97,68.19,640,360,,C:\projetopig\dataset\sows_farm\sows_farm_02.v2i.yolo26\train\images\CAM1_RGB_2024-08-20_19-54-00_jpg.rf.1181e52c1fb3e7af34baa2be36ee9f97.jpg
CAM1_RGB_2024-08-20_20-23-58_jpg.rf.7aef7dab9735db7cfeac557a66af940d.jpg,aproveitavel,-,1089.99,87.77,67.1,640,360,,C:\projetopig\dataset\sows_farm\sows_farm_02.v2i.yolo26\train\images\CAM1_RGB_2024-08-20_20-23-58_jpg.rf.7aef7dab9735db7cfeac557a66af940d.jpg
CAM1_RGB_2024-08-20_21-54-00_jpg.rf.fe69d153cadc2a9c72e31d88fdbef933.jpg,aproveitavel,-,979.14,99.07,57.85,640,360,,C:\projetopig\dataset\sows_farm\sows_farm_02.v2i.yolo26\train\images\CAM1_RGB_2024-08-20_21-54-00_jpg.rf.fe69d153cadc2a9c72e31d88fdbef933.jpg
CAM1_RGB_2024-08-20_22-53-40_jpg.rf.243fb789510709da954cbd8bfd988555.jpg,aproveitavel,-,949.5,90.51,64.26,640,360,,C:\projetopig\dataset\sows_farm\sows_farm_02.v2i.yolo26\train\images\CAM1_RGB_2024-08-20_22-53-40_jpg.rf.243fb789510709da954cbd8bfd988555.jpg
CAM1_RGB_2024-08-20_23-23-58_jpg.rf.54b001b2ba82c5f5ba8134c3ffa43532.jpg,aproveitavel,-,984.61,93.91,65.27,640,360,,C:\projetopig\dataset\sows_farm\sows_farm_02.v2i.yolo26\train\images\CAM1_RGB_2024-08-20_23-23-58_jpg.rf.54b001b2ba82c5f5ba8134c3ffa43532.jpg
CAM1_RGB_2024-08-20_23-54-00_jpg.rf.3356865939c23b29ca76c1195d92dc45.jpg,aproveitavel,-,955.95,85.17,70.7,640,360,,C:\projetopig\dataset\sows_farm\sows_farm_02.v2i.yolo26\train\images\CAM1_RGB_2024-08-20_23-54-00_jpg.rf.3356865939c23b29ca76c1195d92dc45.jpg
CAM1_RGB_2024-08-21_00-54-00_jpg.rf.f89669247efaa3e01715b19f9799d442.jpg,aproveitavel,-,849.95,91.76,65.35,640,360,,C:\projetopig\dataset\sows_farm\sows_farm_02.v2i.yolo26\train\images\CAM1_RGB_2024-08-21_00-54-00_jpg.rf.f89669247efaa3e01715b19f9799d442.jpg
CAM1_RGB_2024-08-21_01-24-00_jpg.rf.a0b7fd96fa6fb50455aec4a1d7ec7d6d.jpg,aproveitavel,-,1062.02,88.01,66.61,640,360,,C:\projetopig\dataset\sows_farm\sows_farm_02.v2i.yolo26\train\images\CAM1_RGB_2024-08-21_01-24-00_jpg.rf.a0b7fd96fa6fb50455aec4a1d7ec7d6d.jpg
CAM1_RGB_2024-08-21_01-54-00_jpg.rf.67452de77395438c96e9504debe2d148.jpg,aproveitavel,-,1153.49,86.14,68.81,640,360,,C:\projetopig\dataset\sows_farm\sows_farm_02.v2i.yolo26\train\images\CAM1_RGB_2024-08-21_01-54-00_jpg.rf.67452de77395438c96e9504debe2d148.jpg
CAM1_RGB_2024-08-21_02-24-00_jpg.rf.4155c2486522f35c81017dffec25e576.jpg,aproveitavel,-,995.33,90.8,65.35,640,360,,C:\projetopig\dataset\sows_farm\sows_farm_02.v2i.yolo26\train\images\CAM1_RGB_2024-08-21_02-24-00_jpg.rf.4155c2486522f35c81017dffec25e576.jpg
CAM1_RGB_2024-08-21_02-54-00_jpg.rf.855479c0531645472d2936d3739e7cfa.jpg,aproveitavel,-,1023.45,83.81,71.4,640,360,,C:\projetopig\dataset\sows_farm\sows_farm_02.v2i.yolo26\train\images\CAM1_RGB_2024-08-21_02-54-00_jpg.rf.855479c0531645472d2936d3739e7cfa.jpg
CAM1_RGB_2024-08-21_03-24-00_jpg.rf.83ba83c22f9e52cd2a07ce895b21d010.jpg,aproveitavel,-,1093.57,83.63,70.4,640,360,,C:\projetopig\dataset\sows_farm\sows_farm_02.v2i.yolo26\train\images\CAM1_RGB_2024-08-21_03-24-00_jpg.rf.83ba83c22f9e52cd2a07ce895b21d010.jpg
CAM1_RGB_2024-08-21_03-54-00_jpg.rf.55c8d2032c5d8602555b35c311c27d8e.jpg,aproveitavel,-,1217.21,84.8,68.47,640,360,,C:\projetopig\dataset\sows_farm\sows_farm_02.v2i.yolo26\train\images\CAM1_RGB_2024-08-21_03-54-00_jpg.rf.55c8d2032c5d8602555b35c311c27d8e.jpg
CAM1_RGB_2024-08-21_04-24-00_jpg.rf.dff9bec292844a9f22f4ad3e99494c5f.jpg,aproveitavel,-,922.79,81.5,72.86,640,360,,C:\projetopig\dataset\sows_farm\sows_farm_02.v2i.yolo26\train\images\CAM1_RGB_2024-08-21_04-24-00_jpg.rf.dff9bec292844a9f22f4ad3e99494c5f.jpg
CAM1_RGB_2024-08-21_04-54-00_jpg.rf.627ffe3c8f966cd51c92acb0e2e3670c.jpg,aproveitavel,-,897.18,95.68,56.61,640,360,,C:\projetopig\dataset\sows_farm\sows_farm_02.v2i.yolo26\train\images\CAM1_RGB_2024-08-21_04-54-00_jpg.rf.627ffe3c8f966cd51c92acb0e2e3670c.jpg
CAM1_RGB_2024-08-21_05-24-00_jpg.rf.f6edd10272ae4e2d3eb89a8b25e1b1a9.jpg,aproveitavel,-,1199.47,85.46,69.06,640,360,,C:\projetopig\dataset\sows_farm\sows_farm_02.v2i.yolo26\train\images\CAM1_RGB_2024-08-21_05-24-00_jpg.rf.f6edd10272ae4e2d3eb89a8b25e1b1a9.jpg
CAM1_RGB_2024-08-21_05-54-00_jpg.rf.d8907af1c8503f0d0a5319ab63c44976.jpg,aproveitavel,-,969.97,90.37,66.22,640,360,,C:\projetopig\dataset\sows_farm\sows_farm_02.v2i.yolo26\train\images\CAM1_RGB_2024-08-21_05-54-00_jpg.rf.d8907af1c8503f0d0a5319ab63c44976.jpg
CAM1_RGB_2024-08-21_06-24-00_jpg.rf.601e4f6b06f47212d9eec20982b9d10f.jpg,aproveitavel,-,820.37,96.62,56.91,640,360,,C:\projetopig\dataset\sows_farm\sows_farm_02.v2i.yolo26\train\images\CAM1_RGB_2024-08-21_06-24-00_jpg.rf.601e4f6b06f47212d9eec20982b9d10f.jpg
CAM1_RGB_2024-08-21_06-54-00_jpg.rf.402c184d9e5120de102e7627bc7e6c11.jpg,aproveitavel,-,914.85,87.42,68.36,640,360,,C:\projetopig\dataset\sows_farm\sows_farm_02.v2i.yolo26\train\images\CAM1_RGB_2024-08-21_06-54-00_jpg.rf.402c184d9e5120de102e7627bc7e6c11.jpg
CAM1_RGB_2024-08-21_08-24-00_jpg.rf.e66fdbf95672749bf52506811bb0a838.jpg,aproveitavel,-,915.33,100.73,62.28,640,360,,C:\projetopig\dataset\sows_farm\sows_farm_02.v2i.yolo26\train\images\CAM1_RGB_2024-08-21_08-24-00_jpg.rf.e66fdbf95672749bf52506811bb0a838.jpg
CAM1_RGB_2024-08-21_08-54-00_jpg.rf.b035acc89e269765315e8b689c621031.jpg,aproveitavel,-,844.33,99.36,58.71,640,360,,C:\projetopig\dataset\sows_farm\sows_farm_02.v2i.yolo26\train\images\CAM1_RGB_2024-08-21_08-54-00_jpg.rf.b035acc89e269765315e8b689c621031.jpg
CAM1_RGB_2024-08-21_09-24-00_jpg.rf.2c968ba7ca97a31226ffbcbd391306e3.jpg,aproveitavel,-,1024.82,95.17,61.27,640,360,,C:\projetopig\dataset\sows_farm\sows_farm_02.v2i.yolo26\train\images\CAM1_RGB_2024-08-21_09-24-00_jpg.rf.2c968ba7ca97a31226ffbcbd391306e3.jpg
CAM1_RGB_2024-08-21_10-24-00_jpg.rf.fc66ec94fede6be36f347174ee788708.jpg,aproveitavel,-,751.27,93.47,68.04,640,360,,C:\projetopig\dataset\sows_farm\sows_farm_02.v2i.yolo26\train\images\CAM1_RGB_2024-08-21_10-24-00_jpg.rf.fc66ec94fede6be36f347174ee788708.jpg
CAM1_RGB_2024-08-21_10-53-52_jpg.rf.f0d6e75513ce7c04598d0539d9a5b3eb.jpg,aproveitavel,-,712.38,95.06,63.31,640,360,,C:\projetopig\dataset\sows_farm\sows_farm_02.v2i.yolo26\train\images\CAM1_RGB_2024-08-21_10-53-52_jpg.rf.f0d6e75513ce7c04598d0539d9a5b3eb.jpg
CAM1_RGB_2024-08-21_11-54-00_jpg.rf.b3430defc5bbe0de16ec5fd11374971c.jpg,aproveitavel,-,715.78,98.73,59.61,640,360,,C:\projetopig\dataset\sows_farm\sows_farm_02.v2i.yolo26\train\images\CAM1_RGB_2024-08-21_11-54-00_jpg.rf.b3430defc5bbe0de16ec5fd11374971c.jpg
CAM1_RGB_2024-08-21_12-54-00_jpg.rf.3b859e3fafb7b47d8559711f90762f48.jpg,aproveitavel,-,952.22,101.72,58.82,640,360,,C:\projetopig\dataset\sows_farm\sows_farm_02.v2i.yolo26\train\images\CAM1_RGB_2024-08-21_12-54-00_jpg.rf.3b859e3fafb7b47d8559711f90762f48.jpg
CAM1_RGB_2024-08-21_13-24-00_jpg.rf.015f05e97f16686fac5116bc1a14df83.jpg,aproveitavel,-,914.84,98.09,60.57,640,360,,C:\projetopig\dataset\sows_farm\sows_farm_02.v2i.yolo26\train\images\CAM1_RGB_2024-08-21_13-24-00_jpg.rf.015f05e97f16686fac5116bc1a14df83.jpg
CAM1_RGB_2024-08-21_13-54-00_jpg.rf.435edb26ceabe659fafaa3d4644b8055.jpg,aproveitavel,-,848.62,96.79,61.91,640,360,,C:\projetopig\dataset\sows_farm\sows_farm_02.v2i.yolo26\train\images\CAM1_RGB_2024-08-21_13-54-00_jpg.rf.435edb26ceabe659fafaa3d4644b8055.jpg
CAM1_RGB_2024-08-21_14-54-00_jpg.rf.325a32e8e5e200f81e453531f2245af9.jpg,aproveitavel,-,886.74,99.93,59.83,640,360,,C:\projetopig\dataset\sows_farm\sows_farm_02.v2i.yolo26\train\images\CAM1_RGB_2024-08-21_14-54-00_jpg.rf.325a32e8e5e200f81e453531f2245af9.jpg
CAM1_RGB_2024-08-21_15-24-00_jpg.rf.9864a3e67a84f52e535b9f193bfed797.jpg,aproveitavel,-,824.02,98.79,59.3,640,360,,C:\projetopig\dataset\sows_farm\sows_farm_02.v2i.yolo26\train\images\CAM1_RGB_2024-08-21_15-24-00_jpg.rf.9864a3e67a84f52e535b9f193bfed797.jpg
CAM1_RGB_2024-08-21_15-54-00_jpg.rf.93b63bf4b51c59f45d685c746e7daee3.jpg,aproveitavel,-,923.81,98.0,58.67,640,360,,C:\projetopig\dataset\sows_farm\sows_farm_02.v2i.yolo26\train\images\CAM1_RGB_2024-08-21_15-54-00_jpg.rf.93b63bf4b51c59f45d685c746e7daee3.jpg
CAM1_RGB_2024-08-21_16-24-00_jpg.rf.dbc10b64ea6acbc5131ab06ed5f3c1aa.jpg,aproveitavel,-,798.91,98.45,60.45,640,360,,C:\projetopig\dataset\sows_farm\sows_farm_02.v2i.yolo26\train\images\CAM1_RGB_2024-08-21_16-24-00_jpg.rf.dbc10b64ea6acbc5131ab06ed5f3c1aa.jpg
CAM1_RGB_2024-08-21_16-54-00_jpg.rf.97fa988f9d3b9d6720b8c56f0e5bf369.jpg,aproveitavel,-,719.6,92.05,63.68,640,360,,C:\projetopig\dataset\sows_farm\sows_farm_02.v2i.yolo26\train\images\CAM1_RGB_2024-08-21_16-54-00_jpg.rf.97fa988f9d3b9d6720b8c56f0e5bf369.jpg
CAM1_RGB_2024-08-21_17-23-51_jpg.rf.c13ad67c58f58e656d9aa8fb25862d7c.jpg,aproveitavel,-,650.31,86.41,66.68,640,360,,C:\projetopig\dataset\sows_farm\sows_farm_02.v2i.yolo26\train\images\CAM1_RGB_2024-08-21_17-23-51_jpg.rf.c13ad67c58f58e656d9aa8fb25862d7c.jpg
CAM1_RGB_2024-08-21_17-54-00_jpg.rf.e77bf2156d78dc580c3d4fb6a1f007de.jpg,aproveitavel,-,829.73,89.52,60.64,640,360,,C:\projetopig\dataset\sows_farm\sows_farm_02.v2i.yolo26\train\images\CAM1_RGB_2024-08-21_17-54-00_jpg.rf.e77bf2156d78dc580c3d4fb6a1f007de.jpg
CAM1_RGB_2024-08-21_18-23-58_jpg.rf.8c9b3465a5b4c583acab39593d15f2a4.jpg,aproveitavel,-,998.33,93.29,58.71,640,360,,C:\projetopig\dataset\sows_farm\sows_farm_02.v2i.yolo26\train\images\CAM1_RGB_2024-08-21_18-23-58_jpg.rf.8c9b3465a5b4c583acab39593d15f2a4.jpg
CAM1_RGB_2024-08-21_18-54-00_jpg.rf.6c4b71651ef745fb32e76e2c23e459c0.jpg,aproveitavel,-,784.95,89.78,65.78,640,360,,C:\projetopig\dataset\sows_farm\sows_farm_02.v2i.yolo26\train\images\CAM1_RGB_2024-08-21_18-54-00_jpg.rf.6c4b71651ef745fb32e76e2c23e459c0.jpg
CAM1_RGB_2024-08-21_19-54-00_jpg.rf.3f7dd1046cbffd8a3c3593c8b56a2a67.jpg,aproveitavel,-,771.97,90.37,61.2,640,360,,C:\projetopig\dataset\sows_farm\sows_farm_02.v2i.yolo26\train\images\CAM1_RGB_2024-08-21_19-54-00_jpg.rf.3f7dd1046cbffd8a3c3593c8b56a2a67.jpg
CAM1_RGB_2024-08-21_20-23-55_jpg.rf.f096fa1700ef6f3f3cb2e15846465257.jpg,aproveitavel,-,849.24,91.0,64.64,640,360,,C:\projetopig\dataset\sows_farm\sows_farm_02.v2i.yolo26\train\images\CAM1_RGB_2024-08-21_20-23-55_jpg.rf.f096fa1700ef6f3f3cb2e15846465257.jpg
CAM1_RGB_2024-08-21_20-54-00_jpg.rf.8729daaae8e00e64e59f6d65b4678ea3.jpg,aproveitavel,-,905.82,89.67,63.81,640,360,,C:\projetopig\dataset\sows_farm\sows_farm_02.v2i.yolo26\train\images\CAM1_RGB_2024-08-21_20-54-00_jpg.rf.8729daaae8e00e64e59f6d65b4678ea3.jpg
CAM1_RGB_2024-08-21_21-23-34_jpg.rf.d27a0955307a336ca932fba5b72cf8ca.jpg,aproveitavel,-,892.06,95.77,61.41,640,360,,C:\projetopig\dataset\sows_farm\sows_farm_02.v2i.yolo26\train\images\CAM1_RGB_2024-08-21_21-23-34_jpg.rf.d27a0955307a336ca932fba5b72cf8ca.jpg
CAM1_RGB_2024-08-21_21-53-58_jpg.rf.8cfa98067e3ae00e62fbe5ef66285704.jpg,aproveitavel,-,557.49,90.28,53.88,640,360,,C:\projetopig\dataset\sows_farm\sows_farm_02.v2i.yolo26\train\images\CAM1_RGB_2024-08-21_21-53-58_jpg.rf.8cfa98067e3ae00e62fbe5ef66285704.jpg
CAM1_RGB_2024-08-21_22-24-00_jpg.rf.0b8d8c7b55d66f3739721ee6e0402a86.jpg,aproveitavel,-,762.54,90.54,65.69,640,360,,C:\projetopig\dataset\sows_farm\sows_farm_02.v2i.yolo26\train\images\CAM1_RGB_2024-08-21_22-24-00_jpg.rf.0b8d8c7b55d66f3739721ee6e0402a86.jpg
CAM1_RGB_2024-08-21_22-53-57_jpg.rf.9da579f51bcce56ce2926e7f87b7d37f.jpg,aproveitavel,-,843.32,87.58,62.91,640,360,,C:\projetopig\dataset\sows_farm\sows_farm_02.v2i.yolo26\train\images\CAM1_RGB_2024-08-21_22-53-57_jpg.rf.9da579f51bcce56ce2926e7f87b7d37f.jpg
CAM1_RGB_2024-08-21_23-24-00_jpg.rf.39313d42e12ed84fe69ae19c44da7f7c.jpg,aproveitavel,-,882.54,87.84,70.75,640,360,,C:\projetopig\dataset\sows_farm\sows_farm_02.v2i.yolo26\train\images\CAM1_RGB_2024-08-21_23-24-00_jpg.rf.39313d42e12ed84fe69ae19c44da7f7c.jpg
CAM1_RGB_2024-08-22_00-23-46_jpg.rf.4dbe7b218cdfeecec2c73dd63ccff0ae.jpg,aproveitavel,-,935.08,82.53,72.72,640,360,,C:\projetopig\dataset\sows_farm\sows_farm_02.v2i.yolo26\train\images\CAM1_RGB_2024-08-22_00-23-46_jpg.rf.4dbe7b218cdfeecec2c73dd63ccff0ae.jpg
CAM1_RGB_2024-08-22_00-54-00_jpg.rf.76777a7522e745079b69d2443059deee.jpg,aproveitavel,-,1097.54,90.98,69.64,640,360,,C:\projetopig\dataset\sows_farm\sows_farm_02.v2i.yolo26\train\images\CAM1_RGB_2024-08-22_00-54-00_jpg.rf.76777a7522e745079b69d2443059deee.jpg
CAM1_RGB_2024-08-22_01-24-00_jpg.rf.5172bff9d8d8596b18bfddd47a27fdf5.jpg,aproveitavel,-,669.32,85.58,73.58,640,360,,C:\projetopig\dataset\sows_farm\sows_farm_02.v2i.yolo26\train\images\CAM1_RGB_2024-08-22_01-24-00_jpg.rf.5172bff9d8d8596b18bfddd47a27fdf5.jpg
CAM1_RGB_2024-08-22_01-54-00_jpg.rf.830bfd9dae40cdcf8e6d4126b80d754a.jpg,aproveitavel,-,1187.56,84.76,68.23,640,360,,C:\projetopig\dataset\sows_farm\sows_farm_02.v2i.yolo26\train\images\CAM1_RGB_2024-08-22_01-54-00_jpg.rf.830bfd9dae40cdcf8e6d4126b80d754a.jpg
CAM1_RGB_2024-08-22_02-23-59_jpg.rf.e00da67e87a74ea67f251976736828a6.jpg,aproveitavel,-,1007.14,82.22,70.85,640,360,,C:\projetopig\dataset\sows_farm\sows_farm_02.v2i.yolo26\train\images\CAM1_RGB_2024-08-22_02-23-59_jpg.rf.e00da67e87a74ea67f251976736828a6.jpg
CAM1_RGB_2024-08-22_03-24-00_jpg.rf.8a1dfd9b0536d0ead279e51c6d269353.jpg,aproveitavel,-,1207.89,86.79,73.27,640,360,,C:\projetopig\dataset\sows_farm\sows_farm_02.v2i.yolo26\train\images\CAM1_RGB_2024-08-22_03-24-00_jpg.rf.8a1dfd9b0536d0ead279e51c6d269353.jpg
CAM1_RGB_2024-08-22_03-54-00_jpg.rf.6434ff2a6fde08e63c00dfdaf597841d.jpg,aproveitavel,-,999.47,90.32,70.49,640,360,,C:\projetopig\dataset\sows_farm\sows_farm_02.v2i.yolo26\train\images\CAM1_RGB_2024-08-22_03-54-00_jpg.rf.6434ff2a6fde08e63c00dfdaf597841d.jpg
CAM1_RGB_2024-08-22_04-24-00_jpg.rf.9eb07c9deab3fba9249cc83e3889998b.jpg,aproveitavel,-,1102.04,90.1,68.64,640,360,,C:\projetopig\dataset\sows_farm\sows_farm_02.v2i.yolo26\train\images\CAM1_RGB_2024-08-22_04-24-00_jpg.rf.9eb07c9deab3fba9249cc83e3889998b.jpg
CAM1_RGB_2024-08-22_05-24-00_jpg.rf.559b959c378f73a069cee2332be79e40.jpg,aproveitavel,-,983.37,83.53,77.11,640,360,,C:\projetopig\dataset\sows_farm\sows_farm_02.v2i.yolo26\train\images\CAM1_RGB_2024-08-22_05-24-00_jpg.rf.559b959c378f73a069cee2332be79e40.jpg
CAM1_RGB_2024-08-22_05-54-00_jpg.rf.28e2e89fecfa00a39f52039beb7f7610.jpg,aproveitavel,-,765.2,91.64,64.76,640,360,,C:\projetopig\dataset\sows_farm\sows_farm_02.v2i.yolo26\train\images\CAM1_RGB_2024-08-22_05-54-00_jpg.rf.28e2e89fecfa00a39f52039beb7f7610.jpg
CAM1_RGB_2024-08-22_06-24-00_jpg.rf.4b4a23bd3f492b8bc6c0f8bc9a67311b.jpg,aproveitavel,-,974.71,99.15,55.21,640,360,,C:\projetopig\dataset\sows_farm\sows_farm_02.v2i.yolo26\train\images\CAM1_RGB_2024-08-22_06-24-00_jpg.rf.4b4a23bd3f492b8bc6c0f8bc9a67311b.jpg
CAM1_RGB_2024-08-22_08-24-00_jpg.rf.7af4e21bec4a4b0a0a3021f863a1155c.jpg,aproveitavel,-,804.65,97.25,62.8,640,360,,C:\projetopig\dataset\sows_farm\sows_farm_02.v2i.yolo26\train\images\CAM1_RGB_2024-08-22_08-24-00_jpg.rf.7af4e21bec4a4b0a0a3021f863a1155c.jpg
CAM1_RGB_2024-08-22_08-54-00_jpg.rf.92751ad26eb39131263d775e2f496c71.jpg,aproveitavel,-,901.07,95.73,58.84,640,360,,C:\projetopig\dataset\sows_farm\sows_farm_02.v2i.yolo26\train\images\CAM1_RGB_2024-08-22_08-54-00_jpg.rf.92751ad26eb39131263d775e2f496c71.jpg
CAM1_RGB_2024-08-22_09-24-00_jpg.rf.971a08d9dd27b269d7505f85e54b29a5.jpg,aproveitavel,-,727.33,100.05,57.49,640,360,,C:\projetopig\dataset\sows_farm\sows_farm_02.v2i.yolo26\train\images\CAM1_RGB_2024-08-22_09-24-00_jpg.rf.971a08d9dd27b269d7505f85e54b29a5.jpg
CAM1_RGB_2024-08-22_09-54-00_jpg.rf.d5e3131f40ef802bf8983a21bb6e5796.jpg,aproveitavel,-,930.39,97.58,58.41,640,360,,C:\projetopig\dataset\sows_farm\sows_farm_02.v2i.yolo26\train\images\CAM1_RGB_2024-08-22_09-54-00_jpg.rf.d5e3131f40ef802bf8983a21bb6e5796.jpg
CAM1_RGB_2024-08-22_10-53-59_jpg.rf.bd6b2d69bfff728c7d441459ecc8a39e.jpg,aproveitavel,-,863.64,98.56,55.82,640,360,,C:\projetopig\dataset\sows_farm\sows_farm_02.v2i.yolo26\train\images\CAM1_RGB_2024-08-22_10-53-59_jpg.rf.bd6b2d69bfff728c7d441459ecc8a39e.jpg
CAM1_RGB_2024-08-22_11-24-00_jpg.rf.cfa3bf23d9f3a53686bd7600cb9dc7bf.jpg,aproveitavel,-,744.54,98.91,56.77,640,360,,C:\projetopig\dataset\sows_farm\sows_farm_02.v2i.yolo26\train\images\CAM1_RGB_2024-08-22_11-24-00_jpg.rf.cfa3bf23d9f3a53686bd7600cb9dc7bf.jpg
CAM1_RGB_2024-08-22_11-24-58_jpg.rf.1b17bbb6d17c9bfaccc2cc850655f508.jpg,aproveitavel,-,729.32,95.35,57.35,640,360,,C:\projetopig\dataset\sows_farm\sows_farm_02.v2i.yolo26\train\images\CAM1_RGB_2024-08-22_11-24-58_jpg.rf.1b17bbb6d17c9bfaccc2cc850655f508.jpg
CAM1_RGB_2024-08-22_12-53-51_jpg.rf.6cd7681347a74330a57fc0b06c8369f6.jpg,aproveitavel,-,752.51,96.47,60.45,640,360,,C:\projetopig\dataset\sows_farm\sows_farm_02.v2i.yolo26\train\images\CAM1_RGB_2024-08-22_12-53-51_jpg.rf.6cd7681347a74330a57fc0b06c8369f6.jpg
CAM1_RGB_2024-08-22_13-24-00_jpg.rf.887104fd28e4a48640682e156a613866.jpg,aproveitavel,-,608.45,94.47,59.51,640,360,,C:\projetopig\dataset\sows_farm\sows_farm_02.v2i.yolo26\train\images\CAM1_RGB_2024-08-22_13-24-00_jpg.rf.887104fd28e4a48640682e156a613866.jpg
CAM1_RGB_2024-08-22_13-54-00_jpg.rf.3f094966bf92ad326f1f1c2622294279.jpg,aproveitavel,-,638.09,99.15,55.62,640,360,,C:\projetopig\dataset\sows_farm\sows_farm_02.v2i.yolo26\train\images\CAM1_RGB_2024-08-22_13-54-00_jpg.rf.3f094966bf92ad326f1f1c2622294279.jpg
CAM1_RGB_2024-08-22_14-24-00_jpg.rf.ec0db3d1a104f9de34acaefd53c656d3.jpg,aproveitavel,-,593.76,97.18,54.19,640,360,,C:\projetopig\dataset\sows_farm\sows_farm_02.v2i.yolo26\train\images\CAM1_RGB_2024-08-22_14-24-00_jpg.rf.ec0db3d1a104f9de34acaefd53c656d3.jpg
CAM1_RGB_2024-08-22_14-53-59_jpg.rf.df8fd4059fb1d9a5cef71c1c819cb21c.jpg,aproveitavel,-,583.38,91.37,55.15,640,360,,C:\projetopig\dataset\sows_farm\sows_farm_02.v2i.yolo26\train\images\CAM1_RGB_2024-08-22_14-53-59_jpg.rf.df8fd4059fb1d9a5cef71c1c819cb21c.jpg
CAM1_RGB_2024-08-22_15-53-59_jpg.rf.ef8be0a44872e2a8fdadd1e584df07ec.jpg,aproveitavel,-,588.77,96.34,59.67,640,360,,C:\projetopig\dataset\sows_farm\sows_farm_02.v2i.yolo26\train\images\CAM1_RGB_2024-08-22_15-53-59_jpg.rf.ef8be0a44872e2a8fdadd1e584df07ec.jpg
CAM1_RGB_2024-08-22_16-24-00_jpg.rf.d3fcc3d56331d5e7e050b11d007c32a0.jpg,aproveitavel,-,615.67,97.7,57.09,640,360,,C:\projetopig\dataset\sows_farm\sows_farm_02.v2i.yolo26\train\images\CAM1_RGB_2024-08-22_16-24-00_jpg.rf.d3fcc3d56331d5e7e050b11d007c32a0.jpg
CAM1_RGB_2024-08-22_16-54-00_jpg.rf.457938e90ae9549eb5a5fef581adc963.jpg,aproveitavel,-,770.67,91.28,63.17,640,360,,C:\projetopig\dataset\sows_farm\sows_farm_02.v2i.yolo26\train\images\CAM1_RGB_2024-08-22_16-54-00_jpg.rf.457938e90ae9549eb5a5fef581adc963.jpg
CAM1_RGB_2024-08-22_17-24-00_jpg.rf.03b23ebf62571e40abc46d0d4394b344.jpg,aproveitavel,-,674.2,90.18,67.64,640,360,,C:\projetopig\dataset\sows_farm\sows_farm_02.v2i.yolo26\train\images\CAM1_RGB_2024-08-22_17-24-00_jpg.rf.03b23ebf62571e40abc46d0d4394b344.jpg
CAM1_RGB_2024-08-22_17-54-00_jpg.rf.e943c72584ad0654e36e4e9bcdb22341.jpg,aproveitavel,-,827.88,88.27,65.96,640,360,,C:\projetopig\dataset\sows_farm\sows_farm_02.v2i.yolo26\train\images\CAM1_RGB_2024-08-22_17-54-00_jpg.rf.e943c72584ad0654e36e4e9bcdb22341.jpg
CAM1_RGB_2024-08-22_18-24-00_jpg.rf.5fabe72efde278430ea3362df16a6bea.jpg,aproveitavel,-,907.67,87.56,69.08,640,360,,C:\projetopig\dataset\sows_farm\sows_farm_02.v2i.yolo26\train\images\CAM1_RGB_2024-08-22_18-24-00_jpg.rf.5fabe72efde278430ea3362df16a6bea.jpg
CAM1_RGB_2024-08-22_18-54-00_jpg.rf.4defc9797c2bf918f922a50ca94e4d80.jpg,aproveitavel,-,778.49,90.95,69.55,640,360,,C:\projetopig\dataset\sows_farm\sows_farm_02.v2i.yolo26\train\images\CAM1_RGB_2024-08-22_18-54-00_jpg.rf.4defc9797c2bf918f922a50ca94e4d80.jpg
CAM1_RGB_2024-08-22_20-23-52_jpg.rf.3ba97208f52cd8d8e996252eaccbc6d2.jpg,aproveitavel,-,1055.79,95.36,61.54,640,360,,C:\projetopig\dataset\sows_farm\sows_farm_02.v2i.yolo26\train\images\CAM1_RGB_2024-08-22_20-23-52_jpg.rf.3ba97208f52cd8d8e996252eaccbc6d2.jpg
CAM1_RGB_2024-08-22_20-54-00_jpg.rf.fecde8fd7f1d009a07498f1cffae4f2b.jpg,aproveitavel,-,980.73,93.03,65.26,640,360,,C:\projetopig\dataset\sows_farm\sows_farm_02.v2i.yolo26\train\images\CAM1_RGB_2024-08-22_20-54-00_jpg.rf.fecde8fd7f1d009a07498f1cffae4f2b.jpg
CAM1_RGB_2024-08-22_21-24-00_jpg.rf.67d28f5abb74392d6e573e99c06cc2cd.jpg,aproveitavel,-,937.11,93.16,63.9,640,360,,C:\projetopig\dataset\sows_farm\sows_farm_02.v2i.yolo26\train\images\CAM1_RGB_2024-08-22_21-24-00_jpg.rf.67d28f5abb74392d6e573e99c06cc2cd.jpg
CAM1_RGB_2024-08-22_21-53-59_jpg.rf.3cfb29951a018dc97d6ba587a1f029f4.jpg,aproveitavel,-,862.4,88.84,68.83,640,360,,C:\projetopig\dataset\sows_farm\sows_farm_02.v2i.yolo26\train\images\CAM1_RGB_2024-08-22_21-53-59_jpg.rf.3cfb29951a018dc97d6ba587a1f029f4.jpg
CAM1_RGB_2024-08-22_22-24-00_jpg.rf.4acd860100ab075adc142f878113fe87.jpg,aproveitavel,-,974.39,95.45,63.17,640,360,,C:\projetopig\dataset\sows_farm\sows_farm_02.v2i.yolo26\train\images\CAM1_RGB_2024-08-22_22-24-00_jpg.rf.4acd860100ab075adc142f878113fe87.jpg
CAM1_RGB_2024-08-22_22-53-55_jpg.rf.b65b51bfcd10a75122c91b29088e420b.jpg,aproveitavel,-,988.32,94.15,66.34,640,360,,C:\projetopig\dataset\sows_farm\sows_farm_02.v2i.yolo26\train\images\CAM1_RGB_2024-08-22_22-53-55_jpg.rf.b65b51bfcd10a75122c91b29088e420b.jpg
CAM1_RGB_2024-08-22_23-24-00_jpg.rf.70d2596e3a1537fadbc8551cd1e62a50.jpg,aproveitavel,-,1124.1,82.84,71.46,640,360,,C:\projetopig\dataset\sows_farm\sows_farm_02.v2i.yolo26\train\images\CAM1_RGB_2024-08-22_23-24-00_jpg.rf.70d2596e3a1537fadbc8551cd1e62a50.jpg
CAM1_RGB_2024-08-22_23-54-00_jpg.rf.a48acd50f09db01af7df951dd5b3cfcd.jpg,aproveitavel,-,988.83,87.4,71.19,640,360,,C:\projetopig\dataset\sows_farm\sows_farm_02.v2i.yolo26\train\images\CAM1_RGB_2024-08-22_23-54-00_jpg.rf.a48acd50f09db01af7df951dd5b3cfcd.jpg
CAM1_RGB_2024-08-23_00-23-59_jpg.rf.f495db019cc91de3ec946aba1968e87c.jpg,aproveitavel,-,963.17,89.66,73.96,640,360,,C:\projetopig\dataset\sows_farm\sows_farm_02.v2i.yolo26\train\images\CAM1_RGB_2024-08-23_00-23-59_jpg.rf.f495db019cc91de3ec946aba1968e87c.jpg
CAM1_RGB_2024-08-23_01-23-59_jpg.rf.b6a444ea84b363abb052bfcb45bb3f1a.jpg,aproveitavel,-,1047.35,84.23,74.27,640,360,,C:\projetopig\dataset\sows_farm\sows_farm_02.v2i.yolo26\train\images\CAM1_RGB_2024-08-23_01-23-59_jpg.rf.b6a444ea84b363abb052bfcb45bb3f1a.jpg
CAM1_RGB_2024-08-23_02-23-57_jpg.rf.c497542823adfd8c100736e1e3e3c82a.jpg,aproveitavel,-,853.54,79.09,73.28,640,360,,C:\projetopig\dataset\sows_farm\sows_farm_02.v2i.yolo26\train\images\CAM1_RGB_2024-08-23_02-23-57_jpg.rf.c497542823adfd8c100736e1e3e3c82a.jpg
CAM1_RGB_2024-08-23_02-54-00_jpg.rf.f76e532e2f59ee42392c6fa4b5f2dee4.jpg,aproveitavel,-,1066.4,83.43,72.25,640,360,,C:\projetopig\dataset\sows_farm\sows_farm_02.v2i.yolo26\train\images\CAM1_RGB_2024-08-23_02-54-00_jpg.rf.f76e532e2f59ee42392c6fa4b5f2dee4.jpg
CAM1_RGB_2024-08-23_03-23-59_jpg.rf.8e31015b0a2fba37986bd7d644cb1243.jpg,aproveitavel,-,978.32,80.01,68.15,640,360,,C:\projetopig\dataset\sows_farm\sows_farm_02.v2i.yolo26\train\images\CAM1_RGB_2024-08-23_03-23-59_jpg.rf.8e31015b0a2fba37986bd7d644cb1243.jpg
CAM1_RGB_2024-08-23_03-54-00_jpg.rf.0d1065aeca151e60efb69a731b7370f0.jpg,aproveitavel,-,1082.82,90.1,67.43,640,360,,C:\projetopig\dataset\sows_farm\sows_farm_02.v2i.yolo26\train\images\CAM1_RGB_2024-08-23_03-54-00_jpg.rf.0d1065aeca151e60efb69a731b7370f0.jpg
CAM1_RGB_2024-08-23_04-24-00_jpg.rf.4c1fdd306ddcc086535e506dad03a1dd.jpg,aproveitavel,-,1051.65,82.84,72.05,640,360,,C:\projetopig\dataset\sows_farm\sows_farm_02.v2i.yolo26\train\images\CAM1_RGB_2024-08-23_04-24-00_jpg.rf.4c1fdd306ddcc086535e506dad03a1dd.jpg
CAM1_RGB_2024-08-23_04-53-53_jpg.rf.9504da9f01f1d7c8114b655efacbea45.jpg,aproveitavel,-,976.04,87.77,71.7,640,360,,C:\projetopig\dataset\sows_farm\sows_farm_02.v2i.yolo26\train\images\CAM1_RGB_2024-08-23_04-53-53_jpg.rf.9504da9f01f1d7c8114b655efacbea45.jpg
CAM1_RGB_2024-08-23_05-23-51_jpg.rf.5fb157dc20b1f9ea7e5f3f7f18f7aec6.jpg,aproveitavel,-,1065.27,83.99,65.41,640,360,,C:\projetopig\dataset\sows_farm\sows_farm_02.v2i.yolo26\train\images\CAM1_RGB_2024-08-23_05-23-51_jpg.rf.5fb157dc20b1f9ea7e5f3f7f18f7aec6.jpg
CAM1_RGB_2024-08-23_06-23-57_jpg.rf.ed91a4fe241e6cbd4a7f188379dc1b55.jpg,aproveitavel,-,784.11,78.86,73.08,640,360,,C:\projetopig\dataset\sows_farm\sows_farm_02.v2i.yolo26\train\images\CAM1_RGB_2024-08-23_06-23-57_jpg.rf.ed91a4fe241e6cbd4a7f188379dc1b55.jpg
CAM1_RGB_2024-08-23_06-54-00_jpg.rf.ad3414bf0fe912681c0329675d878888.jpg,aproveitavel,-,1001.05,95.46,62.39,640,360,,C:\projetopig\dataset\sows_farm\sows_farm_02.v2i.yolo26\train\images\CAM1_RGB_2024-08-23_06-54-00_jpg.rf.ad3414bf0fe912681c0329675d878888.jpg
CAM1_RGB_2024-08-23_07-23-49_jpg.rf.0d7e3d2d0b94c362997084bc463e5051.jpg,aproveitavel,-,848.62,93.59,65.83,640,360,,C:\projetopig\dataset\sows_farm\sows_farm_02.v2i.yolo26\train\images\CAM1_RGB_2024-08-23_07-23-49_jpg.rf.0d7e3d2d0b94c362997084bc463e5051.jpg
CAM1_RGB_2024-08-23_07-54-00_jpg.rf.5fce48e1c57ebcf4972bc1720c55ebd0.jpg,aproveitavel,-,898.31,101.84,57.72,640,360,,C:\projetopig\dataset\sows_farm\sows_farm_02.v2i.yolo26\train\images\CAM1_RGB_2024-08-23_07-54-00_jpg.rf.5fce48e1c57ebcf4972bc1720c55ebd0.jpg
CAM1_RGB_2024-08-23_08-23-44_jpg.rf.461c4fb5626177d5d9fe84dffed25104.jpg,aproveitavel,-,927.54,101.52,61.04,640,360,,C:\projetopig\dataset\sows_farm\sows_farm_02.v2i.yolo26\train\images\CAM1_RGB_2024-08-23_08-23-44_jpg.rf.461c4fb5626177d5d9fe84dffed25104.jpg
CAM1_RGB_2024-08-23_08-53-59_jpg.rf.d1d919bf359347d8566f8727c70d14b0.jpg,aproveitavel,-,728.98,90.09,63.36,640,360,,C:\projetopig\dataset\sows_farm\sows_farm_02.v2i.yolo26\train\images\CAM1_RGB_2024-08-23_08-53-59_jpg.rf.d1d919bf359347d8566f8727c70d14b0.jpg
CAM1_RGB_2024-08-23_09-23-52_jpg.rf.7cca889a601ed117f97f5e9941070d86.jpg,aproveitavel,-,903.28,98.98,60.15,640,360,,C:\projetopig\dataset\sows_farm\sows_farm_02.v2i.yolo26\train\images\CAM1_RGB_2024-08-23_09-23-52_jpg.rf.7cca889a601ed117f97f5e9941070d86.jpg
CAM1_RGB_2024-08-23_10-23-45_jpg.rf.e2e38a66b8af16744791ee91d4219983.jpg,aproveitavel,-,552.42,98.35,54.79,640,360,,C:\projetopig\dataset\sows_farm\sows_farm_02.v2i.yolo26\train\images\CAM1_RGB_2024-08-23_10-23-45_jpg.rf.e2e38a66b8af16744791ee91d4219983.jpg
CAM1_RGB_2024-08-23_11-24-00_jpg.rf.889dc121e993fc82c7162a7830e57c15.jpg,aproveitavel,-,609.35,94.86,58.21,640,360,,C:\projetopig\dataset\sows_farm\sows_farm_02.v2i.yolo26\train\images\CAM1_RGB_2024-08-23_11-24-00_jpg.rf.889dc121e993fc82c7162a7830e57c15.jpg
CAM1_RGB_2024-08-23_11-53-59_jpg.rf.c552530ab561ca9642564ef5257fa8f5.jpg,aproveitavel,-,543.86,89.25,64.08,640,360,,C:\projetopig\dataset\sows_farm\sows_farm_02.v2i.yolo26\train\images\CAM1_RGB_2024-08-23_11-53-59_jpg.rf.c552530ab561ca9642564ef5257fa8f5.jpg
CAM1_RGB_2024-08-23_12-24-00_jpg.rf.763f1f4e1896aa12539cc634c534f206.jpg,aproveitavel,-,601.03,99.4,56.15,640,360,,C:\projetopig\dataset\sows_farm\sows_farm_02.v2i.yolo26\train\images\CAM1_RGB_2024-08-23_12-24-00_jpg.rf.763f1f4e1896aa12539cc634c534f206.jpg
CAM1_RGB_2024-08-23_12-53-59_jpg.rf.4a0ec797dd3079d6fe1536313048299c.jpg,aproveitavel,-,527.29,96.51,54.54,640,360,,C:\projetopig\dataset\sows_farm\sows_farm_02.v2i.yolo26\train\images\CAM1_RGB_2024-08-23_12-53-59_jpg.rf.4a0ec797dd3079d6fe1536313048299c.jpg
CAM1_RGB_2024-08-23_13-23-58_jpg.rf.66f159b52cb0d17de9fe7fc2bcd44a70.jpg,aproveitavel,-,675.42,99.53,55.55,640,360,,C:\projetopig\dataset\sows_farm\sows_farm_02.v2i.yolo26\train\images\CAM1_RGB_2024-08-23_13-23-58_jpg.rf.66f159b52cb0d17de9fe7fc2bcd44a70.jpg
CAM1_RGB_2024-08-23_13-53-59_jpg.rf.bf9e8b787b7dcfae06d8ae9fa807ec6c.jpg,aproveitavel,-,627.87,98.6,53.75,640,360,,C:\projetopig\dataset\sows_farm\sows_farm_02.v2i.yolo26\train\images\CAM1_RGB_2024-08-23_13-53-59_jpg.rf.bf9e8b787b7dcfae06d8ae9fa807ec6c.jpg
CAM1_RGB_2024-08-23_14-55-00_jpg.rf.0246415c18a61f912c6f3393c9fe63d5.jpg,aproveitavel,-,483.28,88.79,60.49,640,360,,C:\projetopig\dataset\sows_farm\sows_farm_02.v2i.yolo26\train\images\CAM1_RGB_2024-08-23_14-55-00_jpg.rf.0246415c18a61f912c6f3393c9fe63d5.jpg
CAM1_RGB_2024-08-23_16-24-59_jpg.rf.5d1bbf474fbb96fe55b8fab0c2831107.jpg,aproveitavel,-,583.89,93.42,62.97,640,360,,C:\projetopig\dataset\sows_farm\sows_farm_02.v2i.yolo26\train\images\CAM1_RGB_2024-08-23_16-24-59_jpg.rf.5d1bbf474fbb96fe55b8fab0c2831107.jpg
CAM1_RGB_2024-08-23_16-55-00_jpg.rf.7410ab5a106fcff7319c9320727fa3bd.jpg,aproveitavel,-,471.41,89.13,61.86,640,360,,C:\projetopig\dataset\sows_farm\sows_farm_02.v2i.yolo26\train\images\CAM1_RGB_2024-08-23_16-55-00_jpg.rf.7410ab5a106fcff7319c9320727fa3bd.jpg
CAM1_RGB_2024-08-23_17-55-00_jpg.rf.bc1bdcc74c2df697d28ce074ae20a274.jpg,aproveitavel,-,427.85,91.88,52.12,640,360,,C:\projetopig\dataset\sows_farm\sows_farm_02.v2i.yolo26\train\images\CAM1_RGB_2024-08-23_17-55-00_jpg.rf.bc1bdcc74c2df697d28ce074ae20a274.jpg
CAM1_RGB_2024-08-23_18-25-00_jpg.rf.4fc7fbc4cd75daabdf7aa682c06319a8.jpg,aproveitavel,-,378.62,86.06,55.72,640,360,,C:\projetopig\dataset\sows_farm\sows_farm_02.v2i.yolo26\train\images\CAM1_RGB_2024-08-23_18-25-00_jpg.rf.4fc7fbc4cd75daabdf7aa682c06319a8.jpg
CAM1_RGB_2024-08-23_18-54-49_jpg.rf.e0512648e8bcad8fd0baef33f87c0a04.jpg,aproveitavel,-,514.43,100.59,52.51,640,360,,C:\projetopig\dataset\sows_farm\sows_farm_02.v2i.yolo26\train\images\CAM1_RGB_2024-08-23_18-54-49_jpg.rf.e0512648e8bcad8fd0baef33f87c0a04.jpg
CAM1_RGB_2024-08-23_19-24-58_jpg.rf.a1a5e81cbc6e45115ec5c17539b8f216.jpg,aproveitavel,-,486.8,98.5,50.77,640,360,,C:\projetopig\dataset\sows_farm\sows_farm_02.v2i.yolo26\train\images\CAM1_RGB_2024-08-23_19-24-58_jpg.rf.a1a5e81cbc6e45115ec5c17539b8f216.jpg
CAM1_RGB_2024-08-23_19-54-58_jpg.rf.effbc96fac0fdf8a9f2b5e2a537a290d.jpg,aproveitavel,-,363.59,92.1,52.68,640,360,,C:\projetopig\dataset\sows_farm\sows_farm_02.v2i.yolo26\train\images\CAM1_RGB_2024-08-23_19-54-58_jpg.rf.effbc96fac0fdf8a9f2b5e2a537a290d.jpg
CAM1_RGB_2024-08-23_20-24-59_jpg.rf.d722358d6d01f44538d1598b6daba8f6.jpg,aproveitavel,-,511.86,97.93,52.49,640,360,,C:\projetopig\dataset\sows_farm\sows_farm_02.v2i.yolo26\train\images\CAM1_RGB_2024-08-23_20-24-59_jpg.rf.d722358d6d01f44538d1598b6daba8f6.jpg
CAM1_RGB_2024-08-23_20-55-00_jpg.rf.53cfe5217c5d89cd121a330883d1b956.jpg,aproveitavel,-,526.55,100.26,51.74,640,360,,C:\projetopig\dataset\sows_farm\sows_farm_02.v2i.yolo26\train\images\CAM1_RGB_2024-08-23_20-55-00_jpg.rf.53cfe5217c5d89cd121a330883d1b956.jpg
CAM1_RGB_2024-08-23_21-24-54_jpg.rf.66b0751d3c98a9c9cace8c2da7aa4e6c.jpg,aproveitavel,-,363.86,93.6,54.98,640,360,,C:\projetopig\dataset\sows_farm\sows_farm_02.v2i.yolo26\train\images\CAM1_RGB_2024-08-23_21-24-54_jpg.rf.66b0751d3c98a9c9cace8c2da7aa4e6c.jpg
CAM1_RGB_2024-08-23_21-54-57_jpg.rf.dbcef5f79739ba1c7c5a516be0f12740.jpg,aproveitavel,-,525.64,100.18,51.73,640,360,,C:\projetopig\dataset\sows_farm\sows_farm_02.v2i.yolo26\train\images\CAM1_RGB_2024-08-23_21-54-57_jpg.rf.dbcef5f79739ba1c7c5a516be0f12740.jpg
CAM1_RGB_2024-08-23_22-24-52_jpg.rf.e42825a260de08450dc0e61e26952d75.jpg,aproveitavel,-,468.33,100.59,52.91,640,360,,C:\projetopig\dataset\sows_farm\sows_farm_02.v2i.yolo26\train\images\CAM1_RGB_2024-08-23_22-24-52_jpg.rf.e42825a260de08450dc0e61e26952d75.jpg
CAM1_RGB_2024-08-23_22-54-54_jpg.rf.7cc48af358778a089c16a25f6bf40617.jpg,aproveitavel,-,416.76,94.1,54.87,640,360,,C:\projetopig\dataset\sows_farm\sows_farm_02.v2i.yolo26\train\images\CAM1_RGB_2024-08-23_22-54-54_jpg.rf.7cc48af358778a089c16a25f6bf40617.jpg
CAM1_RGB_2024-08-23_23-24-40_jpg.rf.4ff574281e25cbeea5e0bdc898967481.jpg,descartar,borrada;subexposta,82.49,32.21,23.97,640,360,,C:\projetopig\dataset\sows_farm\sows_farm_02.v2i.yolo26\train\images\CAM1_RGB_2024-08-23_23-24-40_jpg.rf.4ff574281e25cbeea5e0bdc898967481.jpg
CAM1_RGB_2024-08-23_23-54-56_jpg.rf.c5b528fe01f5f110dc4e3e700645d61c.jpg,descartar,borrada;subexposta,71.03,32.03,26.89,640,360,,C:\projetopig\dataset\sows_farm\sows_farm_02.v2i.yolo26\train\images\CAM1_RGB_2024-08-23_23-54-56_jpg.rf.c5b528fe01f5f110dc4e3e700645d61c.jpg
CAM1_RGB_2024-08-24_00-25-59_jpg.rf.a764fed07bf5985a707281191b442efe.jpg,descartar,borrada;subexposta,86.23,34.72,26.03,640,360,,C:\projetopig\dataset\sows_farm\sows_farm_02.v2i.yolo26\train\images\CAM1_RGB_2024-08-24_00-25-59_jpg.rf.a764fed07bf5985a707281191b442efe.jpg
CAM1_RGB_2024-08-24_00-55-59_jpg.rf.002381b6d8fbcacfe7f2e4a205231c22.jpg,descartar,borrada,79.29,35.94,28.09,640,360,,C:\projetopig\dataset\sows_farm\sows_farm_02.v2i.yolo26\train\images\CAM1_RGB_2024-08-24_00-55-59_jpg.rf.002381b6d8fbcacfe7f2e4a205231c22.jpg
CAM1_RGB_2024-08-24_01-25-47_jpg.rf.027a09171dd53193b1afe4a46c149603.jpg,descartar,borrada,91.22,35.65,25.28,640,360,,C:\projetopig\dataset\sows_farm\sows_farm_02.v2i.yolo26\train\images\CAM1_RGB_2024-08-24_01-25-47_jpg.rf.027a09171dd53193b1afe4a46c149603.jpg
CAM1_RGB_2024-08-24_01-55-57_jpg.rf.da6c90615c385c474e1a36a13006fbe8.jpg,descartar,borrada,79.59,35.92,27.61,640,360,,C:\projetopig\dataset\sows_farm\sows_farm_02.v2i.yolo26\train\images\CAM1_RGB_2024-08-24_01-55-57_jpg.rf.da6c90615c385c474e1a36a13006fbe8.jpg
CAM1_RGB_2024-08-24_02-25-58_jpg.rf.4c39d5d990ebfb4f40c4316f8fa4e5e1.jpg,descartar,borrada,94.2,35.69,25.25,640,360,,C:\projetopig\dataset\sows_farm\sows_farm_02.v2i.yolo26\train\images\CAM1_RGB_2024-08-24_02-25-58_jpg.rf.4c39d5d990ebfb4f40c4316f8fa4e5e1.jpg
CAM1_RGB_2024-08-24_03-25-55_jpg.rf.265d6064ba311002e69a1f477a99343e.jpg,descartar,borrada;subexposta,82.37,32.48,22.45,640,360,,C:\projetopig\dataset\sows_farm\sows_farm_02.v2i.yolo26\train\images\CAM1_RGB_2024-08-24_03-25-55_jpg.rf.265d6064ba311002e69a1f477a99343e.jpg
CAM1_RGB_2024-08-24_04-25-47_jpg.rf.c9a8a43114821c9f855d843a1634f253.jpg,descartar,borrada;subexposta,86.19,31.81,23.98,640,360,,C:\projetopig\dataset\sows_farm\sows_farm_02.v2i.yolo26\train\images\CAM1_RGB_2024-08-24_04-25-47_jpg.rf.c9a8a43114821c9f855d843a1634f253.jpg
CAM1_RGB_2024-08-24_04-55-55_jpg.rf.cce92f5f8a4e2b031155e83e2061028c.jpg,descartar,borrada,89.73,36.87,26.3,640,360,,C:\projetopig\dataset\sows_farm\sows_farm_02.v2i.yolo26\train\images\CAM1_RGB_2024-08-24_04-55-55_jpg.rf.cce92f5f8a4e2b031155e83e2061028c.jpg
CAM1_RGB_2024-08-24_05-58-00_jpg.rf.115b38fa72cf8599e1d37910a08f3495.jpg,duvidosa,nitidez_limitrofe,150.19,45.97,37.35,640,360,,C:\projetopig\dataset\sows_farm\sows_farm_02.v2i.yolo26\train\images\CAM1_RGB_2024-08-24_05-58-00_jpg.rf.115b38fa72cf8599e1d37910a08f3495.jpg
CAM1_RGB_2024-08-24_06-24-00_jpg.rf.50fbdd6ab9df3da334f7a109544c7c8c.jpg,aproveitavel,-,218.58,80.93,55.4,640,360,,C:\projetopig\dataset\sows_farm\sows_farm_02.v2i.yolo26\train\images\CAM1_RGB_2024-08-24_06-24-00_jpg.rf.50fbdd6ab9df3da334f7a109544c7c8c.jpg
CAM1_RGB_2024-08-24_06-28-58_jpg.rf.721df97bfb88923ce57841eea114862b.jpg,aproveitavel,-,299.63,81.8,45.51,640,360,,C:\projetopig\dataset\sows_farm\sows_farm_02.v2i.yolo26\train\images\CAM1_RGB_2024-08-24_06-28-58_jpg.rf.721df97bfb88923ce57841eea114862b.jpg
CAM1_RGB_2024-08-24_06-58-38_jpg.rf.96e09d880112110fb6fb4e8053ec6b10.jpg,aproveitavel,-,459.98,100.48,53.73,640,360,,C:\projetopig\dataset\sows_farm\sows_farm_02.v2i.yolo26\train\images\CAM1_RGB_2024-08-24_06-58-38_jpg.rf.96e09d880112110fb6fb4e8053ec6b10.jpg
CAM1_RGB_2024-08-24_07-29-55_jpg.rf.23dfe666bea9e8e1adb5550585d5a699.jpg,aproveitavel,-,505.97,88.44,59.65,640,360,,C:\projetopig\dataset\sows_farm\sows_farm_02.v2i.yolo26\train\images\CAM1_RGB_2024-08-24_07-29-55_jpg.rf.23dfe666bea9e8e1adb5550585d5a699.jpg
CAM1_RGB_2024-08-24_07-59-57_jpg.rf.f7febe5b396c221b46d5c87a7254f49c.jpg,aproveitavel,-,563.0,97.94,56.04,640,360,,C:\projetopig\dataset\sows_farm\sows_farm_02.v2i.yolo26\train\images\CAM1_RGB_2024-08-24_07-59-57_jpg.rf.f7febe5b396c221b46d5c87a7254f49c.jpg
CAM1_RGB_2024-08-24_08-30-59_jpg.rf.31c821de037ea299dec55510059d526f.jpg,aproveitavel,-,596.92,91.72,60.92,640,360,,C:\projetopig\dataset\sows_farm\sows_farm_02.v2i.yolo26\train\images\CAM1_RGB_2024-08-24_08-30-59_jpg.rf.31c821de037ea299dec55510059d526f.jpg
CAM1_RGB_2024-08-24_09-01-59_jpg.rf.d8630332eed1a6dae3ad0d15f7b82863.jpg,aproveitavel,-,601.31,97.75,59.21,640,360,,C:\projetopig\dataset\sows_farm\sows_farm_02.v2i.yolo26\train\images\CAM1_RGB_2024-08-24_09-01-59_jpg.rf.d8630332eed1a6dae3ad0d15f7b82863.jpg
CAM1_RGB_2024-08-24_09-23-38_jpg.rf.93dc3a7ea97e14d4fe341b9e299c44af.jpg,aproveitavel,-,431.62,87.9,62.39,640,360,,C:\projetopig\dataset\sows_farm\sows_farm_02.v2i.yolo26\train\images\CAM1_RGB_2024-08-24_09-23-38_jpg.rf.93dc3a7ea97e14d4fe341b9e299c44af.jpg
CAM1_RGB_2024-08-24_09-31-44_jpg.rf.d2fcc3e964988c64958fcb713fe58d6d.jpg,aproveitavel,-,567.41,91.79,61.15,640,360,,C:\projetopig\dataset\sows_farm\sows_farm_02.v2i.yolo26\train\images\CAM1_RGB_2024-08-24_09-31-44_jpg.rf.d2fcc3e964988c64958fcb713fe58d6d.jpg
CAM1_RGB_2024-08-24_10-01-52_jpg.rf.9338c24275782673a5f8a834d9f22577.jpg,aproveitavel,-,642.87,103.43,55.59,640,360,,C:\projetopig\dataset\sows_farm\sows_farm_02.v2i.yolo26\train\images\CAM1_RGB_2024-08-24_10-01-52_jpg.rf.9338c24275782673a5f8a834d9f22577.jpg
CAM1_RGB_2024-08-24_11-05-22_jpg.rf.e5046b9e415f28ccf3ee6f9b16e9e7bf.jpg,aproveitavel,-,540.56,88.91,65.77,640,360,,C:\projetopig\dataset\sows_farm\sows_farm_02.v2i.yolo26\train\images\CAM1_RGB_2024-08-24_11-05-22_jpg.rf.e5046b9e415f28ccf3ee6f9b16e9e7bf.jpg
CAM1_RGB_2024-08-24_11-39-21_jpg.rf.9650b4d06de5ab1b63ce568e6ea000de.jpg,aproveitavel,-,487.14,91.2,63.05,640,360,,C:\projetopig\dataset\sows_farm\sows_farm_02.v2i.yolo26\train\images\CAM1_RGB_2024-08-24_11-39-21_jpg.rf.9650b4d06de5ab1b63ce568e6ea000de.jpg
CAM1_RGB_2024-08-24_12-12-53_jpg.rf.2a2334b95341a6bfd5ec784bc202628d.jpg,aproveitavel,-,564.23,94.05,58.72,640,360,,C:\projetopig\dataset\sows_farm\sows_farm_02.v2i.yolo26\train\images\CAM1_RGB_2024-08-24_12-12-53_jpg.rf.2a2334b95341a6bfd5ec784bc202628d.jpg
CAM1_RGB_2024-08-24_14-28-38_jpg.rf.104fd5927e294ce7363bd0e4af0dbe23.jpg,aproveitavel,-,489.82,90.71,54.39,640,360,,C:\projetopig\dataset\sows_farm\sows_farm_02.v2i.yolo26\train\images\CAM1_RGB_2024-08-24_14-28-38_jpg.rf.104fd5927e294ce7363bd0e4af0dbe23.jpg
CAM1_RGB_2024-08-24_15-36-00_jpg.rf.a627b8fa8ef9ccf01eea7a1220f485fd.jpg,aproveitavel,-,635.02,101.81,55.86,640,360,,C:\projetopig\dataset\sows_farm\sows_farm_02.v2i.yolo26\train\images\CAM1_RGB_2024-08-24_15-36-00_jpg.rf.a627b8fa8ef9ccf01eea7a1220f485fd.jpg
CAM1_RGB_2024-08-24_16-11-51_jpg.rf.891d655d812d056cc84e2bc4921fbaae.jpg,aproveitavel,-,596.27,93.07,56.75,640,360,,C:\projetopig\dataset\sows_farm\sows_farm_02.v2i.yolo26\train\images\CAM1_RGB_2024-08-24_16-11-51_jpg.rf.891d655d812d056cc84e2bc4921fbaae.jpg
CAM1_RGB_2024-08-24_16-54-15_jpg.rf.ee7fd5ca90a7e21902dc61ebae6e4ffa.jpg,aproveitavel,-,650.9,101.19,58.87,640,360,,C:\projetopig\dataset\sows_farm\sows_farm_02.v2i.yolo26\train\images\CAM1_RGB_2024-08-24_16-54-15_jpg.rf.ee7fd5ca90a7e21902dc61ebae6e4ffa.jpg
CAM1_RGB_2024-08-24_17-27-00_jpg.rf.dd42d86c0bbc2eaa09ca97848aa78f69.jpg,aproveitavel,-,579.15,89.94,53.17,640,360,,C:\projetopig\dataset\sows_farm\sows_farm_02.v2i.yolo26\train\images\CAM1_RGB_2024-08-24_17-27-00_jpg.rf.dd42d86c0bbc2eaa09ca97848aa78f69.jpg
CAM1_RGB_2024-08-30_11-38-00_jpg.rf.4b2d18d10eb5e465acadd26d34f946c1.jpg,aproveitavel,-,469.63,95.5,62.94,640,360,,C:\projetopig\dataset\sows_farm\sows_farm_02.v2i.yolo26\train\images\CAM1_RGB_2024-08-30_11-38-00_jpg.rf.4b2d18d10eb5e465acadd26d34f946c1.jpg
CAM1_RGB_2024-08-31_06-34-00_jpg.rf.e6cb834997976c48ed0e0637bcf9ded0.jpg,aproveitavel,-,367.07,88.41,55.54,640,360,,C:\projetopig\dataset\sows_farm\sows_farm_02.v2i.yolo26\train\images\CAM1_RGB_2024-08-31_06-34-00_jpg.rf.e6cb834997976c48ed0e0637bcf9ded0.jpg
CAM1_RGB_2024-08-31_08-54-59_jpg.rf.40f3a80e33185f64848cb7c30400772b.jpg,aproveitavel,-,449.69,94.75,60.9,640,360,,C:\projetopig\dataset\sows_farm\sows_farm_02.v2i.yolo26\train\images\CAM1_RGB_2024-08-31_08-54-59_jpg.rf.40f3a80e33185f64848cb7c30400772b.jpg
CAM1_RGB_2024-08-31_09-04-00_jpg.rf.e52d63ca4ab20db59746144c98fb8ddd.jpg,aproveitavel,-,515.57,97.82,62.72,640,360,,C:\projetopig\dataset\sows_farm\sows_farm_02.v2i.yolo26\train\images\CAM1_RGB_2024-08-31_09-04-00_jpg.rf.e52d63ca4ab20db59746144c98fb8ddd.jpg
CAM1_RGB_2024-08-31_09-08-00_jpg.rf.e0fb08b7b50840d491880a7c9ad570be.jpg,aproveitavel,-,381.82,85.58,61.68,640,360,,C:\projetopig\dataset\sows_farm\sows_farm_02.v2i.yolo26\train\images\CAM1_RGB_2024-08-31_09-08-00_jpg.rf.e0fb08b7b50840d491880a7c9ad570be.jpg
CAM2_RGB_2024-08-15_08-42-00_jpg.rf.15bb2709fd4cd6b7f4cfcf6c83cde4e7.jpg,aproveitavel,-,539.18,104.07,59.88,640,360,,C:\projetopig\dataset\sows_farm\sows_farm_02.v2i.yolo26\train\images\CAM2_RGB_2024-08-15_08-42-00_jpg.rf.15bb2709fd4cd6b7f4cfcf6c83cde4e7.jpg
CAM2_RGB_2024-08-15_09-11-59_jpg.rf.13f8ca4c1b65f8e0cd58d6ee329a4aae.jpg,aproveitavel,-,754.37,106.94,59.5,640,360,,C:\projetopig\dataset\sows_farm\sows_farm_02.v2i.yolo26\train\images\CAM2_RGB_2024-08-15_09-11-59_jpg.rf.13f8ca4c1b65f8e0cd58d6ee329a4aae.jpg
CAM2_RGB_2024-08-15_10-12-00_jpg.rf.2725ea6a278e0b3246c442969da7e1f3.jpg,aproveitavel,-,814.22,109.37,54.67,640,360,,C:\projetopig\dataset\sows_farm\sows_farm_02.v2i.yolo26\train\images\CAM2_RGB_2024-08-15_10-12-00_jpg.rf.2725ea6a278e0b3246c442969da7e1f3.jpg
CAM2_RGB_2024-08-15_10-42-00_jpg.rf.1161262e90cc2576d5abad99da211a34.jpg,aproveitavel,-,737.72,101.92,58.21,640,360,,C:\projetopig\dataset\sows_farm\sows_farm_02.v2i.yolo26\train\images\CAM2_RGB_2024-08-15_10-42-00_jpg.rf.1161262e90cc2576d5abad99da211a34.jpg
CAM2_RGB_2024-08-15_11-11-59_jpg.rf.142c156d9ef4a74509b8610b40efae3b.jpg,aproveitavel,-,716.42,100.41,59.33,640,360,,C:\projetopig\dataset\sows_farm\sows_farm_02.v2i.yolo26\train\images\CAM2_RGB_2024-08-15_11-11-59_jpg.rf.142c156d9ef4a74509b8610b40efae3b.jpg
CAM2_RGB_2024-08-15_11-41-59_jpg.rf.31a67ae1371ef40afe8a76871dd90b19.jpg,aproveitavel,-,706.82,107.13,58.55,640,360,,C:\projetopig\dataset\sows_farm\sows_farm_02.v2i.yolo26\train\images\CAM2_RGB_2024-08-15_11-41-59_jpg.rf.31a67ae1371ef40afe8a76871dd90b19.jpg
CAM2_RGB_2024-08-15_12-12-00_jpg.rf.40983a80f8bdc3604c77100879804a43.jpg,aproveitavel,-,696.3,108.31,57.28,640,360,,C:\projetopig\dataset\sows_farm\sows_farm_02.v2i.yolo26\train\images\CAM2_RGB_2024-08-15_12-12-00_jpg.rf.40983a80f8bdc3604c77100879804a43.jpg
CAM2_RGB_2024-08-15_13-12-00_jpg.rf.5ae4e275d3d378c7db5c5ad40a2b8b6c.jpg,aproveitavel,-,719.15,105.37,57.14,640,360,,C:\projetopig\dataset\sows_farm\sows_farm_02.v2i.yolo26\train\images\CAM2_RGB_2024-08-15_13-12-00_jpg.rf.5ae4e275d3d378c7db5c5ad40a2b8b6c.jpg
CAM2_RGB_2024-08-15_13-42-00_jpg.rf.69bd0945e295f75f2611f8dcbdc4db48.jpg,aproveitavel,-,615.91,106.33,57.64,640,360,,C:\projetopig\dataset\sows_farm\sows_farm_02.v2i.yolo26\train\images\CAM2_RGB_2024-08-15_13-42-00_jpg.rf.69bd0945e295f75f2611f8dcbdc4db48.jpg
CAM2_RGB_2024-08-15_14-12-00_jpg.rf.2cef1407d5a0bfcd5b10f174f94be789.jpg,aproveitavel,-,810.71,110.24,53.62,640,360,,C:\projetopig\dataset\sows_farm\sows_farm_02.v2i.yolo26\train\images\CAM2_RGB_2024-08-15_14-12-00_jpg.rf.2cef1407d5a0bfcd5b10f174f94be789.jpg
CAM2_RGB_2024-08-15_14-42-00_jpg.rf.16d5d0c9ab3690a7a05b80be114bb013.jpg,aproveitavel,-,877.25,103.49,54.81,640,360,,C:\projetopig\dataset\sows_farm\sows_farm_02.v2i.yolo26\train\images\CAM2_RGB_2024-08-15_14-42-00_jpg.rf.16d5d0c9ab3690a7a05b80be114bb013.jpg
CAM2_RGB_2024-08-16_08-55-00_jpg.rf.8028689f900fd22560dffb0276c8b112.jpg,aproveitavel,-,532.72,103.53,61.27,640,360,,C:\projetopig\dataset\sows_farm\sows_farm_02.v2i.yolo26\train\images\CAM2_RGB_2024-08-16_08-55-00_jpg.rf.8028689f900fd22560dffb0276c8b112.jpg
CAM2_RGB_2024-08-16_09-25-00_jpg.rf.06c6a29ba1a244850e372358a9d060bf.jpg,aproveitavel,-,592.91,100.77,59.31,640,360,,C:\projetopig\dataset\sows_farm\sows_farm_02.v2i.yolo26\train\images\CAM2_RGB_2024-08-16_09-25-00_jpg.rf.06c6a29ba1a244850e372358a9d060bf.jpg
CAM2_RGB_2024-08-16_09-55-00_jpg.rf.dc5905dcc91672e3f4d6280bca70c8df.jpg,aproveitavel,-,782.57,106.77,51.9,640,360,,C:\projetopig\dataset\sows_farm\sows_farm_02.v2i.yolo26\train\images\CAM2_RGB_2024-08-16_09-55-00_jpg.rf.dc5905dcc91672e3f4d6280bca70c8df.jpg
CAM2_RGB_2024-08-16_10-25-00_jpg.rf.ce3d97b9985e0b44fc8d2d539be58d0e.jpg,aproveitavel,-,622.5,105.76,61.34,640,360,,C:\projetopig\dataset\sows_farm\sows_farm_02.v2i.yolo26\train\images\CAM2_RGB_2024-08-16_10-25-00_jpg.rf.ce3d97b9985e0b44fc8d2d539be58d0e.jpg
CAM2_RGB_2024-08-16_10-54-59_jpg.rf.f4b767f37c705b51db39a71dc2e955b4.jpg,aproveitavel,-,693.91,107.54,52.27,640,360,,C:\projetopig\dataset\sows_farm\sows_farm_02.v2i.yolo26\train\images\CAM2_RGB_2024-08-16_10-54-59_jpg.rf.f4b767f37c705b51db39a71dc2e955b4.jpg
CAM2_RGB_2024-08-16_12-25-00_jpg.rf.655102012c30b7b34e1a6e32f093b99f.jpg,aproveitavel,-,594.11,102.95,60.76,640,360,,C:\projetopig\dataset\sows_farm\sows_farm_02.v2i.yolo26\train\images\CAM2_RGB_2024-08-16_12-25-00_jpg.rf.655102012c30b7b34e1a6e32f093b99f.jpg
CAM2_RGB_2024-08-16_12-56-00_jpg.rf.cccd27b916806631f950e30bedc089fa.jpg,aproveitavel,-,583.34,101.0,60.02,640,360,,C:\projetopig\dataset\sows_farm\sows_farm_02.v2i.yolo26\train\images\CAM2_RGB_2024-08-16_12-56-00_jpg.rf.cccd27b916806631f950e30bedc089fa.jpg
CAM2_RGB_2024-08-16_12-57-00_jpg.rf.b069adb5f3b3efc4d63ea9dc2cad5a1b.jpg,aproveitavel,-,593.23,100.32,58.85,640,360,,C:\projetopig\dataset\sows_farm\sows_farm_02.v2i.yolo26\train\images\CAM2_RGB_2024-08-16_12-57-00_jpg.rf.b069adb5f3b3efc4d63ea9dc2cad5a1b.jpg
CAM2_RGB_2024-08-16_13-14-00_jpg.rf.905ed85abfb058739e479f7add0ef03b.jpg,aproveitavel,-,665.8,101.29,60.33,640,360,,C:\projetopig\dataset\sows_farm\sows_farm_02.v2i.yolo26\train\images\CAM2_RGB_2024-08-16_13-14-00_jpg.rf.905ed85abfb058739e479f7add0ef03b.jpg
CAM2_RGB_2024-08-16_13-15-00_jpg.rf.357eff91403762cb079b88e5b01ecbce.jpg,aproveitavel,-,708.83,108.47,61.14,640,360,,C:\projetopig\dataset\sows_farm\sows_farm_02.v2i.yolo26\train\images\CAM2_RGB_2024-08-16_13-15-00_jpg.rf.357eff91403762cb079b88e5b01ecbce.jpg
CAM2_RGB_2024-08-16_13-55-00_jpg.rf.b70a899b7f85ae85728840c647c16897.jpg,aproveitavel,-,831.31,101.96,61.45,640,360,,C:\projetopig\dataset\sows_farm\sows_farm_02.v2i.yolo26\train\images\CAM2_RGB_2024-08-16_13-55-00_jpg.rf.b70a899b7f85ae85728840c647c16897.jpg
CAM2_RGB_2024-08-16_14-25-00_jpg.rf.2021bf0e6b979e6dafd3a20497a8e474.jpg,aproveitavel,-,906.74,110.14,67.6,640,360,,C:\projetopig\dataset\sows_farm\sows_farm_02.v2i.yolo26\train\images\CAM2_RGB_2024-08-16_14-25-00_jpg.rf.2021bf0e6b979e6dafd3a20497a8e474.jpg
CAM2_RGB_2024-08-16_14-27-00_jpg.rf.03eb2bdff0e9f718e1df8b8b5ce14e54.jpg,aproveitavel,-,877.92,99.65,65.89,640,360,,C:\projetopig\dataset\sows_farm\sows_farm_02.v2i.yolo26\train\images\CAM2_RGB_2024-08-16_14-27-00_jpg.rf.03eb2bdff0e9f718e1df8b8b5ce14e54.jpg
CAM2_RGB_2024-08-16_15-25-00_jpg.rf.4af073a4749f5892f0833a6b5fb04efe.jpg,aproveitavel,-,990.38,111.47,51.96,640,360,,C:\projetopig\dataset\sows_farm\sows_farm_02.v2i.yolo26\train\images\CAM2_RGB_2024-08-16_15-25-00_jpg.rf.4af073a4749f5892f0833a6b5fb04efe.jpg
CAM2_RGB_2024-08-16_16-25-00_jpg.rf.e51da0e849a38a40633ee76f1999e4ab.jpg,aproveitavel,-,1028.61,110.76,49.61,640,360,,C:\projetopig\dataset\sows_farm\sows_farm_02.v2i.yolo26\train\images\CAM2_RGB_2024-08-16_16-25-00_jpg.rf.e51da0e849a38a40633ee76f1999e4ab.jpg
CAM2_RGB_2024-08-16_16-55-00_jpg.rf.a2ac462a11dee661c00f2ec704d13701.jpg,aproveitavel,-,987.12,114.75,48.91,640,360,,C:\projetopig\dataset\sows_farm\sows_farm_02.v2i.yolo26\train\images\CAM2_RGB_2024-08-16_16-55-00_jpg.rf.a2ac462a11dee661c00f2ec704d13701.jpg
CAM2_RGB_2024-08-16_17-25-00_jpg.rf.8a0e8bae90f8ceebcf1a8f57f88dec80.jpg,aproveitavel,-,998.87,101.15,49.48,640,360,,C:\projetopig\dataset\sows_farm\sows_farm_02.v2i.yolo26\train\images\CAM2_RGB_2024-08-16_17-25-00_jpg.rf.8a0e8bae90f8ceebcf1a8f57f88dec80.jpg
CAM2_RGB_2024-08-16_17-54-00_jpg.rf.cf365a31ac02c79282feb9da2aaf890d.jpg,aproveitavel,-,770.31,106.25,45.99,640,360,,C:\projetopig\dataset\sows_farm\sows_farm_02.v2i.yolo26\train\images\CAM2_RGB_2024-08-16_17-54-00_jpg.rf.cf365a31ac02c79282feb9da2aaf890d.jpg
CAM2_RGB_2024-08-16_18-00-00_jpg.rf.824d26ef3419f9beb89d373e14c156d9.jpg,aproveitavel,-,814.45,107.31,44.75,640,360,,C:\projetopig\dataset\sows_farm\sows_farm_02.v2i.yolo26\train\images\CAM2_RGB_2024-08-16_18-00-00_jpg.rf.824d26ef3419f9beb89d373e14c156d9.jpg
CAM2_RGB_2024-08-16_18-05-00_jpg.rf.266faeba249019630ea5ddf235c7c6a7.jpg,aproveitavel,-,765.19,98.28,45.29,640,360,,C:\projetopig\dataset\sows_farm\sows_farm_02.v2i.yolo26\train\images\CAM2_RGB_2024-08-16_18-05-00_jpg.rf.266faeba249019630ea5ddf235c7c6a7.jpg
CAM2_RGB_2024-08-16_18-06-00_jpg.rf.c3679e17903cc0712a6077a470cad763.jpg,aproveitavel,-,731.15,97.27,47.19,640,360,,C:\projetopig\dataset\sows_farm\sows_farm_02.v2i.yolo26\train\images\CAM2_RGB_2024-08-16_18-06-00_jpg.rf.c3679e17903cc0712a6077a470cad763.jpg
CAM2_RGB_2024-08-16_18-25-00_jpg.rf.11eaa7f710f5700d93993922b7225cf4.jpg,aproveitavel,-,660.05,98.27,52.28,640,360,,C:\projetopig\dataset\sows_farm\sows_farm_02.v2i.yolo26\train\images\CAM2_RGB_2024-08-16_18-25-00_jpg.rf.11eaa7f710f5700d93993922b7225cf4.jpg
CAM2_RGB_2024-08-16_18-55-00_jpg.rf.fc3173be86e28a0a95e9b056eb4e6cfb.jpg,aproveitavel,-,736.54,94.53,59.95,640,360,,C:\projetopig\dataset\sows_farm\sows_farm_02.v2i.yolo26\train\images\CAM2_RGB_2024-08-16_18-55-00_jpg.rf.fc3173be86e28a0a95e9b056eb4e6cfb.jpg
CAM2_RGB_2024-08-16_19-55-00_jpg.rf.3e28c043b6ee6217192a485d9968c547.jpg,aproveitavel,-,745.14,93.36,59.64,640,360,,C:\projetopig\dataset\sows_farm\sows_farm_02.v2i.yolo26\train\images\CAM2_RGB_2024-08-16_19-55-00_jpg.rf.3e28c043b6ee6217192a485d9968c547.jpg
CAM2_RGB_2024-08-16_20-55-00_jpg.rf.899cf68c39d0d1af2da7dd0c599afbc9.jpg,aproveitavel,-,779.35,94.63,62.42,640,360,,C:\projetopig\dataset\sows_farm\sows_farm_02.v2i.yolo26\train\images\CAM2_RGB_2024-08-16_20-55-00_jpg.rf.899cf68c39d0d1af2da7dd0c599afbc9.jpg
CAM2_RGB_2024-08-16_21-25-00_jpg.rf.eaffaa4b989530f606421b78f72344d8.jpg,aproveitavel,-,731.44,93.64,61.71,640,360,,C:\projetopig\dataset\sows_farm\sows_farm_02.v2i.yolo26\train\images\CAM2_RGB_2024-08-16_21-25-00_jpg.rf.eaffaa4b989530f606421b78f72344d8.jpg
CAM2_RGB_2024-08-16_21-54-59_jpg.rf.cb2f76f77feeaff8c01c2c2307f5dc97.jpg,aproveitavel,-,699.18,91.36,63.28,640,360,,C:\projetopig\dataset\sows_farm\sows_farm_02.v2i.yolo26\train\images\CAM2_RGB_2024-08-16_21-54-59_jpg.rf.cb2f76f77feeaff8c01c2c2307f5dc97.jpg
CAM2_RGB_2024-08-16_22-25-00_jpg.rf.a2954891685f194daadf683602b3be43.jpg,aproveitavel,-,731.13,92.73,61.44,640,360,,C:\projetopig\dataset\sows_farm\sows_farm_02.v2i.yolo26\train\images\CAM2_RGB_2024-08-16_22-25-00_jpg.rf.a2954891685f194daadf683602b3be43.jpg
CAM2_RGB_2024-08-16_22-55-00_jpg.rf.48100b0b37009d79568154a1383f2596.jpg,aproveitavel,-,722.44,91.76,61.04,640,360,,C:\projetopig\dataset\sows_farm\sows_farm_02.v2i.yolo26\train\images\CAM2_RGB_2024-08-16_22-55-00_jpg.rf.48100b0b37009d79568154a1383f2596.jpg
CAM2_RGB_2024-08-16_23-12-00_jpg.rf.df76f82d83d2d24074b247e0f194ee53.jpg,aproveitavel,-,819.47,75.2,57.31,640,360,,C:\projetopig\dataset\sows_farm\sows_farm_02.v2i.yolo26\train\images\CAM2_RGB_2024-08-16_23-12-00_jpg.rf.df76f82d83d2d24074b247e0f194ee53.jpg
CAM2_RGB_2024-08-16_23-25-00_jpg.rf.b4995192e4236162713997416c8d1ad2.jpg,aproveitavel,-,657.55,60.8,64.57,640,360,,C:\projetopig\dataset\sows_farm\sows_farm_02.v2i.yolo26\train\images\CAM2_RGB_2024-08-16_23-25-00_jpg.rf.b4995192e4236162713997416c8d1ad2.jpg
CAM2_RGB_2024-08-16_23-55-00_jpg.rf.763d3c2cdfc7b09909f4c88ee833bde5.jpg,aproveitavel,-,667.01,62.54,65.65,640,360,,C:\projetopig\dataset\sows_farm\sows_farm_02.v2i.yolo26\train\images\CAM2_RGB_2024-08-16_23-55-00_jpg.rf.763d3c2cdfc7b09909f4c88ee833bde5.jpg
CAM2_RGB_2024-08-17_01-25-00_jpg.rf.93ed25300b927b5a12292b87748511e8.jpg,aproveitavel,-,911.4,75.73,70.11,640,360,,C:\projetopig\dataset\sows_farm\sows_farm_02.v2i.yolo26\train\images\CAM2_RGB_2024-08-17_01-25-00_jpg.rf.93ed25300b927b5a12292b87748511e8.jpg
CAM2_RGB_2024-08-17_01-55-00_jpg.rf.c52b053e0041536ed1af4bae9ce88496.jpg,aproveitavel,-,957.52,79.1,70.96,640,360,,C:\projetopig\dataset\sows_farm\sows_farm_02.v2i.yolo26\train\images\CAM2_RGB_2024-08-17_01-55-00_jpg.rf.c52b053e0041536ed1af4bae9ce88496.jpg
CAM2_RGB_2024-08-17_02-25-00_jpg.rf.8131c2c164a54a22b16981a38a35bff7.jpg,aproveitavel,-,930.89,76.69,70.6,640,360,,C:\projetopig\dataset\sows_farm\sows_farm_02.v2i.yolo26\train\images\CAM2_RGB_2024-08-17_02-25-00_jpg.rf.8131c2c164a54a22b16981a38a35bff7.jpg
CAM2_RGB_2024-08-17_02-55-00_jpg.rf.243eda82edd15d76bee397a314a0e841.jpg,aproveitavel,-,593.49,58.2,62.38,640,360,,C:\projetopig\dataset\sows_farm\sows_farm_02.v2i.yolo26\train\images\CAM2_RGB_2024-08-17_02-55-00_jpg.rf.243eda82edd15d76bee397a314a0e841.jpg
CAM2_RGB_2024-08-17_03-25-00_jpg.rf.ee897909bfad3d5ae17c50273e3fa5ed.jpg,aproveitavel,-,661.29,61.65,64.88,640,360,,C:\projetopig\dataset\sows_farm\sows_farm_02.v2i.yolo26\train\images\CAM2_RGB_2024-08-17_03-25-00_jpg.rf.ee897909bfad3d5ae17c50273e3fa5ed.jpg
CAM2_RGB_2024-08-17_03-55-00_jpg.rf.01d6a2bb3c7cff802ac5a74cf2905b52.jpg,descartar,duplicata,670.13,60.79,64.5,640,360,CAM2_RGB_2024-08-17_03-25-00_jpg.rf.ee897909bfad3d5ae17c50273e3fa5ed.jpg,C:\projetopig\dataset\sows_farm\sows_farm_02.v2i.yolo26\train\images\CAM2_RGB_2024-08-17_03-55-00_jpg.rf.01d6a2bb3c7cff802ac5a74cf2905b52.jpg
CAM2_RGB_2024-08-17_04-25-00_jpg.rf.447fe19a618f94a1f9053357a9fca4d0.jpg,aproveitavel,-,660.06,62.55,66.05,640,360,,C:\projetopig\dataset\sows_farm\sows_farm_02.v2i.yolo26\train\images\CAM2_RGB_2024-08-17_04-25-00_jpg.rf.447fe19a618f94a1f9053357a9fca4d0.jpg
CAM2_RGB_2024-08-17_04-45-00_jpg.rf.bcd7e4d895b346ce1fef5670708aa900.jpg,aproveitavel,-,723.48,70.25,62.3,640,360,,C:\projetopig\dataset\sows_farm\sows_farm_02.v2i.yolo26\train\images\CAM2_RGB_2024-08-17_04-45-00_jpg.rf.bcd7e4d895b346ce1fef5670708aa900.jpg
CAM2_RGB_2024-08-17_04-55-00_jpg.rf.81e3ef09ebe2b505bb3f1ae6cc489bab.jpg,aproveitavel,-,657.61,62.03,65.04,640,360,,C:\projetopig\dataset\sows_farm\sows_farm_02.v2i.yolo26\train\images\CAM2_RGB_2024-08-17_04-55-00_jpg.rf.81e3ef09ebe2b505bb3f1ae6cc489bab.jpg
CAM2_RGB_2024-08-17_05-25-00_jpg.rf.f16c6f992c5942f78e9edf048c3203ec.jpg,descartar,duplicata,667.6,62.4,65.52,640,360,CAM2_RGB_2024-08-17_04-55-00_jpg.rf.81e3ef09ebe2b505bb3f1ae6cc489bab.jpg,C:\projetopig\dataset\sows_farm\sows_farm_02.v2i.yolo26\train\images\CAM2_RGB_2024-08-17_05-25-00_jpg.rf.f16c6f992c5942f78e9edf048c3203ec.jpg
CAM2_RGB_2024-08-17_05-55-00_jpg.rf.be75e183863d155e352c01af5ce2ef7f.jpg,aproveitavel,-,750.38,73.51,66.12,640,360,,C:\projetopig\dataset\sows_farm\sows_farm_02.v2i.yolo26\train\images\CAM2_RGB_2024-08-17_05-55-00_jpg.rf.be75e183863d155e352c01af5ce2ef7f.jpg
CAM2_RGB_2024-08-17_06-16-00_jpg.rf.93c3f2e7106428ef049b1059b0e2977b.jpg,aproveitavel,-,794.86,95.08,51.0,640,360,,C:\projetopig\dataset\sows_farm\sows_farm_02.v2i.yolo26\train\images\CAM2_RGB_2024-08-17_06-16-00_jpg.rf.93c3f2e7106428ef049b1059b0e2977b.jpg
CAM2_RGB_2024-08-17_06-25-00_jpg.rf.c796b5fac6bb631dca0dde96572a3f13.jpg,aproveitavel,-,889.67,98.13,51.58,640,360,,C:\projetopig\dataset\sows_farm\sows_farm_02.v2i.yolo26\train\images\CAM2_RGB_2024-08-17_06-25-00_jpg.rf.c796b5fac6bb631dca0dde96572a3f13.jpg
CAM2_RGB_2024-08-17_06-55-00_jpg.rf.2523975a29aefb7cf081bf8e78a4143f.jpg,aproveitavel,-,940.48,101.25,53.08,640,360,,C:\projetopig\dataset\sows_farm\sows_farm_02.v2i.yolo26\train\images\CAM2_RGB_2024-08-17_06-55-00_jpg.rf.2523975a29aefb7cf081bf8e78a4143f.jpg
CAM2_RGB_2024-08-17_07-25-00_jpg.rf.bd5f362b157e898530ce8e5b6535670f.jpg,aproveitavel,-,988.51,107.74,52.21,640,360,,C:\projetopig\dataset\sows_farm\sows_farm_02.v2i.yolo26\train\images\CAM2_RGB_2024-08-17_07-25-00_jpg.rf.bd5f362b157e898530ce8e5b6535670f.jpg
CAM2_RGB_2024-08-17_07-55-00_jpg.rf.c5a4f4dad14564a862d9a4199790a629.jpg,aproveitavel,-,948.0,109.27,50.33,640,360,,C:\projetopig\dataset\sows_farm\sows_farm_02.v2i.yolo26\train\images\CAM2_RGB_2024-08-17_07-55-00_jpg.rf.c5a4f4dad14564a862d9a4199790a629.jpg
CAM2_RGB_2024-08-17_08-25-00_jpg.rf.fc478494af0d9554839608d270570bd1.jpg,aproveitavel,-,1028.4,112.92,49.6,640,360,,C:\projetopig\dataset\sows_farm\sows_farm_02.v2i.yolo26\train\images\CAM2_RGB_2024-08-17_08-25-00_jpg.rf.fc478494af0d9554839608d270570bd1.jpg
CAM2_RGB_2024-08-17_08-52-00_jpg.rf.c195c391a29a95d70e132dbbe422886a.jpg,aproveitavel,-,874.07,104.59,56.46,640,360,,C:\projetopig\dataset\sows_farm\sows_farm_02.v2i.yolo26\train\images\CAM2_RGB_2024-08-17_08-52-00_jpg.rf.c195c391a29a95d70e132dbbe422886a.jpg
CAM2_RGB_2024-08-17_08-55-00_jpg.rf.26117d1d26206766dfee2977a24bc5a6.jpg,aproveitavel,-,1001.32,108.86,50.37,640,360,,C:\projetopig\dataset\sows_farm\sows_farm_02.v2i.yolo26\train\images\CAM2_RGB_2024-08-17_08-55-00_jpg.rf.26117d1d26206766dfee2977a24bc5a6.jpg
CAM2_RGB_2024-08-17_09-55-00_jpg.rf.39f3cfa07f49c305f55924ef0d09b464.jpg,aproveitavel,-,828.24,112.08,53.77,640,360,,C:\projetopig\dataset\sows_farm\sows_farm_02.v2i.yolo26\train\images\CAM2_RGB_2024-08-17_09-55-00_jpg.rf.39f3cfa07f49c305f55924ef0d09b464.jpg
CAM2_RGB_2024-08-17_10-55-00_jpg.rf.80eb097984dccd6097f6f1e6c6967406.jpg,aproveitavel,-,750.7,105.69,57.66,640,360,,C:\projetopig\dataset\sows_farm\sows_farm_02.v2i.yolo26\train\images\CAM2_RGB_2024-08-17_10-55-00_jpg.rf.80eb097984dccd6097f6f1e6c6967406.jpg
CAM2_RGB_2024-08-17_11-02-00_jpg.rf.f83ac4a236db0cd9d2fd374558eaca41.jpg,aproveitavel,-,679.83,101.17,57.16,640,360,,C:\projetopig\dataset\sows_farm\sows_farm_02.v2i.yolo26\train\images\CAM2_RGB_2024-08-17_11-02-00_jpg.rf.f83ac4a236db0cd9d2fd374558eaca41.jpg
CAM2_RGB_2024-08-17_11-25-00_jpg.rf.32c196a71e2c3d8ca0404ed82d88a519.jpg,aproveitavel,-,710.06,105.11,59.23,640,360,,C:\projetopig\dataset\sows_farm\sows_farm_02.v2i.yolo26\train\images\CAM2_RGB_2024-08-17_11-25-00_jpg.rf.32c196a71e2c3d8ca0404ed82d88a519.jpg
CAM2_RGB_2024-08-17_11-29-00_jpg.rf.550ce529ad28df50d967244848680554.jpg,aproveitavel,-,680.87,101.7,58.41,640,360,,C:\projetopig\dataset\sows_farm\sows_farm_02.v2i.yolo26\train\images\CAM2_RGB_2024-08-17_11-29-00_jpg.rf.550ce529ad28df50d967244848680554.jpg
CAM2_RGB_2024-08-17_11-55-00_jpg.rf.6cc258be1e303de4f555359f8578fd5f.jpg,aproveitavel,-,772.84,103.97,60.0,640,360,,C:\projetopig\dataset\sows_farm\sows_farm_02.v2i.yolo26\train\images\CAM2_RGB_2024-08-17_11-55-00_jpg.rf.6cc258be1e303de4f555359f8578fd5f.jpg
CAM2_RGB_2024-08-17_12-25-00_jpg.rf.729499079a29ae07b1b8a5d1ce61e8a0.jpg,aproveitavel,-,782.41,107.47,58.26,640,360,,C:\projetopig\dataset\sows_farm\sows_farm_02.v2i.yolo26\train\images\CAM2_RGB_2024-08-17_12-25-00_jpg.rf.729499079a29ae07b1b8a5d1ce61e8a0.jpg
CAM2_RGB_2024-08-17_13-20-00_jpg.rf.c580196ee51ad228f0d01757c7a73d83.jpg,aproveitavel,-,613.7,110.57,53.68,640,360,,C:\projetopig\dataset\sows_farm\sows_farm_02.v2i.yolo26\train\images\CAM2_RGB_2024-08-17_13-20-00_jpg.rf.c580196ee51ad228f0d01757c7a73d83.jpg
CAM2_RGB_2024-08-17_13-21-00_jpg.rf.638c469e36ad785ec581356b01f5deb8.jpg,aproveitavel,-,744.09,99.73,58.61,640,360,,C:\projetopig\dataset\sows_farm\sows_farm_02.v2i.yolo26\train\images\CAM2_RGB_2024-08-17_13-21-00_jpg.rf.638c469e36ad785ec581356b01f5deb8.jpg
CAM2_RGB_2024-08-17_13-25-00_jpg.rf.ff7b6a358534ddb694c9a1383fc832a9.jpg,aproveitavel,-,905.69,108.52,51.82,640,360,,C:\projetopig\dataset\sows_farm\sows_farm_02.v2i.yolo26\train\images\CAM2_RGB_2024-08-17_13-25-00_jpg.rf.ff7b6a358534ddb694c9a1383fc832a9.jpg
CAM2_RGB_2024-08-17_14-25-00_jpg.rf.58207abc74ff7112f6a677029707f6cb.jpg,aproveitavel,-,418.84,103.73,60.74,640,360,,C:\projetopig\dataset\sows_farm\sows_farm_02.v2i.yolo26\train\images\CAM2_RGB_2024-08-17_14-25-00_jpg.rf.58207abc74ff7112f6a677029707f6cb.jpg
CAM2_RGB_2024-08-17_14-55-00_jpg.rf.c5d8da93c601e66c01eda7bf7da50523.jpg,aproveitavel,-,691.73,106.9,59.64,640,360,,C:\projetopig\dataset\sows_farm\sows_farm_02.v2i.yolo26\train\images\CAM2_RGB_2024-08-17_14-55-00_jpg.rf.c5d8da93c601e66c01eda7bf7da50523.jpg
CAM2_RGB_2024-08-17_15-25-00_jpg.rf.98dba5028ef0683e8d42b7c4e8158d8d.jpg,aproveitavel,-,881.25,104.54,52.36,640,360,,C:\projetopig\dataset\sows_farm\sows_farm_02.v2i.yolo26\train\images\CAM2_RGB_2024-08-17_15-25-00_jpg.rf.98dba5028ef0683e8d42b7c4e8158d8d.jpg
CAM2_RGB_2024-08-17_15-55-00_jpg.rf.430128ef39bd9e2b3cf8e32ef0fb5b4a.jpg,aproveitavel,-,782.75,100.1,61.88,640,360,,C:\projetopig\dataset\sows_farm\sows_farm_02.v2i.yolo26\train\images\CAM2_RGB_2024-08-17_15-55-00_jpg.rf.430128ef39bd9e2b3cf8e32ef0fb5b4a.jpg
CAM2_RGB_2024-08-17_16-25-00_jpg.rf.29e2c832b22d4d8b5907101482605e09.jpg,aproveitavel,-,792.42,100.18,59.28,640,360,,C:\projetopig\dataset\sows_farm\sows_farm_02.v2i.yolo26\train\images\CAM2_RGB_2024-08-17_16-25-00_jpg.rf.29e2c832b22d4d8b5907101482605e09.jpg
CAM2_RGB_2024-08-17_16-55-00_jpg.rf.d9a1e11e791faf2e66808f4c90fb874b.jpg,aproveitavel,-,855.14,108.09,57.79,640,360,,C:\projetopig\dataset\sows_farm\sows_farm_02.v2i.yolo26\train\images\CAM2_RGB_2024-08-17_16-55-00_jpg.rf.d9a1e11e791faf2e66808f4c90fb874b.jpg
CAM2_RGB_2024-08-17_17-25-00_jpg.rf.de44a46144a370983c2a3fc87b6513aa.jpg,aproveitavel,-,985.21,101.28,52.79,640,360,,C:\projetopig\dataset\sows_farm\sows_farm_02.v2i.yolo26\train\images\CAM2_RGB_2024-08-17_17-25-00_jpg.rf.de44a46144a370983c2a3fc87b6513aa.jpg
CAM2_RGB_2024-08-17_17-55-00_jpg.rf.afd05a1556ae58bfe5ef3ee4e08d85c9.jpg,aproveitavel,-,810.81,97.34,54.29,640,360,,C:\projetopig\dataset\sows_farm\sows_farm_02.v2i.yolo26\train\images\CAM2_RGB_2024-08-17_17-55-00_jpg.rf.afd05a1556ae58bfe5ef3ee4e08d85c9.jpg
CAM2_RGB_2024-08-17_18-55-00_jpg.rf.a7daf322c199ef48cb2f2cdf5b08cac8.jpg,aproveitavel,-,892.74,91.64,57.05,640,360,,C:\projetopig\dataset\sows_farm\sows_farm_02.v2i.yolo26\train\images\CAM2_RGB_2024-08-17_18-55-00_jpg.rf.a7daf322c199ef48cb2f2cdf5b08cac8.jpg
CAM2_RGB_2024-08-17_19-55-00_jpg.rf.16478a6bea8f7151e17de3dcef32ad54.jpg,aproveitavel,-,855.43,92.96,59.31,640,360,,C:\projetopig\dataset\sows_farm\sows_farm_02.v2i.yolo26\train\images\CAM2_RGB_2024-08-17_19-55-00_jpg.rf.16478a6bea8f7151e17de3dcef32ad54.jpg
CAM2_RGB_2024-08-17_20-25-00_jpg.rf.ec39e2e4fdf18c92666aa9deb0f51dca.jpg,aproveitavel,-,792.69,90.84,60.82,640,360,,C:\projetopig\dataset\sows_farm\sows_farm_02.v2i.yolo26\train\images\CAM2_RGB_2024-08-17_20-25-00_jpg.rf.ec39e2e4fdf18c92666aa9deb0f51dca.jpg
CAM2_RGB_2024-08-17_20-55-00_jpg.rf.ca9c9fe044c423ad6a5a3cb48117f853.jpg,aproveitavel,-,608.09,88.77,64.61,640,360,,C:\projetopig\dataset\sows_farm\sows_farm_02.v2i.yolo26\train\images\CAM2_RGB_2024-08-17_20-55-00_jpg.rf.ca9c9fe044c423ad6a5a3cb48117f853.jpg
CAM2_RGB_2024-08-17_21-25-00_jpg.rf.fa37bf9dcc075b5e9c59a9ff350ace63.jpg,aproveitavel,-,701.17,91.78,63.18,640,360,,C:\projetopig\dataset\sows_farm\sows_farm_02.v2i.yolo26\train\images\CAM2_RGB_2024-08-17_21-25-00_jpg.rf.fa37bf9dcc075b5e9c59a9ff350ace63.jpg
CAM2_RGB_2024-08-17_21-54-59_jpg.rf.6eb1fe0c98e44bc5ef29339b676f88c2.jpg,aproveitavel,-,697.55,92.27,63.0,640,360,,C:\projetopig\dataset\sows_farm\sows_farm_02.v2i.yolo26\train\images\CAM2_RGB_2024-08-17_21-54-59_jpg.rf.6eb1fe0c98e44bc5ef29339b676f88c2.jpg
CAM2_RGB_2024-08-17_22-25-00_jpg.rf.aafb5c230f2c307b30897c8ae6f35c78.jpg,aproveitavel,-,693.05,92.3,63.82,640,360,,C:\projetopig\dataset\sows_farm\sows_farm_02.v2i.yolo26\train\images\CAM2_RGB_2024-08-17_22-25-00_jpg.rf.aafb5c230f2c307b30897c8ae6f35c78.jpg
CAM2_RGB_2024-08-17_22-55-00_jpg.rf.357bb67827193b9a54112b86a177bb42.jpg,aproveitavel,-,740.41,89.28,58.98,640,360,,C:\projetopig\dataset\sows_farm\sows_farm_02.v2i.yolo26\train\images\CAM2_RGB_2024-08-17_22-55-00_jpg.rf.357bb67827193b9a54112b86a177bb42.jpg
CAM2_RGB_2024-08-17_23-01-00_jpg.rf.9debb919c370f51a23b6141d206b2953.jpg,aproveitavel,-,964.74,100.17,54.64,640,360,,C:\projetopig\dataset\sows_farm\sows_farm_02.v2i.yolo26\train\images\CAM2_RGB_2024-08-17_23-01-00_jpg.rf.9debb919c370f51a23b6141d206b2953.jpg
CAM2_RGB_2024-08-17_23-25-00_jpg.rf.6260881a25b3883bece03978484750c7.jpg,aproveitavel,-,825.49,77.9,69.52,640,360,,C:\projetopig\dataset\sows_farm\sows_farm_02.v2i.yolo26\train\images\CAM2_RGB_2024-08-17_23-25-00_jpg.rf.6260881a25b3883bece03978484750c7.jpg
CAM2_RGB_2024-08-17_23-55-00_jpg.rf.b83b3a4f13c4d10a14b99327f62ebf6e.jpg,aproveitavel,-,768.94,76.24,67.98,640,360,,C:\projetopig\dataset\sows_farm\sows_farm_02.v2i.yolo26\train\images\CAM2_RGB_2024-08-17_23-55-00_jpg.rf.b83b3a4f13c4d10a14b99327f62ebf6e.jpg
CAM2_RGB_2024-08-18_00-25-00_jpg.rf.e2e5f32ce1e82bb7fc14c75ba7c11bc6.jpg,aproveitavel,-,805.09,78.63,69.15,640,360,,C:\projetopig\dataset\sows_farm\sows_farm_02.v2i.yolo26\train\images\CAM2_RGB_2024-08-18_00-25-00_jpg.rf.e2e5f32ce1e82bb7fc14c75ba7c11bc6.jpg
CAM2_RGB_2024-08-18_00-55-00_jpg.rf.c93c95ea6128b8c5419a2b5a95628f2a.jpg,aproveitavel,-,813.38,78.9,68.84,640,360,,C:\projetopig\dataset\sows_farm\sows_farm_02.v2i.yolo26\train\images\CAM2_RGB_2024-08-18_00-55-00_jpg.rf.c93c95ea6128b8c5419a2b5a95628f2a.jpg
CAM2_RGB_2024-08-18_01-55-00_jpg.rf.ea5b4b8b52af0e5b3952e2498ae1ddfa.jpg,aproveitavel,-,849.07,78.51,69.29,640,360,,C:\projetopig\dataset\sows_farm\sows_farm_02.v2i.yolo26\train\images\CAM2_RGB_2024-08-18_01-55-00_jpg.rf.ea5b4b8b52af0e5b3952e2498ae1ddfa.jpg
CAM2_RGB_2024-08-18_02-25-00_jpg.rf.a9ffdcca6beddcc8a9ff8e0c2937a45a.jpg,aproveitavel,-,830.37,77.59,71.23,640,360,,C:\projetopig\dataset\sows_farm\sows_farm_02.v2i.yolo26\train\images\CAM2_RGB_2024-08-18_02-25-00_jpg.rf.a9ffdcca6beddcc8a9ff8e0c2937a45a.jpg
CAM2_RGB_2024-08-18_02-55-00_jpg.rf.b322b031d2f77f3037fe6937cc02e420.jpg,aproveitavel,-,804.46,75.16,71.26,640,360,,C:\projetopig\dataset\sows_farm\sows_farm_02.v2i.yolo26\train\images\CAM2_RGB_2024-08-18_02-55-00_jpg.rf.b322b031d2f77f3037fe6937cc02e420.jpg
CAM2_RGB_2024-08-18_03-25-00_jpg.rf.22195fddd8e8fd7c23e8103c4050e13a.jpg,aproveitavel,-,825.23,75.69,71.07,640,360,,C:\projetopig\dataset\sows_farm\sows_farm_02.v2i.yolo26\train\images\CAM2_RGB_2024-08-18_03-25-00_jpg.rf.22195fddd8e8fd7c23e8103c4050e13a.jpg
CAM2_RGB_2024-08-18_03-55-00_jpg.rf.edb8d1987726dee7d5962051cd59f5c6.jpg,aproveitavel,-,755.63,75.19,71.88,640,360,,C:\projetopig\dataset\sows_farm\sows_farm_02.v2i.yolo26\train\images\CAM2_RGB_2024-08-18_03-55-00_jpg.rf.edb8d1987726dee7d5962051cd59f5c6.jpg
CAM2_RGB_2024-08-18_04-55-00_jpg.rf.a1014842f03632750a6d918b8d58852f.jpg,aproveitavel,-,668.76,60.92,64.72,640,360,,C:\projetopig\dataset\sows_farm\sows_farm_02.v2i.yolo26\train\images\CAM2_RGB_2024-08-18_04-55-00_jpg.rf.a1014842f03632750a6d918b8d58852f.jpg
CAM2_RGB_2024-08-18_05-25-00_jpg.rf.69fd38fc91a45b852ecc072d267953f0.jpg,aproveitavel,-,659.44,60.94,64.78,640,360,,C:\projetopig\dataset\sows_farm\sows_farm_02.v2i.yolo26\train\images\CAM2_RGB_2024-08-18_05-25-00_jpg.rf.69fd38fc91a45b852ecc072d267953f0.jpg
CAM2_RGB_2024-08-18_05-55-00_jpg.rf.513cc711730e35c0dac970872538d7f0.jpg,aproveitavel,-,684.98,62.8,60.75,640,360,,C:\projetopig\dataset\sows_farm\sows_farm_02.v2i.yolo26\train\images\CAM2_RGB_2024-08-18_05-55-00_jpg.rf.513cc711730e35c0dac970872538d7f0.jpg
CAM2_RGB_2024-08-18_06-17-00_jpg.rf.59e93b4688406fe93e96ca86874da9bd.jpg,aproveitavel,-,767.24,92.71,54.49,640,360,,C:\projetopig\dataset\sows_farm\sows_farm_02.v2i.yolo26\train\images\CAM2_RGB_2024-08-18_06-17-00_jpg.rf.59e93b4688406fe93e96ca86874da9bd.jpg
CAM2_RGB_2024-08-18_06-25-00_jpg.rf.330833c9e8b4cc0b6491742d9de328cd.jpg,aproveitavel,-,870.53,93.29,53.23,640,360,,C:\projetopig\dataset\sows_farm\sows_farm_02.v2i.yolo26\train\images\CAM2_RGB_2024-08-18_06-25-00_jpg.rf.330833c9e8b4cc0b6491742d9de328cd.jpg
CAM2_RGB_2024-08-18_06-55-00_jpg.rf.c6ffb59ee0493da183aa2bfbb0cfe877.jpg,aproveitavel,-,645.48,100.12,61.6,640,360,,C:\projetopig\dataset\sows_farm\sows_farm_02.v2i.yolo26\train\images\CAM2_RGB_2024-08-18_06-55-00_jpg.rf.c6ffb59ee0493da183aa2bfbb0cfe877.jpg
CAM2_RGB_2024-08-18_06-56-00_jpg.rf.1926cbde0dad65d978657a42ec5f6970.jpg,aproveitavel,-,543.79,95.21,62.74,640,360,,C:\projetopig\dataset\sows_farm\sows_farm_02.v2i.yolo26\train\images\CAM2_RGB_2024-08-18_06-56-00_jpg.rf.1926cbde0dad65d978657a42ec5f6970.jpg
CAM2_RGB_2024-08-18_07-00-00_jpg.rf.cd46b3e6279719fa030dd64fac45c8e0.jpg,aproveitavel,-,673.72,97.75,58.01,640,360,,C:\projetopig\dataset\sows_farm\sows_farm_02.v2i.yolo26\train\images\CAM2_RGB_2024-08-18_07-00-00_jpg.rf.cd46b3e6279719fa030dd64fac45c8e0.jpg
CAM2_RGB_2024-08-18_07-01-00_jpg.rf.3b6850b62225b9054d30ec86945253d2.jpg,aproveitavel,-,756.43,96.66,59.92,640,360,,C:\projetopig\dataset\sows_farm\sows_farm_02.v2i.yolo26\train\images\CAM2_RGB_2024-08-18_07-01-00_jpg.rf.3b6850b62225b9054d30ec86945253d2.jpg
CAM2_RGB_2024-08-18_07-25-00_jpg.rf.18862333435c467ee0541abb9d41eefc.jpg,aproveitavel,-,889.3,104.59,55.98,640,360,,C:\projetopig\dataset\sows_farm\sows_farm_02.v2i.yolo26\train\images\CAM2_RGB_2024-08-18_07-25-00_jpg.rf.18862333435c467ee0541abb9d41eefc.jpg
CAM2_RGB_2024-08-18_07-55-00_jpg.rf.22e0184d76ffc9fd564b8958b8c211bd.jpg,aproveitavel,-,941.32,106.85,55.82,640,360,,C:\projetopig\dataset\sows_farm\sows_farm_02.v2i.yolo26\train\images\CAM2_RGB_2024-08-18_07-55-00_jpg.rf.22e0184d76ffc9fd564b8958b8c211bd.jpg
CAM2_RGB_2024-08-18_08-55-00_jpg.rf.5ead8ce17e7c90ef43b4228019d71d21.jpg,aproveitavel,-,868.07,113.1,51.42,640,360,,C:\projetopig\dataset\sows_farm\sows_farm_02.v2i.yolo26\train\images\CAM2_RGB_2024-08-18_08-55-00_jpg.rf.5ead8ce17e7c90ef43b4228019d71d21.jpg
CAM2_RGB_2024-08-18_09-25-00_jpg.rf.88cbd5a416817783c013b2d24cb2761b.jpg,aproveitavel,-,777.32,110.48,51.02,640,360,,C:\projetopig\dataset\sows_farm\sows_farm_02.v2i.yolo26\train\images\CAM2_RGB_2024-08-18_09-25-00_jpg.rf.88cbd5a416817783c013b2d24cb2761b.jpg
CAM2_RGB_2024-08-18_09-53-00_jpg.rf.d112f81130b27ef844ad3f23790d092e.jpg,aproveitavel,-,729.25,118.36,59.93,640,360,,C:\projetopig\dataset\sows_farm\sows_farm_02.v2i.yolo26\train\images\CAM2_RGB_2024-08-18_09-53-00_jpg.rf.d112f81130b27ef844ad3f23790d092e.jpg
CAM2_RGB_2024-08-18_11-25-00_jpg.rf.2fdfe3b699fa0e8d4133c8b3bda14a6d.jpg,aproveitavel,-,715.34,113.51,50.84,640,360,,C:\projetopig\dataset\sows_farm\sows_farm_02.v2i.yolo26\train\images\CAM2_RGB_2024-08-18_11-25-00_jpg.rf.2fdfe3b699fa0e8d4133c8b3bda14a6d.jpg
CAM2_RGB_2024-08-18_11-42-00_jpg.rf.3069d81ab8b5b46fa5995369c99a3dec.jpg,aproveitavel,-,612.31,110.35,54.86,640,360,,C:\projetopig\dataset\sows_farm\sows_farm_02.v2i.yolo26\train\images\CAM2_RGB_2024-08-18_11-42-00_jpg.rf.3069d81ab8b5b46fa5995369c99a3dec.jpg
CAM2_RGB_2024-08-18_11-55-00_jpg.rf.10d03cecefc3b8b456b1b51694c829d6.jpg,aproveitavel,-,725.54,105.28,54.29,640,360,,C:\projetopig\dataset\sows_farm\sows_farm_02.v2i.yolo26\train\images\CAM2_RGB_2024-08-18_11-55-00_jpg.rf.10d03cecefc3b8b456b1b51694c829d6.jpg
CAM2_RGB_2024-08-18_12-10-00_jpg.rf.9f95c86f731b3d9eae89badebc4479fe.jpg,aproveitavel,-,601.0,102.91,61.7,640,360,,C:\projetopig\dataset\sows_farm\sows_farm_02.v2i.yolo26\train\images\CAM2_RGB_2024-08-18_12-10-00_jpg.rf.9f95c86f731b3d9eae89badebc4479fe.jpg
CAM2_RGB_2024-08-18_12-11-00_jpg.rf.0c34a44e6ee1d49dc42e36c4a24bf514.jpg,aproveitavel,-,635.37,97.69,61.68,640,360,,C:\projetopig\dataset\sows_farm\sows_farm_02.v2i.yolo26\train\images\CAM2_RGB_2024-08-18_12-11-00_jpg.rf.0c34a44e6ee1d49dc42e36c4a24bf514.jpg
CAM2_RGB_2024-08-18_12-25-00_jpg.rf.362a71530ff4cebefeda9c2c9120e260.jpg,aproveitavel,-,764.13,107.82,53.63,640,360,,C:\projetopig\dataset\sows_farm\sows_farm_02.v2i.yolo26\train\images\CAM2_RGB_2024-08-18_12-25-00_jpg.rf.362a71530ff4cebefeda9c2c9120e260.jpg
CAM2_RGB_2024-08-18_12-55-00_jpg.rf.1740c0971ffa59c80c1cc5f4476cbb00.jpg,aproveitavel,-,738.11,108.21,52.52,640,360,,C:\projetopig\dataset\sows_farm\sows_farm_02.v2i.yolo26\train\images\CAM2_RGB_2024-08-18_12-55-00_jpg.rf.1740c0971ffa59c80c1cc5f4476cbb00.jpg
CAM2_RGB_2024-08-18_13-25-00_jpg.rf.c23dbfe68260e2cab1c3f294d69a588d.jpg,aproveitavel,-,738.15,112.12,53.09,640,360,,C:\projetopig\dataset\sows_farm\sows_farm_02.v2i.yolo26\train\images\CAM2_RGB_2024-08-18_13-25-00_jpg.rf.c23dbfe68260e2cab1c3f294d69a588d.jpg
CAM2_RGB_2024-08-18_13-55-00_jpg.rf.224f0efed167cd63737d905320c38396.jpg,aproveitavel,-,751.34,112.25,53.33,640,360,,C:\projetopig\dataset\sows_farm\sows_farm_02.v2i.yolo26\train\images\CAM2_RGB_2024-08-18_13-55-00_jpg.rf.224f0efed167cd63737d905320c38396.jpg
CAM2_RGB_2024-08-18_14-25-00_jpg.rf.3a3e415cba485d54073368bf2ca3cbfe.jpg,aproveitavel,-,692.92,107.51,59.23,640,360,,C:\projetopig\dataset\sows_farm\sows_farm_02.v2i.yolo26\train\images\CAM2_RGB_2024-08-18_14-25-00_jpg.rf.3a3e415cba485d54073368bf2ca3cbfe.jpg
CAM2_RGB_2024-08-18_14-55-00_jpg.rf.e71de22bf48a9367026bd9b38f9734a3.jpg,aproveitavel,-,692.5,106.93,55.4,640,360,,C:\projetopig\dataset\sows_farm\sows_farm_02.v2i.yolo26\train\images\CAM2_RGB_2024-08-18_14-55-00_jpg.rf.e71de22bf48a9367026bd9b38f9734a3.jpg
CAM2_RGB_2024-08-18_15-25-00_jpg.rf.c1f4e8c3f11c6cd4cbdeb37d214e4314.jpg,aproveitavel,-,685.44,106.06,55.29,640,360,,C:\projetopig\dataset\sows_farm\sows_farm_02.v2i.yolo26\train\images\CAM2_RGB_2024-08-18_15-25-00_jpg.rf.c1f4e8c3f11c6cd4cbdeb37d214e4314.jpg
CAM2_RGB_2024-08-18_16-13-00_jpg.rf.98a13dd5c66481545e3cbc950470b6ea.jpg,aproveitavel,-,815.05,101.05,61.05,640,360,,C:\projetopig\dataset\sows_farm\sows_farm_02.v2i.yolo26\train\images\CAM2_RGB_2024-08-18_16-13-00_jpg.rf.98a13dd5c66481545e3cbc950470b6ea.jpg
CAM2_RGB_2024-08-18_16-25-00_jpg.rf.daf5cb7bf6a1a8e60bd059662d2a4203.jpg,aproveitavel,-,982.76,101.41,53.61,640,360,,C:\projetopig\dataset\sows_farm\sows_farm_02.v2i.yolo26\train\images\CAM2_RGB_2024-08-18_16-25-00_jpg.rf.daf5cb7bf6a1a8e60bd059662d2a4203.jpg
CAM2_RGB_2024-08-18_16-55-00_jpg.rf.00c380806ae54d7c6ccefb1504d32568.jpg,aproveitavel,-,967.57,107.48,56.55,640,360,,C:\projetopig\dataset\sows_farm\sows_farm_02.v2i.yolo26\train\images\CAM2_RGB_2024-08-18_16-55-00_jpg.rf.00c380806ae54d7c6ccefb1504d32568.jpg
CAM2_RGB_2024-08-18_17-24-59_jpg.rf.c978d40b4d40c1857b8ae5c9df1d0453.jpg,aproveitavel,-,1038.89,106.16,58.46,640,360,,C:\projetopig\dataset\sows_farm\sows_farm_02.v2i.yolo26\train\images\CAM2_RGB_2024-08-18_17-24-59_jpg.rf.c978d40b4d40c1857b8ae5c9df1d0453.jpg
CAM2_RGB_2024-08-18_18-55-00_jpg.rf.a4267a43263662e12b3c082ee4ee8aa6.jpg,aproveitavel,-,651.59,55.83,63.51,640,360,,C:\projetopig\dataset\sows_farm\sows_farm_02.v2i.yolo26\train\images\CAM2_RGB_2024-08-18_18-55-00_jpg.rf.a4267a43263662e12b3c082ee4ee8aa6.jpg
CAM2_RGB_2024-08-18_20-25-00_jpg.rf.7b45f8c5f3e131001f7e1cd9548882c7.jpg,aproveitavel,-,836.39,68.77,70.64,640,360,,C:\projetopig\dataset\sows_farm\sows_farm_02.v2i.yolo26\train\images\CAM2_RGB_2024-08-18_20-25-00_jpg.rf.7b45f8c5f3e131001f7e1cd9548882c7.jpg
CAM2_RGB_2024-08-18_20-55-00_jpg.rf.d236f1001338dabb91f11cd4462a7e7e.jpg,aproveitavel,-,867.14,69.79,68.99,640,360,,C:\projetopig\dataset\sows_farm\sows_farm_02.v2i.yolo26\train\images\CAM2_RGB_2024-08-18_20-55-00_jpg.rf.d236f1001338dabb91f11cd4462a7e7e.jpg
CAM2_RGB_2024-08-18_21-25-00_jpg.rf.6cdd6f99393436ebc1427e4e990ea56b.jpg,aproveitavel,-,837.24,71.01,71.36,640,360,,C:\projetopig\dataset\sows_farm\sows_farm_02.v2i.yolo26\train\images\CAM2_RGB_2024-08-18_21-25-00_jpg.rf.6cdd6f99393436ebc1427e4e990ea56b.jpg
CAM2_RGB_2024-08-18_21-55-00_jpg.rf.65339fe04f77d79f76223cd3a31caf89.jpg,aproveitavel,-,939.59,73.78,72.83,640,360,,C:\projetopig\dataset\sows_farm\sows_farm_02.v2i.yolo26\train\images\CAM2_RGB_2024-08-18_21-55-00_jpg.rf.65339fe04f77d79f76223cd3a31caf89.jpg
CAM2_RGB_2024-08-18_22-25-00_jpg.rf.309b1583edfa32ceca006c24dbd9ad53.jpg,aproveitavel,-,678.07,54.6,64.11,640,360,,C:\projetopig\dataset\sows_farm\sows_farm_02.v2i.yolo26\train\images\CAM2_RGB_2024-08-18_22-25-00_jpg.rf.309b1583edfa32ceca006c24dbd9ad53.jpg
CAM2_RGB_2024-08-18_23-25-00_jpg.rf.47d03e0bacafb5ef47c3c9eade322396.jpg,aproveitavel,-,736.95,57.94,67.0,640,360,,C:\projetopig\dataset\sows_farm\sows_farm_02.v2i.yolo26\train\images\CAM2_RGB_2024-08-18_23-25-00_jpg.rf.47d03e0bacafb5ef47c3c9eade322396.jpg
CAM2_RGB_2024-08-18_23-55-00_jpg.rf.816b74e2da390e5dc8d200ff71d15b44.jpg,aproveitavel,-,743.28,60.11,68.06,640,360,,C:\projetopig\dataset\sows_farm\sows_farm_02.v2i.yolo26\train\images\CAM2_RGB_2024-08-18_23-55-00_jpg.rf.816b74e2da390e5dc8d200ff71d15b44.jpg
CAM2_RGB_2024-08-19_00-25-00_jpg.rf.44a7a4c48d72113b913fae04b73086b7.jpg,aproveitavel,-,1098.16,73.39,66.77,640,360,,C:\projetopig\dataset\sows_farm\sows_farm_02.v2i.yolo26\train\images\CAM2_RGB_2024-08-19_00-25-00_jpg.rf.44a7a4c48d72113b913fae04b73086b7.jpg
CAM2_RGB_2024-08-19_00-55-00_jpg.rf.2775b6bd2b86a4e29b79620586ab2170.jpg,aproveitavel,-,951.77,73.58,70.44,640,360,,C:\projetopig\dataset\sows_farm\sows_farm_02.v2i.yolo26\train\images\CAM2_RGB_2024-08-19_00-55-00_jpg.rf.2775b6bd2b86a4e29b79620586ab2170.jpg
CAM2_RGB_2024-08-19_01-25-00_jpg.rf.487ca2a3e1f5643e750018955b42180b.jpg,aproveitavel,-,910.74,72.1,69.76,640,360,,C:\projetopig\dataset\sows_farm\sows_farm_02.v2i.yolo26\train\images\CAM2_RGB_2024-08-19_01-25-00_jpg.rf.487ca2a3e1f5643e750018955b42180b.jpg
CAM2_RGB_2024-08-19_02-25-00_jpg.rf.6440095cb35048c4467976f0c275f1f3.jpg,aproveitavel,-,911.01,72.51,71.7,640,360,,C:\projetopig\dataset\sows_farm\sows_farm_02.v2i.yolo26\train\images\CAM2_RGB_2024-08-19_02-25-00_jpg.rf.6440095cb35048c4467976f0c275f1f3.jpg
CAM2_RGB_2024-08-19_02-55-00_jpg.rf.b2de4b7fb56fb01b79d0add71b52ecbc.jpg,aproveitavel,-,925.32,71.08,70.33,640,360,,C:\projetopig\dataset\sows_farm\sows_farm_02.v2i.yolo26\train\images\CAM2_RGB_2024-08-19_02-55-00_jpg.rf.b2de4b7fb56fb01b79d0add71b52ecbc.jpg
CAM2_RGB_2024-08-19_03-25-00_jpg.rf.8430b1dd1370ddd3854d5f17f6fa22ba.jpg,aproveitavel,-,817.55,68.09,66.4,640,360,,C:\projetopig\dataset\sows_farm\sows_farm_02.v2i.yolo26\train\images\CAM2_RGB_2024-08-19_03-25-00_jpg.rf.8430b1dd1370ddd3854d5f17f6fa22ba.jpg
CAM2_RGB_2024-08-19_03-55-00_jpg.rf.8762e69c1630fed99f087408ba5187b0.jpg,aproveitavel,-,850.05,72.05,69.19,640,360,,C:\projetopig\dataset\sows_farm\sows_farm_02.v2i.yolo26\train\images\CAM2_RGB_2024-08-19_03-55-00_jpg.rf.8762e69c1630fed99f087408ba5187b0.jpg
CAM2_RGB_2024-08-19_05-25-00_jpg.rf.2e33bb16a20df29c82cd382ffef0b94b.jpg,aproveitavel,-,762.04,73.24,75.19,640,360,,C:\projetopig\dataset\sows_farm\sows_farm_02.v2i.yolo26\train\images\CAM2_RGB_2024-08-19_05-25-00_jpg.rf.2e33bb16a20df29c82cd382ffef0b94b.jpg
CAM2_RGB_2024-08-19_06-25-00_jpg.rf.9b8bfa5befdfe4c44f4a1f61cd146c41.jpg,aproveitavel,-,802.17,95.74,56.96,640,360,,C:\projetopig\dataset\sows_farm\sows_farm_02.v2i.yolo26\train\images\CAM2_RGB_2024-08-19_06-25-00_jpg.rf.9b8bfa5befdfe4c44f4a1f61cd146c41.jpg
CAM2_RGB_2024-08-19_09-07-00_jpg.rf.24766655d6998c6bbf335aa8fb90c168.jpg,aproveitavel,-,971.6,108.73,53.86,640,360,,C:\projetopig\dataset\sows_farm\sows_farm_02.v2i.yolo26\train\images\CAM2_RGB_2024-08-19_09-07-00_jpg.rf.24766655d6998c6bbf335aa8fb90c168.jpg
CAM2_RGB_2024-08-19_09-37-00_jpg.rf.0fba4ca6b03272c4877a6888c4b599e5.jpg,aproveitavel,-,878.08,108.53,58.97,640,360,,C:\projetopig\dataset\sows_farm\sows_farm_02.v2i.yolo26\train\images\CAM2_RGB_2024-08-19_09-37-00_jpg.rf.0fba4ca6b03272c4877a6888c4b599e5.jpg
CAM2_RGB_2024-08-19_10-07-00_jpg.rf.c80b2b7ad3c93bfebb9c8da0f18a7253.jpg,aproveitavel,-,929.96,108.61,59.11,640,360,,C:\projetopig\dataset\sows_farm\sows_farm_02.v2i.yolo26\train\images\CAM2_RGB_2024-08-19_10-07-00_jpg.rf.c80b2b7ad3c93bfebb9c8da0f18a7253.jpg
CAM2_RGB_2024-08-19_10-37-00_jpg.rf.21ee9d5fb07907bbca0fbf2381137982.jpg,aproveitavel,-,771.5,107.78,55.5,640,360,,C:\projetopig\dataset\sows_farm\sows_farm_02.v2i.yolo26\train\images\CAM2_RGB_2024-08-19_10-37-00_jpg.rf.21ee9d5fb07907bbca0fbf2381137982.jpg
CAM2_RGB_2024-08-19_11-07-00_jpg.rf.903f23b380f611ddb4e17faa18269ddd.jpg,aproveitavel,-,786.11,106.55,60.03,640,360,,C:\projetopig\dataset\sows_farm\sows_farm_02.v2i.yolo26\train\images\CAM2_RGB_2024-08-19_11-07-00_jpg.rf.903f23b380f611ddb4e17faa18269ddd.jpg
CAM2_RGB_2024-08-19_11-37-00_jpg.rf.ab6c1e08b20a1a2a325a24a3728af11f.jpg,aproveitavel,-,805.8,103.94,59.0,640,360,,C:\projetopig\dataset\sows_farm\sows_farm_02.v2i.yolo26\train\images\CAM2_RGB_2024-08-19_11-37-00_jpg.rf.ab6c1e08b20a1a2a325a24a3728af11f.jpg
CAM2_RGB_2024-08-19_12-07-00_jpg.rf.f4d19ad4451948ff7d773c74809f7383.jpg,aproveitavel,-,845.51,110.22,54.58,640,360,,C:\projetopig\dataset\sows_farm\sows_farm_02.v2i.yolo26\train\images\CAM2_RGB_2024-08-19_12-07-00_jpg.rf.f4d19ad4451948ff7d773c74809f7383.jpg
CAM2_RGB_2024-08-19_12-37-00_jpg.rf.13af9d6ca8b8611287e1b4f9974226ec.jpg,aproveitavel,-,837.29,109.54,53.91,640,360,,C:\projetopig\dataset\sows_farm\sows_farm_02.v2i.yolo26\train\images\CAM2_RGB_2024-08-19_12-37-00_jpg.rf.13af9d6ca8b8611287e1b4f9974226ec.jpg
CAM2_RGB_2024-08-19_13-07-00_jpg.rf.5b96b6033652fe5778cbc257b1f79f5f.jpg,aproveitavel,-,796.3,107.68,54.08,640,360,,C:\projetopig\dataset\sows_farm\sows_farm_02.v2i.yolo26\train\images\CAM2_RGB_2024-08-19_13-07-00_jpg.rf.5b96b6033652fe5778cbc257b1f79f5f.jpg
CAM2_RGB_2024-08-19_13-21-00_jpg.rf.bb9196614d93d4860a1ed7a114d73da3.jpg,aproveitavel,-,541.42,97.85,66.59,640,360,,C:\projetopig\dataset\sows_farm\sows_farm_02.v2i.yolo26\train\images\CAM2_RGB_2024-08-19_13-21-00_jpg.rf.bb9196614d93d4860a1ed7a114d73da3.jpg
CAM2_RGB_2024-08-19_13-37-00_jpg.rf.5a490a04a527bb5e7c3d61f93643fc3b.jpg,aproveitavel,-,678.32,103.42,64.43,640,360,,C:\projetopig\dataset\sows_farm\sows_farm_02.v2i.yolo26\train\images\CAM2_RGB_2024-08-19_13-37-00_jpg.rf.5a490a04a527bb5e7c3d61f93643fc3b.jpg
CAM2_RGB_2024-08-19_15-07-00_jpg.rf.6ce36195fcd1258b57e7f30f901c8330.jpg,aproveitavel,-,601.12,102.6,66.9,640,360,,C:\projetopig\dataset\sows_farm\sows_farm_02.v2i.yolo26\train\images\CAM2_RGB_2024-08-19_15-07-00_jpg.rf.6ce36195fcd1258b57e7f30f901c8330.jpg
CAM2_RGB_2024-08-19_15-08-00_jpg.rf.edced185983534068aca56ba57d95e4c.jpg,aproveitavel,-,648.18,105.38,62.74,640,360,,C:\projetopig\dataset\sows_farm\sows_farm_02.v2i.yolo26\train\images\CAM2_RGB_2024-08-19_15-08-00_jpg.rf.edced185983534068aca56ba57d95e4c.jpg
CAM2_RGB_2024-08-19_15-37-00_jpg.rf.9a90942133b1fb483a074a2e3e932047.jpg,aproveitavel,-,759.98,101.78,63.95,640,360,,C:\projetopig\dataset\sows_farm\sows_farm_02.v2i.yolo26\train\images\CAM2_RGB_2024-08-19_15-37-00_jpg.rf.9a90942133b1fb483a074a2e3e932047.jpg
CAM2_RGB_2024-08-19_16-07-00_jpg.rf.9f274ccaf1de14a4199822ec782daac9.jpg,aproveitavel,-,615.34,103.73,66.38,640,360,,C:\projetopig\dataset\sows_farm\sows_farm_02.v2i.yolo26\train\images\CAM2_RGB_2024-08-19_16-07-00_jpg.rf.9f274ccaf1de14a4199822ec782daac9.jpg
CAM2_RGB_2024-08-19_16-37-00_jpg.rf.96af0fdaf63f202a3a8d82b2935171a8.jpg,aproveitavel,-,909.71,104.97,54.33,640,360,,C:\projetopig\dataset\sows_farm\sows_farm_02.v2i.yolo26\train\images\CAM2_RGB_2024-08-19_16-37-00_jpg.rf.96af0fdaf63f202a3a8d82b2935171a8.jpg
CAM2_RGB_2024-08-19_16-55-00_jpg.rf.673b1274ea4ffc8e2255221392f3390f.jpg,aproveitavel,-,679.22,108.1,59.43,640,360,,C:\projetopig\dataset\sows_farm\sows_farm_02.v2i.yolo26\train\images\CAM2_RGB_2024-08-19_16-55-00_jpg.rf.673b1274ea4ffc8e2255221392f3390f.jpg
CAM2_RGB_2024-08-19_17-07-00_jpg.rf.b5abd8d322b278329fdec8d1c79b527f.jpg,aproveitavel,-,886.66,107.01,59.83,640,360,,C:\projetopig\dataset\sows_farm\sows_farm_02.v2i.yolo26\train\images\CAM2_RGB_2024-08-19_17-07-00_jpg.rf.b5abd8d322b278329fdec8d1c79b527f.jpg
CAM2_RGB_2024-08-19_17-27-00_jpg.rf.cc5c9c73d2720555be90f48388f28ee5.jpg,aproveitavel,-,802.83,104.03,55.03,640,360,,C:\projetopig\dataset\sows_farm\sows_farm_02.v2i.yolo26\train\images\CAM2_RGB_2024-08-19_17-27-00_jpg.rf.cc5c9c73d2720555be90f48388f28ee5.jpg
CAM2_RGB_2024-08-19_17-37-00_jpg.rf.57a6507d47971f9d537a0329728c86cc.jpg,aproveitavel,-,954.17,100.34,60.36,640,360,,C:\projetopig\dataset\sows_farm\sows_farm_02.v2i.yolo26\train\images\CAM2_RGB_2024-08-19_17-37-00_jpg.rf.57a6507d47971f9d537a0329728c86cc.jpg
CAM2_RGB_2024-08-19_18-07-00_jpg.rf.92add9c92cb7840110e7186f7c8c4f42.jpg,aproveitavel,-,880.87,97.33,53.14,640,360,,C:\projetopig\dataset\sows_farm\sows_farm_02.v2i.yolo26\train\images\CAM2_RGB_2024-08-19_18-07-00_jpg.rf.92add9c92cb7840110e7186f7c8c4f42.jpg
CAM2_RGB_2024-08-19_18-37-00_jpg.rf.1065ebfb88cfd828ab686b5c7ab793fc.jpg,aproveitavel,-,552.86,68.08,47.05,640,360,,C:\projetopig\dataset\sows_farm\sows_farm_02.v2i.yolo26\train\images\CAM2_RGB_2024-08-19_18-37-00_jpg.rf.1065ebfb88cfd828ab686b5c7ab793fc.jpg
CAM2_RGB_2024-08-19_19-37-00_jpg.rf.5a554f48ba45b367c8bde0779f428d49.jpg,aproveitavel,-,621.04,68.19,64.54,640,360,,C:\projetopig\dataset\sows_farm\sows_farm_02.v2i.yolo26\train\images\CAM2_RGB_2024-08-19_19-37-00_jpg.rf.5a554f48ba45b367c8bde0779f428d49.jpg
CAM2_RGB_2024-08-19_20-07-00_jpg.rf.f8edd3c9a0ca3c798a8ea77f5f5e3c32.jpg,aproveitavel,-,626.73,69.7,65.12,640,360,,C:\projetopig\dataset\sows_farm\sows_farm_02.v2i.yolo26\train\images\CAM2_RGB_2024-08-19_20-07-00_jpg.rf.f8edd3c9a0ca3c798a8ea77f5f5e3c32.jpg
CAM2_RGB_2024-08-19_21-07-00_jpg.rf.a217b7a926d87e9595ba16bf35ad1df1.jpg,aproveitavel,-,849.03,79.74,65.97,640,360,,C:\projetopig\dataset\sows_farm\sows_farm_02.v2i.yolo26\train\images\CAM2_RGB_2024-08-19_21-07-00_jpg.rf.a217b7a926d87e9595ba16bf35ad1df1.jpg
CAM2_RGB_2024-08-19_21-37-00_jpg.rf.f918f2247ed5758cccf3fb6f03a8867b.jpg,aproveitavel,-,833.96,80.77,68.13,640,360,,C:\projetopig\dataset\sows_farm\sows_farm_02.v2i.yolo26\train\images\CAM2_RGB_2024-08-19_21-37-00_jpg.rf.f918f2247ed5758cccf3fb6f03a8867b.jpg
CAM2_RGB_2024-08-19_22-37-00_jpg.rf.912ba562aee4f02696fc00821a201cd9.jpg,aproveitavel,-,705.56,67.14,60.99,640,360,,C:\projetopig\dataset\sows_farm\sows_farm_02.v2i.yolo26\train\images\CAM2_RGB_2024-08-19_22-37-00_jpg.rf.912ba562aee4f02696fc00821a201cd9.jpg
CAM2_RGB_2024-08-19_23-07-00_jpg.rf.1b84ad1838497ee6f702b432f4398d6d.jpg,aproveitavel,-,729.48,66.2,61.73,640,360,,C:\projetopig\dataset\sows_farm\sows_farm_02.v2i.yolo26\train\images\CAM2_RGB_2024-08-19_23-07-00_jpg.rf.1b84ad1838497ee6f702b432f4398d6d.jpg
CAM2_RGB_2024-08-19_23-37-00_jpg.rf.bfcfdd6896a03f1a59f8e4db14f6043d.jpg,aproveitavel,-,758.27,68.55,63.17,640,360,,C:\projetopig\dataset\sows_farm\sows_farm_02.v2i.yolo26\train\images\CAM2_RGB_2024-08-19_23-37-00_jpg.rf.bfcfdd6896a03f1a59f8e4db14f6043d.jpg
CAM2_RGB_2024-08-20_01-07-00_jpg.rf.d99a7bf5e17ca98e7d94c74c2b60b1a5.jpg,aproveitavel,-,647.75,61.34,63.34,640,360,,C:\projetopig\dataset\sows_farm\sows_farm_02.v2i.yolo26\train\images\CAM2_RGB_2024-08-20_01-07-00_jpg.rf.d99a7bf5e17ca98e7d94c74c2b60b1a5.jpg
CAM2_RGB_2024-08-20_01-37-00_jpg.rf.1fbe377278de7e1558c7cb63a553780c.jpg,aproveitavel,-,676.05,65.98,65.16,640,360,,C:\projetopig\dataset\sows_farm\sows_farm_02.v2i.yolo26\train\images\CAM2_RGB_2024-08-20_01-37-00_jpg.rf.1fbe377278de7e1558c7cb63a553780c.jpg
CAM2_RGB_2024-08-20_02-37-00_jpg.rf.b981da0716adf853ccbb5555d0529874.jpg,aproveitavel,-,678.81,67.4,65.79,640,360,,C:\projetopig\dataset\sows_farm\sows_farm_02.v2i.yolo26\train\images\CAM2_RGB_2024-08-20_02-37-00_jpg.rf.b981da0716adf853ccbb5555d0529874.jpg
CAM2_RGB_2024-08-20_03-07-00_jpg.rf.c0e14abf99a655122c85155d52206699.jpg,aproveitavel,-,710.48,68.79,66.88,640,360,,C:\projetopig\dataset\sows_farm\sows_farm_02.v2i.yolo26\train\images\CAM2_RGB_2024-08-20_03-07-00_jpg.rf.c0e14abf99a655122c85155d52206699.jpg
CAM2_RGB_2024-08-20_03-37-00_jpg.rf.f8696fb9ad2e9ab7d7fc85ef7586c2cd.jpg,aproveitavel,-,679.22,65.96,56.65,640,360,,C:\projetopig\dataset\sows_farm\sows_farm_02.v2i.yolo26\train\images\CAM2_RGB_2024-08-20_03-37-00_jpg.rf.f8696fb9ad2e9ab7d7fc85ef7586c2cd.jpg
CAM2_RGB_2024-08-20_04-37-00_jpg.rf.d14ae3d2c739281b3c9aac747fa43698.jpg,aproveitavel,-,676.14,73.9,69.0,640,360,,C:\projetopig\dataset\sows_farm\sows_farm_02.v2i.yolo26\train\images\CAM2_RGB_2024-08-20_04-37-00_jpg.rf.d14ae3d2c739281b3c9aac747fa43698.jpg
CAM2_RGB_2024-08-20_05-07-00_jpg.rf.06ef3ab6e32ddb2c890d847ca7dd956a.jpg,aproveitavel,-,718.33,77.29,69.43,640,360,,C:\projetopig\dataset\sows_farm\sows_farm_02.v2i.yolo26\train\images\CAM2_RGB_2024-08-20_05-07-00_jpg.rf.06ef3ab6e32ddb2c890d847ca7dd956a.jpg
CAM2_RGB_2024-08-20_06-01-00_jpg.rf.0c54b5418e82e23a98a15c26f63f813e.jpg,aproveitavel,-,838.34,81.89,61.22,640,360,,C:\projetopig\dataset\sows_farm\sows_farm_02.v2i.yolo26\train\images\CAM2_RGB_2024-08-20_06-01-00_jpg.rf.0c54b5418e82e23a98a15c26f63f813e.jpg
CAM2_RGB_2024-08-20_06-07-00_jpg.rf.6b55f5d1984b779a143b86532d268106.jpg,aproveitavel,-,612.27,66.18,59.44,640,360,,C:\projetopig\dataset\sows_farm\sows_farm_02.v2i.yolo26\train\images\CAM2_RGB_2024-08-20_06-07-00_jpg.rf.6b55f5d1984b779a143b86532d268106.jpg
CAM2_RGB_2024-08-20_06-34-00_jpg.rf.5bea289a86830c67ad1d7d939eeacea6.jpg,aproveitavel,-,762.41,92.92,51.01,640,360,,C:\projetopig\dataset\sows_farm\sows_farm_02.v2i.yolo26\train\images\CAM2_RGB_2024-08-20_06-34-00_jpg.rf.5bea289a86830c67ad1d7d939eeacea6.jpg
CAM2_RGB_2024-08-20_06-35-00_jpg.rf.3ccb98f162e6d1e9cb4cbe6b10e9a597.jpg,aproveitavel,-,701.91,91.98,50.91,640,360,,C:\projetopig\dataset\sows_farm\sows_farm_02.v2i.yolo26\train\images\CAM2_RGB_2024-08-20_06-35-00_jpg.rf.3ccb98f162e6d1e9cb4cbe6b10e9a597.jpg
CAM2_RGB_2024-08-20_06-37-00_jpg.rf.fcf1e741d9882fcf3399daeb7ce780bf.jpg,aproveitavel,-,770.39,92.75,52.8,640,360,,C:\projetopig\dataset\sows_farm\sows_farm_02.v2i.yolo26\train\images\CAM2_RGB_2024-08-20_06-37-00_jpg.rf.fcf1e741d9882fcf3399daeb7ce780bf.jpg
CAM2_RGB_2024-08-20_07-07-00_jpg.rf.5b08f6b7de233cfd19f658044265655d.jpg,aproveitavel,-,830.63,97.47,54.76,640,360,,C:\projetopig\dataset\sows_farm\sows_farm_02.v2i.yolo26\train\images\CAM2_RGB_2024-08-20_07-07-00_jpg.rf.5b08f6b7de233cfd19f658044265655d.jpg
CAM2_RGB_2024-08-20_07-37-00_jpg.rf.ec361cfaa5b6d008441385f5383a6672.jpg,aproveitavel,-,823.66,98.55,55.53,640,360,,C:\projetopig\dataset\sows_farm\sows_farm_02.v2i.yolo26\train\images\CAM2_RGB_2024-08-20_07-37-00_jpg.rf.ec361cfaa5b6d008441385f5383a6672.jpg
CAM2_RGB_2024-08-20_08-07-00_jpg.rf.f59d35d47f80addb74d46278da5aca53.jpg,aproveitavel,-,818.35,102.33,57.34,640,360,,C:\projetopig\dataset\sows_farm\sows_farm_02.v2i.yolo26\train\images\CAM2_RGB_2024-08-20_08-07-00_jpg.rf.f59d35d47f80addb74d46278da5aca53.jpg
CAM2_RGB_2024-08-20_09-07-00_jpg.rf.b7794c3327a865c32c1498f306751640.jpg,aproveitavel,-,874.93,103.6,58.51,640,360,,C:\projetopig\dataset\sows_farm\sows_farm_02.v2i.yolo26\train\images\CAM2_RGB_2024-08-20_09-07-00_jpg.rf.b7794c3327a865c32c1498f306751640.jpg
CAM2_RGB_2024-08-20_09-37-00_jpg.rf.1d897b0daf3c41bbc1c2e49ed62134ee.jpg,aproveitavel,-,851.68,104.39,55.12,640,360,,C:\projetopig\dataset\sows_farm\sows_farm_02.v2i.yolo26\train\images\CAM2_RGB_2024-08-20_09-37-00_jpg.rf.1d897b0daf3c41bbc1c2e49ed62134ee.jpg
CAM2_RGB_2024-08-20_09-53-00_jpg.rf.8c6b3232ecdab48d2f8c3f9e55e7ba2d.jpg,aproveitavel,-,833.05,102.38,59.86,640,360,,C:\projetopig\dataset\sows_farm\sows_farm_02.v2i.yolo26\train\images\CAM2_RGB_2024-08-20_09-53-00_jpg.rf.8c6b3232ecdab48d2f8c3f9e55e7ba2d.jpg
CAM2_RGB_2024-08-20_10-07-00_jpg.rf.238c71c2aba2d40a44b99e4255f4dfc7.jpg,aproveitavel,-,984.15,106.95,54.37,640,360,,C:\projetopig\dataset\sows_farm\sows_farm_02.v2i.yolo26\train\images\CAM2_RGB_2024-08-20_10-07-00_jpg.rf.238c71c2aba2d40a44b99e4255f4dfc7.jpg
CAM2_RGB_2024-08-20_10-37-00_jpg.rf.a7254b1291bec5d098e56103db311306.jpg,aproveitavel,-,850.22,109.58,55.24,640,360,,C:\projetopig\dataset\sows_farm\sows_farm_02.v2i.yolo26\train\images\CAM2_RGB_2024-08-20_10-37-00_jpg.rf.a7254b1291bec5d098e56103db311306.jpg
CAM2_RGB_2024-08-20_11-07-00_jpg.rf.84f087738cdd1afff2abd026396142ed.jpg,aproveitavel,-,806.65,103.81,55.95,640,360,,C:\projetopig\dataset\sows_farm\sows_farm_02.v2i.yolo26\train\images\CAM2_RGB_2024-08-20_11-07-00_jpg.rf.84f087738cdd1afff2abd026396142ed.jpg
CAM2_RGB_2024-08-20_11-37-00_jpg.rf.8f6aa9b68fa47c5653b86dd23f0ee34a.jpg,aproveitavel,-,711.01,107.43,60.89,640,360,,C:\projetopig\dataset\sows_farm\sows_farm_02.v2i.yolo26\train\images\CAM2_RGB_2024-08-20_11-37-00_jpg.rf.8f6aa9b68fa47c5653b86dd23f0ee34a.jpg
CAM2_RGB_2024-08-20_12-38-00_jpg.rf.2a27e6b54133f782d5d0d4cf61a8aeec.jpg,aproveitavel,-,748.96,103.42,60.0,640,360,,C:\projetopig\dataset\sows_farm\sows_farm_02.v2i.yolo26\train\images\CAM2_RGB_2024-08-20_12-38-00_jpg.rf.2a27e6b54133f782d5d0d4cf61a8aeec.jpg
CAM2_RGB_2024-08-20_13-38-00_jpg.rf.e9b3e91f7d17eebc85832b3f748e05eb.jpg,aproveitavel,-,779.04,103.87,60.57,640,360,,C:\projetopig\dataset\sows_farm\sows_farm_02.v2i.yolo26\train\images\CAM2_RGB_2024-08-20_13-38-00_jpg.rf.e9b3e91f7d17eebc85832b3f748e05eb.jpg
CAM2_RGB_2024-08-20_14-06-00_jpg.rf.ca910f3fe2dee1e0c05e018604692cdf.jpg,aproveitavel,-,759.46,100.65,59.8,640,360,,C:\projetopig\dataset\sows_farm\sows_farm_02.v2i.yolo26\train\images\CAM2_RGB_2024-08-20_14-06-00_jpg.rf.ca910f3fe2dee1e0c05e018604692cdf.jpg
CAM2_RGB_2024-08-20_14-38-00_jpg.rf.47d872679189290478330d312afc19a4.jpg,aproveitavel,-,811.36,105.92,58.62,640,360,,C:\projetopig\dataset\sows_farm\sows_farm_02.v2i.yolo26\train\images\CAM2_RGB_2024-08-20_14-38-00_jpg.rf.47d872679189290478330d312afc19a4.jpg
CAM2_RGB_2024-08-20_15-08-00_jpg.rf.5fc1f51b3b37685c44b1602d3e215a04.jpg,aproveitavel,-,913.24,104.77,58.0,640,360,,C:\projetopig\dataset\sows_farm\sows_farm_02.v2i.yolo26\train\images\CAM2_RGB_2024-08-20_15-08-00_jpg.rf.5fc1f51b3b37685c44b1602d3e215a04.jpg
CAM2_RGB_2024-08-20_16-00-00_jpg.rf.5b4196be0d98e2b31b4facd46601b758.jpg,aproveitavel,-,657.55,101.14,63.85,640,360,,C:\projetopig\dataset\sows_farm\sows_farm_02.v2i.yolo26\train\images\CAM2_RGB_2024-08-20_16-00-00_jpg.rf.5b4196be0d98e2b31b4facd46601b758.jpg
CAM2_RGB_2024-08-20_16-38-00_jpg.rf.aa073c99f74adc1dd4c432c10327f0c4.jpg,aproveitavel,-,618.37,92.44,65.5,640,360,,C:\projetopig\dataset\sows_farm\sows_farm_02.v2i.yolo26\train\images\CAM2_RGB_2024-08-20_16-38-00_jpg.rf.aa073c99f74adc1dd4c432c10327f0c4.jpg
CAM2_RGB_2024-08-20_17-07-59_jpg.rf.398472682cab5a1c600febd31c5a415c.jpg,aproveitavel,-,678.03,97.57,62.43,640,360,,C:\projetopig\dataset\sows_farm\sows_farm_02.v2i.yolo26\train\images\CAM2_RGB_2024-08-20_17-07-59_jpg.rf.398472682cab5a1c600febd31c5a415c.jpg
CAM2_RGB_2024-08-20_17-38-00_jpg.rf.2730e03e233e2e083491c972138ffd1e.jpg,aproveitavel,-,652.36,91.36,61.05,640,360,,C:\projetopig\dataset\sows_farm\sows_farm_02.v2i.yolo26\train\images\CAM2_RGB_2024-08-20_17-38-00_jpg.rf.2730e03e233e2e083491c972138ffd1e.jpg
CAM2_RGB_2024-08-20_18-08-00_jpg.rf.c28711ffe8647c39f215e8391de4cff5.jpg,aproveitavel,-,555.14,88.4,57.28,640,360,,C:\projetopig\dataset\sows_farm\sows_farm_02.v2i.yolo26\train\images\CAM2_RGB_2024-08-20_18-08-00_jpg.rf.c28711ffe8647c39f215e8391de4cff5.jpg
CAM2_RGB_2024-08-20_18-27-00_jpg.rf.254def2328071d30b2e62e1c41559510.jpg,aproveitavel,-,334.58,91.29,48.7,640,360,,C:\projetopig\dataset\sows_farm\sows_farm_02.v2i.yolo26\train\images\CAM2_RGB_2024-08-20_18-27-00_jpg.rf.254def2328071d30b2e62e1c41559510.jpg
CAM2_RGB_2024-08-20_18-28-00_jpg.rf.32e0dfd8fbb62ec94a32a4a5f27e1aa4.jpg,descartar,duplicata,322.32,87.76,47.49,640,360,CAM2_RGB_2024-08-20_18-27-00_jpg.rf.254def2328071d30b2e62e1c41559510.jpg,C:\projetopig\dataset\sows_farm\sows_farm_02.v2i.yolo26\train\images\CAM2_RGB_2024-08-20_18-28-00_jpg.rf.32e0dfd8fbb62ec94a32a4a5f27e1aa4.jpg
CAM2_RGB_2024-08-20_18-38-00_jpg.rf.221e02d74e4fb67cddf93e1224e59a2d.jpg,aproveitavel,-,216.43,65.97,43.13,640,360,,C:\projetopig\dataset\sows_farm\sows_farm_02.v2i.yolo26\train\images\CAM2_RGB_2024-08-20_18-38-00_jpg.rf.221e02d74e4fb67cddf93e1224e59a2d.jpg
CAM2_RGB_2024-08-20_18-41-00_jpg.rf.897f4b1ddf3b7abdecd371d3d05ba7ca.jpg,duvidosa,nitidez_limitrofe,197.17,53.92,40.69,640,360,,C:\projetopig\dataset\sows_farm\sows_farm_02.v2i.yolo26\train\images\CAM2_RGB_2024-08-20_18-41-00_jpg.rf.897f4b1ddf3b7abdecd371d3d05ba7ca.jpg
CAM2_RGB_2024-08-20_19-08-00_jpg.rf.6401f0c6bce1807d653fae8e619d50bc.jpg,aproveitavel,-,209.23,40.39,29.87,640,360,,C:\projetopig\dataset\sows_farm\sows_farm_02.v2i.yolo26\train\images\CAM2_RGB_2024-08-20_19-08-00_jpg.rf.6401f0c6bce1807d653fae8e619d50bc.jpg
CAM2_RGB_2024-08-20_19-38-00_jpg.rf.a5f25694cc3c4f702b372b6643f10cd1.jpg,duvidosa,nitidez_limitrofe,194.77,39.1,28.75,640,360,,C:\projetopig\dataset\sows_farm\sows_farm_02.v2i.yolo26\train\images\CAM2_RGB_2024-08-20_19-38-00_jpg.rf.a5f25694cc3c4f702b372b6643f10cd1.jpg
CAM2_RGB_2024-08-20_20-08-00_jpg.rf.5e40a94d349354317107258fa005a42d.jpg,aproveitavel,-,220.96,40.88,32.93,640,360,,C:\projetopig\dataset\sows_farm\sows_farm_02.v2i.yolo26\train\images\CAM2_RGB_2024-08-20_20-08-00_jpg.rf.5e40a94d349354317107258fa005a42d.jpg
CAM2_RGB_2024-08-20_20-38-00_jpg.rf.a7f1f394734b6df2e08c76741ae41c8e.jpg,aproveitavel,-,240.24,44.23,32.38,640,360,,C:\projetopig\dataset\sows_farm\sows_farm_02.v2i.yolo26\train\images\CAM2_RGB_2024-08-20_20-38-00_jpg.rf.a7f1f394734b6df2e08c76741ae41c8e.jpg
CAM2_RGB_2024-08-20_21-38-00_jpg.rf.434d7222c1e310b0b6548f29b2b13656.jpg,aproveitavel,-,264.48,48.66,34.45,640,360,,C:\projetopig\dataset\sows_farm\sows_farm_02.v2i.yolo26\train\images\CAM2_RGB_2024-08-20_21-38-00_jpg.rf.434d7222c1e310b0b6548f29b2b13656.jpg
CAM2_RGB_2024-08-20_22-08-00_jpg.rf.20138f29b9378ef0f5ce62d7b3f8838e.jpg,aproveitavel,-,241.25,46.29,33.46,640,360,,C:\projetopig\dataset\sows_farm\sows_farm_02.v2i.yolo26\train\images\CAM2_RGB_2024-08-20_22-08-00_jpg.rf.20138f29b9378ef0f5ce62d7b3f8838e.jpg
CAM2_RGB_2024-08-20_23-08-00_jpg.rf.7df92b3b2a14396fa4ac018f502a6fc6.jpg,aproveitavel,-,222.83,42.59,31.77,640,360,,C:\projetopig\dataset\sows_farm\sows_farm_02.v2i.yolo26\train\images\CAM2_RGB_2024-08-20_23-08-00_jpg.rf.7df92b3b2a14396fa4ac018f502a6fc6.jpg
CAM2_RGB_2024-08-21_00-08-00_jpg.rf.f71f6668eb048b69ca653f51b5be2f46.jpg,aproveitavel,-,221.31,44.39,30.61,640,360,,C:\projetopig\dataset\sows_farm\sows_farm_02.v2i.yolo26\train\images\CAM2_RGB_2024-08-21_00-08-00_jpg.rf.f71f6668eb048b69ca653f51b5be2f46.jpg
CAM2_RGB_2024-08-21_00-38-00_jpg.rf.9237534cdb59e3f43fa0f9321c439ca9.jpg,aproveitavel,-,205.88,40.91,30.59,640,360,,C:\projetopig\dataset\sows_farm\sows_farm_02.v2i.yolo26\train\images\CAM2_RGB_2024-08-21_00-38-00_jpg.rf.9237534cdb59e3f43fa0f9321c439ca9.jpg
CAM2_RGB_2024-08-21_01-08-00_jpg.rf.8ea3c47627be3ca0ad2dea382c9fae0f.jpg,aproveitavel,-,221.56,43.34,32.15,640,360,,C:\projetopig\dataset\sows_farm\sows_farm_02.v2i.yolo26\train\images\CAM2_RGB_2024-08-21_01-08-00_jpg.rf.8ea3c47627be3ca0ad2dea382c9fae0f.jpg
CAM2_RGB_2024-08-21_02-38-00_jpg.rf.bb15f413e3d04c6b6f41c60f94897526.jpg,aproveitavel,-,236.06,46.4,33.32,640,360,,C:\projetopig\dataset\sows_farm\sows_farm_02.v2i.yolo26\train\images\CAM2_RGB_2024-08-21_02-38-00_jpg.rf.bb15f413e3d04c6b6f41c60f94897526.jpg
CAM2_RGB_2024-08-21_03-08-00_jpg.rf.c18a8a65c7c845e379c9fefaf4666bea.jpg,aproveitavel,-,228.29,44.19,31.57,640,360,,C:\projetopig\dataset\sows_farm\sows_farm_02.v2i.yolo26\train\images\CAM2_RGB_2024-08-21_03-08-00_jpg.rf.c18a8a65c7c845e379c9fefaf4666bea.jpg
CAM2_RGB_2024-08-21_04-08-00_jpg.rf.d20e2e6e02386ebb0cc9df7c2dc53e83.jpg,aproveitavel,-,222.47,45.09,32.99,640,360,,C:\projetopig\dataset\sows_farm\sows_farm_02.v2i.yolo26\train\images\CAM2_RGB_2024-08-21_04-08-00_jpg.rf.d20e2e6e02386ebb0cc9df7c2dc53e83.jpg
CAM2_RGB_2024-08-21_04-29-59_jpg.rf.0885e5ac67816af2f3436bfb5474e67e.jpg,duvidosa,nitidez_limitrofe,195.38,49.73,40.82,640,360,,C:\projetopig\dataset\sows_farm\sows_farm_02.v2i.yolo26\train\images\CAM2_RGB_2024-08-21_04-29-59_jpg.rf.0885e5ac67816af2f3436bfb5474e67e.jpg
CAM2_RGB_2024-08-21_04-32-00_jpg.rf.77de5cc5f8e08aaad2e95e308a6c53cf.jpg,descartar,borrada,96.96,44.09,38.97,640,360,,C:\projetopig\dataset\sows_farm\sows_farm_02.v2i.yolo26\train\images\CAM2_RGB_2024-08-21_04-32-00_jpg.rf.77de5cc5f8e08aaad2e95e308a6c53cf.jpg
CAM2_RGB_2024-08-21_04-37-00_jpg.rf.0b949ea720b1eeaaa5a37cc4c3df117b.jpg,aproveitavel,-,201.53,39.43,36.33,640,360,,C:\projetopig\dataset\sows_farm\sows_farm_02.v2i.yolo26\train\images\CAM2_RGB_2024-08-21_04-37-00_jpg.rf.0b949ea720b1eeaaa5a37cc4c3df117b.jpg
CAM2_RGB_2024-08-21_04-38-00_jpg.rf.e7f547d9c9c37cfaf83a3af702310129.jpg,aproveitavel,-,202.08,39.27,27.69,640,360,,C:\projetopig\dataset\sows_farm\sows_farm_02.v2i.yolo26\train\images\CAM2_RGB_2024-08-21_04-38-00_jpg.rf.e7f547d9c9c37cfaf83a3af702310129.jpg
CAM2_RGB_2024-08-21_05-08-00_jpg.rf.cbe33928182b297b20d8264b0b85ae6f.jpg,aproveitavel,-,236.96,40.31,30.55,640,360,,C:\projetopig\dataset\sows_farm\sows_farm_02.v2i.yolo26\train\images\CAM2_RGB_2024-08-21_05-08-00_jpg.rf.cbe33928182b297b20d8264b0b85ae6f.jpg
CAM2_RGB_2024-08-21_05-56-00_jpg.rf.a1964e10f5accd214d1d33ce7093a861.jpg,aproveitavel,-,602.02,88.32,58.65,640,360,,C:\projetopig\dataset\sows_farm\sows_farm_02.v2i.yolo26\train\images\CAM2_RGB_2024-08-21_05-56-00_jpg.rf.a1964e10f5accd214d1d33ce7093a861.jpg
CAM2_RGB_2024-08-21_06-08-00_jpg.rf.08ca5d4bcfd8bb038c4915f926624ff1.jpg,aproveitavel,-,615.29,96.11,54.4,640,360,,C:\projetopig\dataset\sows_farm\sows_farm_02.v2i.yolo26\train\images\CAM2_RGB_2024-08-21_06-08-00_jpg.rf.08ca5d4bcfd8bb038c4915f926624ff1.jpg
CAM2_RGB_2024-08-21_06-31-00_jpg.rf.a615c64efd52d6c4644d3c25d77d7fae.jpg,aproveitavel,-,413.19,98.97,54.87,640,360,,C:\projetopig\dataset\sows_farm\sows_farm_02.v2i.yolo26\train\images\CAM2_RGB_2024-08-21_06-31-00_jpg.rf.a615c64efd52d6c4644d3c25d77d7fae.jpg
CAM2_RGB_2024-08-21_06-38-00_jpg.rf.5ebd9a3b5ed3baff11329d7384b647f4.jpg,aproveitavel,-,403.48,96.44,55.22,640,360,,C:\projetopig\dataset\sows_farm\sows_farm_02.v2i.yolo26\train\images\CAM2_RGB_2024-08-21_06-38-00_jpg.rf.5ebd9a3b5ed3baff11329d7384b647f4.jpg
CAM2_RGB_2024-08-21_07-08-00_jpg.rf.c11ac4da7d53b6a6f32171ffd933fc52.jpg,aproveitavel,-,787.04,101.79,51.59,640,360,,C:\projetopig\dataset\sows_farm\sows_farm_02.v2i.yolo26\train\images\CAM2_RGB_2024-08-21_07-08-00_jpg.rf.c11ac4da7d53b6a6f32171ffd933fc52.jpg
CAM2_RGB_2024-08-21_07-38-00_jpg.rf.dcf31e39532b78d2743193690ef66758.jpg,aproveitavel,-,867.69,102.3,53.63,640,360,,C:\projetopig\dataset\sows_farm\sows_farm_02.v2i.yolo26\train\images\CAM2_RGB_2024-08-21_07-38-00_jpg.rf.dcf31e39532b78d2743193690ef66758.jpg
CAM2_RGB_2024-08-21_08-08-00_jpg.rf.97e5b156a6b5a5c68fa3205297b615f7.jpg,aproveitavel,-,820.15,103.88,54.62,640,360,,C:\projetopig\dataset\sows_farm\sows_farm_02.v2i.yolo26\train\images\CAM2_RGB_2024-08-21_08-08-00_jpg.rf.97e5b156a6b5a5c68fa3205297b615f7.jpg
CAM2_RGB_2024-08-21_08-38-00_jpg.rf.c50fe912593958d5f3f01e70015150e1.jpg,aproveitavel,-,795.37,104.65,55.34,640,360,,C:\projetopig\dataset\sows_farm\sows_farm_02.v2i.yolo26\train\images\CAM2_RGB_2024-08-21_08-38-00_jpg.rf.c50fe912593958d5f3f01e70015150e1.jpg
CAM2_RGB_2024-08-21_09-08-00_jpg.rf.c6b7bbfe8519df2457ade38f0e8a3579.jpg,aproveitavel,-,914.08,107.9,57.2,640,360,,C:\projetopig\dataset\sows_farm\sows_farm_02.v2i.yolo26\train\images\CAM2_RGB_2024-08-21_09-08-00_jpg.rf.c6b7bbfe8519df2457ade38f0e8a3579.jpg
CAM2_RGB_2024-08-21_10-08-00_jpg.rf.c723bcc774d62138585370dab7d8f8ea.jpg,aproveitavel,-,871.71,104.34,58.82,640,360,,C:\projetopig\dataset\sows_farm\sows_farm_02.v2i.yolo26\train\images\CAM2_RGB_2024-08-21_10-08-00_jpg.rf.c723bcc774d62138585370dab7d8f8ea.jpg
CAM2_RGB_2024-08-21_10-38-00_jpg.rf.48eedbc35c356701135a98195303e61f.jpg,aproveitavel,-,866.33,103.57,60.24,640,360,,C:\projetopig\dataset\sows_farm\sows_farm_02.v2i.yolo26\train\images\CAM2_RGB_2024-08-21_10-38-00_jpg.rf.48eedbc35c356701135a98195303e61f.jpg
CAM2_RGB_2024-08-21_11-08-00_jpg.rf.c63d8ab265fb8f163b9c6ac2c8b880a2.jpg,aproveitavel,-,924.14,103.9,58.51,640,360,,C:\projetopig\dataset\sows_farm\sows_farm_02.v2i.yolo26\train\images\CAM2_RGB_2024-08-21_11-08-00_jpg.rf.c63d8ab265fb8f163b9c6ac2c8b880a2.jpg
CAM2_RGB_2024-08-21_11-38-00_jpg.rf.415edddb1ecc7edd3af0dd87c93198fc.jpg,aproveitavel,-,921.23,105.49,58.88,640,360,,C:\projetopig\dataset\sows_farm\sows_farm_02.v2i.yolo26\train\images\CAM2_RGB_2024-08-21_11-38-00_jpg.rf.415edddb1ecc7edd3af0dd87c93198fc.jpg
CAM2_RGB_2024-08-21_12-08-00_jpg.rf.60c7ceb0fd591bc4a5bda8642f3a3d97.jpg,aproveitavel,-,957.45,103.95,58.75,640,360,,C:\projetopig\dataset\sows_farm\sows_farm_02.v2i.yolo26\train\images\CAM2_RGB_2024-08-21_12-08-00_jpg.rf.60c7ceb0fd591bc4a5bda8642f3a3d97.jpg
CAM2_RGB_2024-08-21_12-38-00_jpg.rf.91856b064750176e9638cfa00c6cf3a6.jpg,aproveitavel,-,897.84,103.2,57.08,640,360,,C:\projetopig\dataset\sows_farm\sows_farm_02.v2i.yolo26\train\images\CAM2_RGB_2024-08-21_12-38-00_jpg.rf.91856b064750176e9638cfa00c6cf3a6.jpg
CAM2_RGB_2024-08-21_13-08-00_jpg.rf.f14005864f3a5690511a9731edcec43d.jpg,aproveitavel,-,950.83,109.08,57.88,640,360,,C:\projetopig\dataset\sows_farm\sows_farm_02.v2i.yolo26\train\images\CAM2_RGB_2024-08-21_13-08-00_jpg.rf.f14005864f3a5690511a9731edcec43d.jpg
CAM2_RGB_2024-08-21_13-38-00_jpg.rf.33b39c01b995b216cc19f58506dc4c68.jpg,aproveitavel,-,706.12,105.42,59.08,640,360,,C:\projetopig\dataset\sows_farm\sows_farm_02.v2i.yolo26\train\images\CAM2_RGB_2024-08-21_13-38-00_jpg.rf.33b39c01b995b216cc19f58506dc4c68.jpg
CAM2_RGB_2024-08-21_14-38-00_jpg.rf.29548e0792f0b13d3bd005f4e6b562f9.jpg,aproveitavel,-,749.55,108.82,60.29,640,360,,C:\projetopig\dataset\sows_farm\sows_farm_02.v2i.yolo26\train\images\CAM2_RGB_2024-08-21_14-38-00_jpg.rf.29548e0792f0b13d3bd005f4e6b562f9.jpg
CAM2_RGB_2024-08-21_15-08-00_jpg.rf.18c3fbb7ce1c007dc098bd35247eabf9.jpg,aproveitavel,-,673.52,102.78,60.67,640,360,,C:\projetopig\dataset\sows_farm\sows_farm_02.v2i.yolo26\train\images\CAM2_RGB_2024-08-21_15-08-00_jpg.rf.18c3fbb7ce1c007dc098bd35247eabf9.jpg
CAM2_RGB_2024-08-21_15-38-00_jpg.rf.6d0d741c1a6613a1f0b45ff3b55b3521.jpg,aproveitavel,-,751.05,105.52,59.64,640,360,,C:\projetopig\dataset\sows_farm\sows_farm_02.v2i.yolo26\train\images\CAM2_RGB_2024-08-21_15-38-00_jpg.rf.6d0d741c1a6613a1f0b45ff3b55b3521.jpg
CAM2_RGB_2024-08-21_16-38-00_jpg.rf.afbfde3fadb3d56a616c8983443025ec.jpg,aproveitavel,-,853.01,102.08,56.96,640,360,,C:\projetopig\dataset\sows_farm\sows_farm_02.v2i.yolo26\train\images\CAM2_RGB_2024-08-21_16-38-00_jpg.rf.afbfde3fadb3d56a616c8983443025ec.jpg
CAM2_RGB_2024-08-21_17-08-00_jpg.rf.deca3c7782105cdbd9013962dfbf9a7c.jpg,aproveitavel,-,768.34,100.98,54.65,640,360,,C:\projetopig\dataset\sows_farm\sows_farm_02.v2i.yolo26\train\images\CAM2_RGB_2024-08-21_17-08-00_jpg.rf.deca3c7782105cdbd9013962dfbf9a7c.jpg
CAM2_RGB_2024-08-21_17-38-00_jpg.rf.0ae5fc5d3f59b8aeaa0b381e734b5640.jpg,aproveitavel,-,675.58,95.72,54.9,640,360,,C:\projetopig\dataset\sows_farm\sows_farm_02.v2i.yolo26\train\images\CAM2_RGB_2024-08-21_17-38-00_jpg.rf.0ae5fc5d3f59b8aeaa0b381e734b5640.jpg
CAM2_RGB_2024-08-21_18-08-00_jpg.rf.0a53ae75020a786f501fffe68a13118d.jpg,aproveitavel,-,711.93,96.36,52.85,640,360,,C:\projetopig\dataset\sows_farm\sows_farm_02.v2i.yolo26\train\images\CAM2_RGB_2024-08-21_18-08-00_jpg.rf.0a53ae75020a786f501fffe68a13118d.jpg
CAM2_RGB_2024-08-21_19-38-00_jpg.rf.0022facbf92f12dad82f39413e981cf5.jpg,aproveitavel,-,737.7,92.87,55.07,640,360,,C:\projetopig\dataset\sows_farm\sows_farm_02.v2i.yolo26\train\images\CAM2_RGB_2024-08-21_19-38-00_jpg.rf.0022facbf92f12dad82f39413e981cf5.jpg
CAM2_RGB_2024-08-21_20-08-00_jpg.rf.baabde4fdb00dec5f30dd644b31da6b8.jpg,aproveitavel,-,743.06,91.99,54.96,640,360,,C:\projetopig\dataset\sows_farm\sows_farm_02.v2i.yolo26\train\images\CAM2_RGB_2024-08-21_20-08-00_jpg.rf.baabde4fdb00dec5f30dd644b31da6b8.jpg
CAM2_RGB_2024-08-21_20-38-00_jpg.rf.a944f3412b217096c261e5d17a78f3d3.jpg,aproveitavel,-,747.51,89.23,54.0,640,360,,C:\projetopig\dataset\sows_farm\sows_farm_02.v2i.yolo26\train\images\CAM2_RGB_2024-08-21_20-38-00_jpg.rf.a944f3412b217096c261e5d17a78f3d3.jpg
CAM2_RGB_2024-08-21_21-38-00_jpg.rf.6461c103319b17fa199cc02fd4ad21ad.jpg,aproveitavel,-,606.96,89.88,59.97,640,360,,C:\projetopig\dataset\sows_farm\sows_farm_02.v2i.yolo26\train\images\CAM2_RGB_2024-08-21_21-38-00_jpg.rf.6461c103319b17fa199cc02fd4ad21ad.jpg
CAM2_RGB_2024-08-21_22-08-00_jpg.rf.f49f67b19ab88e11b083e01d4917b048.jpg,aproveitavel,-,582.87,88.76,64.12,640,360,,C:\projetopig\dataset\sows_farm\sows_farm_02.v2i.yolo26\train\images\CAM2_RGB_2024-08-21_22-08-00_jpg.rf.f49f67b19ab88e11b083e01d4917b048.jpg
CAM2_RGB_2024-08-21_22-38-00_jpg.rf.078c9102ec0ce2208ea763894e0cbf9b.jpg,aproveitavel,-,757.33,91.95,55.31,640,360,,C:\projetopig\dataset\sows_farm\sows_farm_02.v2i.yolo26\train\images\CAM2_RGB_2024-08-21_22-38-00_jpg.rf.078c9102ec0ce2208ea763894e0cbf9b.jpg
CAM2_RGB_2024-08-21_23-08-00_jpg.rf.184f921305b6b8a846a68b5c2a9d02b7.jpg,aproveitavel,-,724.93,77.09,68.21,640,360,,C:\projetopig\dataset\sows_farm\sows_farm_02.v2i.yolo26\train\images\CAM2_RGB_2024-08-21_23-08-00_jpg.rf.184f921305b6b8a846a68b5c2a9d02b7.jpg
CAM2_RGB_2024-08-21_23-38-00_jpg.rf.d0848b5040aab0416662a924a9b22757.jpg,aproveitavel,-,787.01,74.14,74.07,640,360,,C:\projetopig\dataset\sows_farm\sows_farm_02.v2i.yolo26\train\images\CAM2_RGB_2024-08-21_23-38-00_jpg.rf.d0848b5040aab0416662a924a9b22757.jpg
CAM2_RGB_2024-08-22_00-08-00_jpg.rf.d442a85b2c7b68821831894940e6c661.jpg,aproveitavel,-,770.39,74.27,73.1,640,360,,C:\projetopig\dataset\sows_farm\sows_farm_02.v2i.yolo26\train\images\CAM2_RGB_2024-08-22_00-08-00_jpg.rf.d442a85b2c7b68821831894940e6c661.jpg
CAM2_RGB_2024-08-22_01-08-00_jpg.rf.2b555a546aa7d826e45f6ec546c13134.jpg,aproveitavel,-,681.83,76.6,69.83,640,360,,C:\projetopig\dataset\sows_farm\sows_farm_02.v2i.yolo26\train\images\CAM2_RGB_2024-08-22_01-08-00_jpg.rf.2b555a546aa7d826e45f6ec546c13134.jpg
CAM2_RGB_2024-08-22_01-38-00_jpg.rf.0ef93cc199a1a598c0f2bb2a31a9d995.jpg,aproveitavel,-,698.15,79.72,70.38,640,360,,C:\projetopig\dataset\sows_farm\sows_farm_02.v2i.yolo26\train\images\CAM2_RGB_2024-08-22_01-38-00_jpg.rf.0ef93cc199a1a598c0f2bb2a31a9d995.jpg
CAM2_RGB_2024-08-22_02-38-00_jpg.rf.31a07559d49f647b74ff3e583607a057.jpg,aproveitavel,-,691.23,77.64,70.31,640,360,,C:\projetopig\dataset\sows_farm\sows_farm_02.v2i.yolo26\train\images\CAM2_RGB_2024-08-22_02-38-00_jpg.rf.31a07559d49f647b74ff3e583607a057.jpg
CAM2_RGB_2024-08-22_03-08-00_jpg.rf.44f5fac874fe1dc9f45d8199f4263655.jpg,aproveitavel,-,703.57,78.11,71.21,640,360,,C:\projetopig\dataset\sows_farm\sows_farm_02.v2i.yolo26\train\images\CAM2_RGB_2024-08-22_03-08-00_jpg.rf.44f5fac874fe1dc9f45d8199f4263655.jpg
CAM2_RGB_2024-08-22_03-38-00_jpg.rf.d8b3796f91a805608dc2241dbf80a1f9.jpg,aproveitavel,-,865.07,76.78,75.04,640,360,,C:\projetopig\dataset\sows_farm\sows_farm_02.v2i.yolo26\train\images\CAM2_RGB_2024-08-22_03-38-00_jpg.rf.d8b3796f91a805608dc2241dbf80a1f9.jpg
CAM2_RGB_2024-08-22_04-38-00_jpg.rf.1d1868df3d201023aefb9d9cf04165cc.jpg,aproveitavel,-,1066.19,76.41,72.26,640,360,,C:\projetopig\dataset\sows_farm\sows_farm_02.v2i.yolo26\train\images\CAM2_RGB_2024-08-22_04-38-00_jpg.rf.1d1868df3d201023aefb9d9cf04165cc.jpg
CAM2_RGB_2024-08-22_05-38-00_jpg.rf.019d4215267f07de676e30fa937caf33.jpg,aproveitavel,-,806.27,73.06,70.93,640,360,,C:\projetopig\dataset\sows_farm\sows_farm_02.v2i.yolo26\train\images\CAM2_RGB_2024-08-22_05-38-00_jpg.rf.019d4215267f07de676e30fa937caf33.jpg
CAM2_RGB_2024-08-22_06-08-00_jpg.rf.5e6c6fdaf02220c9736e7025f9f8c1ad.jpg,aproveitavel,-,822.49,87.92,64.44,640,360,,C:\projetopig\dataset\sows_farm\sows_farm_02.v2i.yolo26\train\images\CAM2_RGB_2024-08-22_06-08-00_jpg.rf.5e6c6fdaf02220c9736e7025f9f8c1ad.jpg
CAM2_RGB_2024-08-22_06-25-00_jpg.rf.361def96964e2e2511c6e2ad00b760d8.jpg,aproveitavel,-,696.1,99.4,52.89,640,360,,C:\projetopig\dataset\sows_farm\sows_farm_02.v2i.yolo26\train\images\CAM2_RGB_2024-08-22_06-25-00_jpg.rf.361def96964e2e2511c6e2ad00b760d8.jpg
CAM2_RGB_2024-08-22_06-26-00_jpg.rf.936cdc497e83c7756426f742f00ea36b.jpg,aproveitavel,-,685.43,97.54,53.13,640,360,,C:\projetopig\dataset\sows_farm\sows_farm_02.v2i.yolo26\train\images\CAM2_RGB_2024-08-22_06-26-00_jpg.rf.936cdc497e83c7756426f742f00ea36b.jpg
CAM2_RGB_2024-08-22_06-27-00_jpg.rf.4c83cd25d5161602b057718d026d4eec.jpg,aproveitavel,-,613.52,95.48,53.79,640,360,,C:\projetopig\dataset\sows_farm\sows_farm_02.v2i.yolo26\train\images\CAM2_RGB_2024-08-22_06-27-00_jpg.rf.4c83cd25d5161602b057718d026d4eec.jpg
CAM2_RGB_2024-08-22_06-38-00_jpg.rf.fe8372dc955f28b51fd54e3dacadf176.jpg,aproveitavel,-,771.33,99.21,54.63,640,360,,C:\projetopig\dataset\sows_farm\sows_farm_02.v2i.yolo26\train\images\CAM2_RGB_2024-08-22_06-38-00_jpg.rf.fe8372dc955f28b51fd54e3dacadf176.jpg
CAM2_RGB_2024-08-22_07-38-00_jpg.rf.c9fa4ea3b53dec063c7a40c234528e0f.jpg,aproveitavel,-,792.79,104.09,54.94,640,360,,C:\projetopig\dataset\sows_farm\sows_farm_02.v2i.yolo26\train\images\CAM2_RGB_2024-08-22_07-38-00_jpg.rf.c9fa4ea3b53dec063c7a40c234528e0f.jpg
CAM2_RGB_2024-08-22_08-38-00_jpg.rf.3a472c356765d56db2694bcc1ea9299f.jpg,aproveitavel,-,779.25,107.74,55.06,640,360,,C:\projetopig\dataset\sows_farm\sows_farm_02.v2i.yolo26\train\images\CAM2_RGB_2024-08-22_08-38-00_jpg.rf.3a472c356765d56db2694bcc1ea9299f.jpg
CAM2_RGB_2024-08-22_09-08-00_jpg.rf.8aaef207a9c546af4248178df7472232.jpg,aproveitavel,-,734.44,104.81,55.64,640,360,,C:\projetopig\dataset\sows_farm\sows_farm_02.v2i.yolo26\train\images\CAM2_RGB_2024-08-22_09-08-00_jpg.rf.8aaef207a9c546af4248178df7472232.jpg
CAM2_RGB_2024-08-22_10-05-00_jpg.rf.e075488e763a751faf8b42ddf7056a1b.jpg,aproveitavel,-,635.97,104.93,56.11,640,360,,C:\projetopig\dataset\sows_farm\sows_farm_02.v2i.yolo26\train\images\CAM2_RGB_2024-08-22_10-05-00_jpg.rf.e075488e763a751faf8b42ddf7056a1b.jpg
CAM2_RGB_2024-08-22_10-07-00_jpg.rf.53995192e65f5032e054543ffbbfd575.jpg,aproveitavel,-,630.47,103.56,57.93,640,360,,C:\projetopig\dataset\sows_farm\sows_farm_02.v2i.yolo26\train\images\CAM2_RGB_2024-08-22_10-07-00_jpg.rf.53995192e65f5032e054543ffbbfd575.jpg
CAM2_RGB_2024-08-22_10-08-00_jpg.rf.136577c8f6980b072560e52b445a7702.jpg,aproveitavel,-,527.75,102.98,60.98,640,360,,C:\projetopig\dataset\sows_farm\sows_farm_02.v2i.yolo26\train\images\CAM2_RGB_2024-08-22_10-08-00_jpg.rf.136577c8f6980b072560e52b445a7702.jpg
CAM2_RGB_2024-08-22_10-38-00_jpg.rf.c208e96ed0784da03387d729f71f1647.jpg,aproveitavel,-,788.61,112.39,50.0,640,360,,C:\projetopig\dataset\sows_farm\sows_farm_02.v2i.yolo26\train\images\CAM2_RGB_2024-08-22_10-38-00_jpg.rf.c208e96ed0784da03387d729f71f1647.jpg
CAM2_RGB_2024-08-22_11-08-00_jpg.rf.3d3086662443b6816e7e008329e270b5.jpg,aproveitavel,-,693.75,113.2,50.19,640,360,,C:\projetopig\dataset\sows_farm\sows_farm_02.v2i.yolo26\train\images\CAM2_RGB_2024-08-22_11-08-00_jpg.rf.3d3086662443b6816e7e008329e270b5.jpg
CAM2_RGB_2024-08-22_11-38-00_jpg.rf.a3c8b25f34d3c109be457c6184939302.jpg,aproveitavel,-,620.62,104.61,58.06,640,360,,C:\projetopig\dataset\sows_farm\sows_farm_02.v2i.yolo26\train\images\CAM2_RGB_2024-08-22_11-38-00_jpg.rf.a3c8b25f34d3c109be457c6184939302.jpg
CAM2_RGB_2024-08-22_12-38-00_jpg.rf.d1a102340e9cf2392b18401ec7f0128b.jpg,aproveitavel,-,454.23,101.97,64.46,640,360,,C:\projetopig\dataset\sows_farm\sows_farm_02.v2i.yolo26\train\images\CAM2_RGB_2024-08-22_12-38-00_jpg.rf.d1a102340e9cf2392b18401ec7f0128b.jpg
CAM2_RGB_2024-08-22_13-38-00_jpg.rf.18e9612c922deaca6520b865bd65a347.jpg,aproveitavel,-,648.46,108.12,60.16,640,360,,C:\projetopig\dataset\sows_farm\sows_farm_02.v2i.yolo26\train\images\CAM2_RGB_2024-08-22_13-38-00_jpg.rf.18e9612c922deaca6520b865bd65a347.jpg
CAM2_RGB_2024-08-22_14-08-00_jpg.rf.0bc096934a12e1432e4bc94ddc2a4b67.jpg,aproveitavel,-,668.99,105.91,59.05,640,360,,C:\projetopig\dataset\sows_farm\sows_farm_02.v2i.yolo26\train\images\CAM2_RGB_2024-08-22_14-08-00_jpg.rf.0bc096934a12e1432e4bc94ddc2a4b67.jpg
CAM2_RGB_2024-08-22_14-38-00_jpg.rf.e1070fd666c3d6d50305b780a70a3b3b.jpg,aproveitavel,-,678.8,106.62,58.86,640,360,,C:\projetopig\dataset\sows_farm\sows_farm_02.v2i.yolo26\train\images\CAM2_RGB_2024-08-22_14-38-00_jpg.rf.e1070fd666c3d6d50305b780a70a3b3b.jpg
CAM2_RGB_2024-08-22_15-08-00_jpg.rf.ab2b0fc01e412e2608ab20f0afc0748a.jpg,aproveitavel,-,705.19,103.98,58.71,640,360,,C:\projetopig\dataset\sows_farm\sows_farm_02.v2i.yolo26\train\images\CAM2_RGB_2024-08-22_15-08-00_jpg.rf.ab2b0fc01e412e2608ab20f0afc0748a.jpg
CAM2_RGB_2024-08-22_15-38-00_jpg.rf.0b66f04a7a2174e52c13570387ead243.jpg,aproveitavel,-,729.84,104.4,63.86,640,360,,C:\projetopig\dataset\sows_farm\sows_farm_02.v2i.yolo26\train\images\CAM2_RGB_2024-08-22_15-38-00_jpg.rf.0b66f04a7a2174e52c13570387ead243.jpg
CAM2_RGB_2024-08-22_16-03-00_jpg.rf.cbddb53f2630dd06598a9a0f83ec4716.jpg,aproveitavel,-,662.08,100.77,61.63,640,360,,C:\projetopig\dataset\sows_farm\sows_farm_02.v2i.yolo26\train\images\CAM2_RGB_2024-08-22_16-03-00_jpg.rf.cbddb53f2630dd06598a9a0f83ec4716.jpg
CAM2_RGB_2024-08-22_16-08-00_jpg.rf.8ad92dbb65bc6742de58a838ae9bbc40.jpg,aproveitavel,-,834.57,106.49,54.48,640,360,,C:\projetopig\dataset\sows_farm\sows_farm_02.v2i.yolo26\train\images\CAM2_RGB_2024-08-22_16-08-00_jpg.rf.8ad92dbb65bc6742de58a838ae9bbc40.jpg
CAM2_RGB_2024-08-22_16-38-00_jpg.rf.551d002868afcaf9e7d65fa66fd334f2.jpg,aproveitavel,-,950.77,110.26,52.83,640,360,,C:\projetopig\dataset\sows_farm\sows_farm_02.v2i.yolo26\train\images\CAM2_RGB_2024-08-22_16-38-00_jpg.rf.551d002868afcaf9e7d65fa66fd334f2.jpg
CAM2_RGB_2024-08-22_17-08-00_jpg.rf.d9bcd0ab0130a46fca05b54c1a0f6ba2.jpg,aproveitavel,-,635.67,99.06,65.22,640,360,,C:\projetopig\dataset\sows_farm\sows_farm_02.v2i.yolo26\train\images\CAM2_RGB_2024-08-22_17-08-00_jpg.rf.d9bcd0ab0130a46fca05b54c1a0f6ba2.jpg
CAM2_RGB_2024-08-22_17-38-00_jpg.rf.fd8a0612a91eaa5f672ed9aa7049efc7.jpg,aproveitavel,-,811.06,104.35,56.44,640,360,,C:\projetopig\dataset\sows_farm\sows_farm_02.v2i.yolo26\train\images\CAM2_RGB_2024-08-22_17-38-00_jpg.rf.fd8a0612a91eaa5f672ed9aa7049efc7.jpg
CAM2_RGB_2024-08-22_19-38-00_jpg.rf.0785d583c986a8340dc820b6b00dcda6.jpg,aproveitavel,-,636.08,93.22,61.34,640,360,,C:\projetopig\dataset\sows_farm\sows_farm_02.v2i.yolo26\train\images\CAM2_RGB_2024-08-22_19-38-00_jpg.rf.0785d583c986a8340dc820b6b00dcda6.jpg
CAM2_RGB_2024-08-22_21-08-00_jpg.rf.fbb2741e444aacc2ea8df9afa37ff400.jpg,aproveitavel,-,811.91,94.36,56.33,640,360,,C:\projetopig\dataset\sows_farm\sows_farm_02.v2i.yolo26\train\images\CAM2_RGB_2024-08-22_21-08-00_jpg.rf.fbb2741e444aacc2ea8df9afa37ff400.jpg
CAM2_RGB_2024-08-22_22-38-00_jpg.rf.4ddea9cf97bb8d96b410820d1a146ddf.jpg,aproveitavel,-,853.55,94.2,58.57,640,360,,C:\projetopig\dataset\sows_farm\sows_farm_02.v2i.yolo26\train\images\CAM2_RGB_2024-08-22_22-38-00_jpg.rf.4ddea9cf97bb8d96b410820d1a146ddf.jpg
CAM2_RGB_2024-08-23_00-08-00_jpg.rf.e9f8228c9ed71099601b9f0cbc0fd734.jpg,aproveitavel,-,948.89,77.23,71.37,640,360,,C:\projetopig\dataset\sows_farm\sows_farm_02.v2i.yolo26\train\images\CAM2_RGB_2024-08-23_00-08-00_jpg.rf.e9f8228c9ed71099601b9f0cbc0fd734.jpg
CAM2_RGB_2024-08-23_01-08-00_jpg.rf.19e0c38a7dd087f268fc69629ea684f1.jpg,aproveitavel,-,1006.57,75.74,73.45,640,360,,C:\projetopig\dataset\sows_farm\sows_farm_02.v2i.yolo26\train\images\CAM2_RGB_2024-08-23_01-08-00_jpg.rf.19e0c38a7dd087f268fc69629ea684f1.jpg
CAM2_RGB_2024-08-23_01-38-00_jpg.rf.c9a874e3316156931d07036fb30360d4.jpg,aproveitavel,-,980.54,75.67,73.44,640,360,,C:\projetopig\dataset\sows_farm\sows_farm_02.v2i.yolo26\train\images\CAM2_RGB_2024-08-23_01-38-00_jpg.rf.c9a874e3316156931d07036fb30360d4.jpg
CAM2_RGB_2024-08-23_02-08-00_jpg.rf.c38663b7538fa25d2e782b10399b6ea9.jpg,aproveitavel,-,927.6,71.45,71.92,640,360,,C:\projetopig\dataset\sows_farm\sows_farm_02.v2i.yolo26\train\images\CAM2_RGB_2024-08-23_02-08-00_jpg.rf.c38663b7538fa25d2e782b10399b6ea9.jpg
CAM2_RGB_2024-08-23_02-38-00_jpg.rf.228580d0ff04137fac846f259cba8426.jpg,aproveitavel,-,1089.28,75.47,74.77,640,360,,C:\projetopig\dataset\sows_farm\sows_farm_02.v2i.yolo26\train\images\CAM2_RGB_2024-08-23_02-38-00_jpg.rf.228580d0ff04137fac846f259cba8426.jpg
CAM2_RGB_2024-08-23_03-08-00_jpg.rf.a046650a1dcb3ef3d8fee67191fb5702.jpg,aproveitavel,-,961.71,74.61,75.54,640,360,,C:\projetopig\dataset\sows_farm\sows_farm_02.v2i.yolo26\train\images\CAM2_RGB_2024-08-23_03-08-00_jpg.rf.a046650a1dcb3ef3d8fee67191fb5702.jpg
CAM2_RGB_2024-08-23_03-38-00_jpg.rf.988827702bbea37a9a5b92a7a6d66607.jpg,aproveitavel,-,982.04,74.18,74.21,640,360,,C:\projetopig\dataset\sows_farm\sows_farm_02.v2i.yolo26\train\images\CAM2_RGB_2024-08-23_03-38-00_jpg.rf.988827702bbea37a9a5b92a7a6d66607.jpg
CAM2_RGB_2024-08-23_04-08-00_jpg.rf.8df5e1f87d5ca3b7f0d6348b6dc53e6c.jpg,aproveitavel,-,770.26,81.34,72.23,640,360,,C:\projetopig\dataset\sows_farm\sows_farm_02.v2i.yolo26\train\images\CAM2_RGB_2024-08-23_04-08-00_jpg.rf.8df5e1f87d5ca3b7f0d6348b6dc53e6c.jpg
CAM2_RGB_2024-08-23_04-38-00_jpg.rf.5aefcf817d9b7a0cb2e2c59280b7a14d.jpg,aproveitavel,-,895.36,80.4,68.46,640,360,,C:\projetopig\dataset\sows_farm\sows_farm_02.v2i.yolo26\train\images\CAM2_RGB_2024-08-23_04-38-00_jpg.rf.5aefcf817d9b7a0cb2e2c59280b7a14d.jpg
CAM2_RGB_2024-08-23_05-08-00_jpg.rf.96840aea8800a0c0e09fab6a699f83d9.jpg,aproveitavel,-,946.8,72.97,73.51,640,360,,C:\projetopig\dataset\sows_farm\sows_farm_02.v2i.yolo26\train\images\CAM2_RGB_2024-08-23_05-08-00_jpg.rf.96840aea8800a0c0e09fab6a699f83d9.jpg
CAM2_RGB_2024-08-23_05-38-00_jpg.rf.430a223ad608fd4a5208a481cccde7a5.jpg,aproveitavel,-,981.29,74.53,74.38,640,360,,C:\projetopig\dataset\sows_farm\sows_farm_02.v2i.yolo26\train\images\CAM2_RGB_2024-08-23_05-38-00_jpg.rf.430a223ad608fd4a5208a481cccde7a5.jpg
CAM2_RGB_2024-08-23_06-08-00_jpg.rf.396a1303e5b3f00dafb1500a54701b89.jpg,aproveitavel,-,724.41,85.74,64.07,640,360,,C:\projetopig\dataset\sows_farm\sows_farm_02.v2i.yolo26\train\images\CAM2_RGB_2024-08-23_06-08-00_jpg.rf.396a1303e5b3f00dafb1500a54701b89.jpg
CAM2_RGB_2024-08-23_06-38-00_jpg.rf.0f07c1495bdab8d9d66938ed14e1ea1f.jpg,aproveitavel,-,823.07,99.79,51.88,640,360,,C:\projetopig\dataset\sows_farm\sows_farm_02.v2i.yolo26\train\images\CAM2_RGB_2024-08-23_06-38-00_jpg.rf.0f07c1495bdab8d9d66938ed14e1ea1f.jpg
CAM2_RGB_2024-08-23_07-37-59_jpg.rf.8584819dc97008df0ac38ed1d995e797.jpg,aproveitavel,-,841.34,105.22,55.48,640,360,,C:\projetopig\dataset\sows_farm\sows_farm_02.v2i.yolo26\train\images\CAM2_RGB_2024-08-23_07-37-59_jpg.rf.8584819dc97008df0ac38ed1d995e797.jpg
CAM2_RGB_2024-08-23_08-07-59_jpg.rf.4d8a2eb44616975902740d8c7fb6e0e2.jpg,aproveitavel,-,834.08,111.52,52.71,640,360,,C:\projetopig\dataset\sows_farm\sows_farm_02.v2i.yolo26\train\images\CAM2_RGB_2024-08-23_08-07-59_jpg.rf.4d8a2eb44616975902740d8c7fb6e0e2.jpg
CAM2_RGB_2024-08-23_09-08-00_jpg.rf.467f91faf502ae7f621cdecfadf85320.jpg,aproveitavel,-,702.89,103.43,58.12,640,360,,C:\projetopig\dataset\sows_farm\sows_farm_02.v2i.yolo26\train\images\CAM2_RGB_2024-08-23_09-08-00_jpg.rf.467f91faf502ae7f621cdecfadf85320.jpg
CAM2_RGB_2024-08-23_10-38-00_jpg.rf.989fec5a0f92892e765d244beea086c2.jpg,aproveitavel,-,605.38,106.5,61.56,640,360,,C:\projetopig\dataset\sows_farm\sows_farm_02.v2i.yolo26\train\images\CAM2_RGB_2024-08-23_10-38-00_jpg.rf.989fec5a0f92892e765d244beea086c2.jpg
CAM2_RGB_2024-08-23_11-08-00_jpg.rf.efa0062915c427e1120aba7990aaad82.jpg,aproveitavel,-,718.14,112.11,52.06,640,360,,C:\projetopig\dataset\sows_farm\sows_farm_02.v2i.yolo26\train\images\CAM2_RGB_2024-08-23_11-08-00_jpg.rf.efa0062915c427e1120aba7990aaad82.jpg
CAM2_RGB_2024-08-23_11-38-00_jpg.rf.8679aafd40e2e1df54b868afc0b3f823.jpg,aproveitavel,-,537.49,101.16,65.75,640,360,,C:\projetopig\dataset\sows_farm\sows_farm_02.v2i.yolo26\train\images\CAM2_RGB_2024-08-23_11-38-00_jpg.rf.8679aafd40e2e1df54b868afc0b3f823.jpg
CAM2_RGB_2024-08-23_11-42-00_jpg.rf.13d8fa170d47a3ed46a251d7c467d501.jpg,aproveitavel,-,620.05,101.72,60.16,640,360,,C:\projetopig\dataset\sows_farm\sows_farm_02.v2i.yolo26\train\images\CAM2_RGB_2024-08-23_11-42-00_jpg.rf.13d8fa170d47a3ed46a251d7c467d501.jpg
CAM2_RGB_2024-08-23_11-48-00_jpg.rf.d6fb1ee5743fab45634cb5514dbadf8f.jpg,aproveitavel,-,609.17,107.19,61.23,640,360,,C:\projetopig\dataset\sows_farm\sows_farm_02.v2i.yolo26\train\images\CAM2_RGB_2024-08-23_11-48-00_jpg.rf.d6fb1ee5743fab45634cb5514dbadf8f.jpg
CAM2_RGB_2024-08-23_12-08-00_jpg.rf.e9f48022e1b06e6f9df8b6e3b4371851.jpg,aproveitavel,-,735.9,110.29,52.35,640,360,,C:\projetopig\dataset\sows_farm\sows_farm_02.v2i.yolo26\train\images\CAM2_RGB_2024-08-23_12-08-00_jpg.rf.e9f48022e1b06e6f9df8b6e3b4371851.jpg
CAM2_RGB_2024-08-23_12-38-00_jpg.rf.186acd25c58241c51af9b02227514580.jpg,aproveitavel,-,790.0,113.47,52.56,640,360,,C:\projetopig\dataset\sows_farm\sows_farm_02.v2i.yolo26\train\images\CAM2_RGB_2024-08-23_12-38-00_jpg.rf.186acd25c58241c51af9b02227514580.jpg
CAM2_RGB_2024-08-23_13-08-00_jpg.rf.c3316b46b8f27b0db6698ec06a8963fc.jpg,aproveitavel,-,762.19,109.8,52.73,640,360,,C:\projetopig\dataset\sows_farm\sows_farm_02.v2i.yolo26\train\images\CAM2_RGB_2024-08-23_13-08-00_jpg.rf.c3316b46b8f27b0db6698ec06a8963fc.jpg
CAM2_RGB_2024-08-23_13-38-00_jpg.rf.83092507d3c1a9abaa47b06d48e9849e.jpg,aproveitavel,-,517.74,103.59,62.3,640,360,,C:\projetopig\dataset\sows_farm\sows_farm_02.v2i.yolo26\train\images\CAM2_RGB_2024-08-23_13-38-00_jpg.rf.83092507d3c1a9abaa47b06d48e9849e.jpg
CAM2_RGB_2024-08-23_14-08-00_jpg.rf.bdb1a281a292a2f3f51ef892673114e9.jpg,aproveitavel,-,756.6,108.22,57.59,640,360,,C:\projetopig\dataset\sows_farm\sows_farm_02.v2i.yolo26\train\images\CAM2_RGB_2024-08-23_14-08-00_jpg.rf.bdb1a281a292a2f3f51ef892673114e9.jpg
CAM2_RGB_2024-08-23_14-26-00_jpg.rf.808a0bb82b173f888e6935ff9e218a1e.jpg,aproveitavel,-,767.53,107.74,54.35,640,360,,C:\projetopig\dataset\sows_farm\sows_farm_02.v2i.yolo26\train\images\CAM2_RGB_2024-08-23_14-26-00_jpg.rf.808a0bb82b173f888e6935ff9e218a1e.jpg
CAM2_RGB_2024-08-23_14-39-00_jpg.rf.4181db330d7a31924696e4b0b56738ac.jpg,aproveitavel,-,759.24,110.93,54.68,640,360,,C:\projetopig\dataset\sows_farm\sows_farm_02.v2i.yolo26\train\images\CAM2_RGB_2024-08-23_14-39-00_jpg.rf.4181db330d7a31924696e4b0b56738ac.jpg
CAM2_RGB_2024-08-23_15-09-00_jpg.rf.e228a1c6db8323c7a7cbbf3740868aed.jpg,aproveitavel,-,688.64,108.44,61.11,640,360,,C:\projetopig\dataset\sows_farm\sows_farm_02.v2i.yolo26\train\images\CAM2_RGB_2024-08-23_15-09-00_jpg.rf.e228a1c6db8323c7a7cbbf3740868aed.jpg
CAM2_RGB_2024-08-23_16-08-59_jpg.rf.9303a323d76dc721fab485fcd193739f.jpg,aproveitavel,-,798.76,104.54,60.14,640,360,,C:\projetopig\dataset\sows_farm\sows_farm_02.v2i.yolo26\train\images\CAM2_RGB_2024-08-23_16-08-59_jpg.rf.9303a323d76dc721fab485fcd193739f.jpg
CAM2_RGB_2024-08-23_16-39-00_jpg.rf.3fa85fae62bbed955346e44bf8653d2a.jpg,aproveitavel,-,808.19,100.12,57.96,640,360,,C:\projetopig\dataset\sows_farm\sows_farm_02.v2i.yolo26\train\images\CAM2_RGB_2024-08-23_16-39-00_jpg.rf.3fa85fae62bbed955346e44bf8653d2a.jpg
CAM2_RGB_2024-08-23_17-39-00_jpg.rf.683f6fc93c9410bd1becd7a9044fea8b.jpg,aproveitavel,-,675.9,97.37,63.65,640,360,,C:\projetopig\dataset\sows_farm\sows_farm_02.v2i.yolo26\train\images\CAM2_RGB_2024-08-23_17-39-00_jpg.rf.683f6fc93c9410bd1becd7a9044fea8b.jpg
CAM2_RGB_2024-08-23_18-09-00_jpg.rf.38b57c33747f1b157f92f39b81089072.jpg,aproveitavel,-,698.77,102.42,47.22,640,360,,C:\projetopig\dataset\sows_farm\sows_farm_02.v2i.yolo26\train\images\CAM2_RGB_2024-08-23_18-09-00_jpg.rf.38b57c33747f1b157f92f39b81089072.jpg
CAM2_RGB_2024-08-23_18-39-00_jpg.rf.27401b95a28040fb9c52059bc562ab19.jpg,aproveitavel,-,519.67,94.54,50.6,640,360,,C:\projetopig\dataset\sows_farm\sows_farm_02.v2i.yolo26\train\images\CAM2_RGB_2024-08-23_18-39-00_jpg.rf.27401b95a28040fb9c52059bc562ab19.jpg
CAM2_RGB_2024-08-23_19-55-00_jpg.rf.1ac3597a5ec0989f435eb37d25209248.jpg,aproveitavel,-,616.11,98.4,53.97,640,360,,C:\projetopig\dataset\sows_farm\sows_farm_02.v2i.yolo26\train\images\CAM2_RGB_2024-08-23_19-55-00_jpg.rf.1ac3597a5ec0989f435eb37d25209248.jpg
CAM2_RGB_2024-08-23_20-09-00_jpg.rf.6b5310ffbacd1fd7bd4c44bd65bb63f8.jpg,aproveitavel,-,441.28,97.04,62.7,640,360,,C:\projetopig\dataset\sows_farm\sows_farm_02.v2i.yolo26\train\images\CAM2_RGB_2024-08-23_20-09-00_jpg.rf.6b5310ffbacd1fd7bd4c44bd65bb63f8.jpg
CAM2_RGB_2024-08-23_20-12-00_jpg.rf.ba52e2c747c8faeb61fbb1bacf6a3a9c.jpg,aproveitavel,-,572.33,96.74,56.15,640,360,,C:\projetopig\dataset\sows_farm\sows_farm_02.v2i.yolo26\train\images\CAM2_RGB_2024-08-23_20-12-00_jpg.rf.ba52e2c747c8faeb61fbb1bacf6a3a9c.jpg
CAM2_RGB_2024-08-23_20-39-00_jpg.rf.eb9de02b47fb79ba03ae63688ca6391f.jpg,aproveitavel,-,665.18,95.97,51.14,640,360,,C:\projetopig\dataset\sows_farm\sows_farm_02.v2i.yolo26\train\images\CAM2_RGB_2024-08-23_20-39-00_jpg.rf.eb9de02b47fb79ba03ae63688ca6391f.jpg
CAM2_RGB_2024-08-23_21-09-00_jpg.rf.8fd7fcf2e765c43192db7af628dc8d5d.jpg,aproveitavel,-,670.94,97.33,52.38,640,360,,C:\projetopig\dataset\sows_farm\sows_farm_02.v2i.yolo26\train\images\CAM2_RGB_2024-08-23_21-09-00_jpg.rf.8fd7fcf2e765c43192db7af628dc8d5d.jpg
CAM2_RGB_2024-08-23_21-39-00_jpg.rf.7c728202a58eac8c15474556866fd2ff.jpg,aproveitavel,-,639.19,98.65,52.13,640,360,,C:\projetopig\dataset\sows_farm\sows_farm_02.v2i.yolo26\train\images\CAM2_RGB_2024-08-23_21-39-00_jpg.rf.7c728202a58eac8c15474556866fd2ff.jpg
CAM2_RGB_2024-08-23_22-09-00_jpg.rf.22d2e765d5f57bbcdfc3b42945607511.jpg,aproveitavel,-,684.45,100.19,54.01,640,360,,C:\projetopig\dataset\sows_farm\sows_farm_02.v2i.yolo26\train\images\CAM2_RGB_2024-08-23_22-09-00_jpg.rf.22d2e765d5f57bbcdfc3b42945607511.jpg
CAM2_RGB_2024-08-23_22-39-00_jpg.rf.6c923ffc2ce663c1546ef25a065721c1.jpg,aproveitavel,-,626.09,96.0,51.13,640,360,,C:\projetopig\dataset\sows_farm\sows_farm_02.v2i.yolo26\train\images\CAM2_RGB_2024-08-23_22-39-00_jpg.rf.6c923ffc2ce663c1546ef25a065721c1.jpg
CAM2_RGB_2024-08-23_23-09-00_jpg.rf.0ccda31fd68a016798dbf9ac3995a732.jpg,descartar,borrada;subexposta,35.66,25.85,20.3,640,360,,C:\projetopig\dataset\sows_farm\sows_farm_02.v2i.yolo26\train\images\CAM2_RGB_2024-08-23_23-09-00_jpg.rf.0ccda31fd68a016798dbf9ac3995a732.jpg
CAM2_RGB_2024-08-23_23-39-00_jpg.rf.0c07b59db1b0adc9050454e249f422dc.jpg,descartar,borrada;subexposta,34.01,24.74,19.68,640,360,,C:\projetopig\dataset\sows_farm\sows_farm_02.v2i.yolo26\train\images\CAM2_RGB_2024-08-23_23-39-00_jpg.rf.0c07b59db1b0adc9050454e249f422dc.jpg
CAM2_RGB_2024-08-24_00-09-00_jpg.rf.9085aab6b0d409fd83f09e1990a21d74.jpg,descartar,borrada;subexposta,35.96,25.34,20.16,640,360,,C:\projetopig\dataset\sows_farm\sows_farm_02.v2i.yolo26\train\images\CAM2_RGB_2024-08-24_00-09-00_jpg.rf.9085aab6b0d409fd83f09e1990a21d74.jpg
CAM2_RGB_2024-08-24_00-39-00_jpg.rf.458646690f07ccb3a5f5db301a43e655.jpg,descartar,borrada;subexposta;duplicata,37.84,26.14,20.65,640,360,CAM2_RGB_2024-08-23_23-39-00_jpg.rf.0c07b59db1b0adc9050454e249f422dc.jpg,C:\projetopig\dataset\sows_farm\sows_farm_02.v2i.yolo26\train\images\CAM2_RGB_2024-08-24_00-39-00_jpg.rf.458646690f07ccb3a5f5db301a43e655.jpg
CAM2_RGB_2024-08-24_01-09-00_jpg.rf.442046722e551c9fe88e6e8fb9316f18.jpg,descartar,borrada;subexposta;duplicata,40.33,27.57,21.64,640,360,CAM2_RGB_2024-08-23_23-39-00_jpg.rf.0c07b59db1b0adc9050454e249f422dc.jpg,C:\projetopig\dataset\sows_farm\sows_farm_02.v2i.yolo26\train\images\CAM2_RGB_2024-08-24_01-09-00_jpg.rf.442046722e551c9fe88e6e8fb9316f18.jpg
CAM2_RGB_2024-08-24_01-39-00_jpg.rf.c6c6a611c64a540d3e187d018869a4d7.jpg,descartar,borrada;subexposta,35.77,26.11,20.54,640,360,,C:\projetopig\dataset\sows_farm\sows_farm_02.v2i.yolo26\train\images\CAM2_RGB_2024-08-24_01-39-00_jpg.rf.c6c6a611c64a540d3e187d018869a4d7.jpg
CAM2_RGB_2024-08-24_02-09-00_jpg.rf.8d29d4eeced741934d85a2b488715741.jpg,descartar,borrada;subexposta,28.08,24.25,19.56,640,360,,C:\projetopig\dataset\sows_farm\sows_farm_02.v2i.yolo26\train\images\CAM2_RGB_2024-08-24_02-09-00_jpg.rf.8d29d4eeced741934d85a2b488715741.jpg
CAM2_RGB_2024-08-24_02-39-00_jpg.rf.de909507b6e524b66b3623d9f0273ae4.jpg,descartar,borrada;subexposta;duplicata,38.73,27.54,21.21,640,360,CAM2_RGB_2024-08-23_23-39-00_jpg.rf.0c07b59db1b0adc9050454e249f422dc.jpg,C:\projetopig\dataset\sows_farm\sows_farm_02.v2i.yolo26\train\images\CAM2_RGB_2024-08-24_02-39-00_jpg.rf.de909507b6e524b66b3623d9f0273ae4.jpg
CAM2_RGB_2024-08-24_03-09-00_jpg.rf.43f1705355fed47d8f7d58f330d98f86.jpg,descartar,borrada;subexposta,41.85,28.48,21.62,640,360,,C:\projetopig\dataset\sows_farm\sows_farm_02.v2i.yolo26\train\images\CAM2_RGB_2024-08-24_03-09-00_jpg.rf.43f1705355fed47d8f7d58f330d98f86.jpg
CAM2_RGB_2024-08-24_04-38-58_jpg.rf.545125852bea75e9b91fc235476b4f60.jpg,descartar,borrada;subexposta,39.2,27.53,20.33,640,360,,C:\projetopig\dataset\sows_farm\sows_farm_02.v2i.yolo26\train\images\CAM2_RGB_2024-08-24_04-38-58_jpg.rf.545125852bea75e9b91fc235476b4f60.jpg
CAM2_RGB_2024-08-24_06-08-59_jpg.rf.21de0ec8c148b8ebffd973fbee52a276.jpg,aproveitavel,-,279.44,92.56,52.2,640,360,,C:\projetopig\dataset\sows_farm\sows_farm_02.v2i.yolo26\train\images\CAM2_RGB_2024-08-24_06-08-59_jpg.rf.21de0ec8c148b8ebffd973fbee52a276.jpg
CAM2_RGB_2024-08-24_06-39-00_jpg.rf.187b6c6dafaef1940a3416b4826bc5b1.jpg,aproveitavel,-,450.75,98.53,60.12,640,360,,C:\projetopig\dataset\sows_farm\sows_farm_02.v2i.yolo26\train\images\CAM2_RGB_2024-08-24_06-39-00_jpg.rf.187b6c6dafaef1940a3416b4826bc5b1.jpg
CAM2_RGB_2024-08-24_07-08-59_jpg.rf.9120e236c84475f6dc46353fd8a407a0.jpg,aproveitavel,-,740.34,106.9,50.1,640,360,,C:\projetopig\dataset\sows_farm\sows_farm_02.v2i.yolo26\train\images\CAM2_RGB_2024-08-24_07-08-59_jpg.rf.9120e236c84475f6dc46353fd8a407a0.jpg
CAM2_RGB_2024-08-24_08-08-59_jpg.rf.421bcac7e7f3e2e4f3d49bbf5876213b.jpg,aproveitavel,-,743.22,108.53,60.69,640,360,,C:\projetopig\dataset\sows_farm\sows_farm_02.v2i.yolo26\train\images\CAM2_RGB_2024-08-24_08-08-59_jpg.rf.421bcac7e7f3e2e4f3d49bbf5876213b.jpg
CAM2_RGB_2024-08-30_14-58-00_jpg.rf.d87184d98df7738987278865e5fa61a1.jpg,aproveitavel,-,848.37,105.67,56.33,640,360,,C:\projetopig\dataset\sows_farm\sows_farm_02.v2i.yolo26\train\images\CAM2_RGB_2024-08-30_14-58-00_jpg.rf.d87184d98df7738987278865e5fa61a1.jpg
CAM2_RGB_2024-08-30_18-19-00_jpg.rf.c99f2e0880e95f9479b77c7a5d5e5d07.jpg,aproveitavel,-,472.89,95.86,52.68,640,360,,C:\projetopig\dataset\sows_farm\sows_farm_02.v2i.yolo26\train\images\CAM2_RGB_2024-08-30_18-19-00_jpg.rf.c99f2e0880e95f9479b77c7a5d5e5d07.jpg
CAM2_RGB_2024-08-31_06-18-00_jpg.rf.82d02b10898ad9c04c30ec1fcc628e4f.jpg,aproveitavel,-,467.05,94.88,54.66,640,360,,C:\projetopig\dataset\sows_farm\sows_farm_02.v2i.yolo26\train\images\CAM2_RGB_2024-08-31_06-18-00_jpg.rf.82d02b10898ad9c04c30ec1fcc628e4f.jpg
CAM2_RGB_2024-08-31_07-54-00_jpg.rf.77a69d15fd8ea74440b7416f8bafc288.jpg,aproveitavel,-,704.49,98.59,57.76,640,360,,C:\projetopig\dataset\sows_farm\sows_farm_02.v2i.yolo26\train\images\CAM2_RGB_2024-08-31_07-54-00_jpg.rf.77a69d15fd8ea74440b7416f8bafc288.jpg
CAM2_RGB_2024-08-31_15-42-00_jpg.rf.3b486d225dcd7699a3e02ea5703a9a2b.jpg,aproveitavel,-,610.8,96.46,56.97,640,360,,C:\projetopig\dataset\sows_farm\sows_farm_02.v2i.yolo26\train\images\CAM2_RGB_2024-08-31_15-42-00_jpg.rf.3b486d225dcd7699a3e02ea5703a9a2b.jpg
CAM2_RGB_2024-08-31_22-50-00_jpg.rf.bba444bd020e59e47c4ecb56c8a93652.jpg,aproveitavel,-,397.31,90.16,61.71,640,360,,C:\projetopig\dataset\sows_farm\sows_farm_02.v2i.yolo26\train\images\CAM2_RGB_2024-08-31_22-50-00_jpg.rf.bba444bd020e59e47c4ecb56c8a93652.jpg
CAM3_RGB_2024-08-16_17-36-00_jpg.rf.99ad72f0f7112b007ae327ff9e2e1996.jpg,aproveitavel,-,236.65,56.4,44.15,640,360,,C:\projetopig\dataset\sows_farm\sows_farm_02.v2i.yolo26\train\images\CAM3_RGB_2024-08-16_17-36-00_jpg.rf.99ad72f0f7112b007ae327ff9e2e1996.jpg
CAM3_RGB_2024-08-16_17-57-00_jpg.rf.7c0c7805c3255ad1d55d28fc2b143275.jpg,aproveitavel,-,700.59,87.61,64.92,640,360,,C:\projetopig\dataset\sows_farm\sows_farm_02.v2i.yolo26\train\images\CAM3_RGB_2024-08-16_17-57-00_jpg.rf.7c0c7805c3255ad1d55d28fc2b143275.jpg
CAM3_RGB_2024-08-16_18-06-00_jpg.rf.e3972205f81bb0711ee79250ec246789.jpg,aproveitavel,-,765.95,89.7,57.46,640,360,,C:\projetopig\dataset\sows_farm\sows_farm_02.v2i.yolo26\train\images\CAM3_RGB_2024-08-16_18-06-00_jpg.rf.e3972205f81bb0711ee79250ec246789.jpg
CAM3_RGB_2024-08-16_18-36-00_jpg.rf.68db01a0b47369e09f96452381033d3c.jpg,aproveitavel,-,926.67,93.59,54.28,640,360,,C:\projetopig\dataset\sows_farm\sows_farm_02.v2i.yolo26\train\images\CAM3_RGB_2024-08-16_18-36-00_jpg.rf.68db01a0b47369e09f96452381033d3c.jpg
CAM3_RGB_2024-08-16_18-50-00_jpg.rf.3761f5407da396be165fd727de51e2fc.jpg,aproveitavel,-,979.72,93.15,54.46,640,360,,C:\projetopig\dataset\sows_farm\sows_farm_02.v2i.yolo26\train\images\CAM3_RGB_2024-08-16_18-50-00_jpg.rf.3761f5407da396be165fd727de51e2fc.jpg
CAM3_RGB_2024-08-16_18-51-00_jpg.rf.abf0c6eba6c4ac7b7b5a5c5a02257cd9.jpg,aproveitavel,-,980.61,93.11,54.53,640,360,,C:\projetopig\dataset\sows_farm\sows_farm_02.v2i.yolo26\train\images\CAM3_RGB_2024-08-16_18-51-00_jpg.rf.abf0c6eba6c4ac7b7b5a5c5a02257cd9.jpg
CAM3_RGB_2024-08-16_18-52-00_jpg.rf.75108058fa5ee778fcf534ef51a9e44d.jpg,descartar,duplicata,982.67,93.28,54.54,640,360,CAM3_RGB_2024-08-16_18-50-00_jpg.rf.3761f5407da396be165fd727de51e2fc.jpg,C:\projetopig\dataset\sows_farm\sows_farm_02.v2i.yolo26\train\images\CAM3_RGB_2024-08-16_18-52-00_jpg.rf.75108058fa5ee778fcf534ef51a9e44d.jpg
CAM3_RGB_2024-08-16_18-53-00_jpg.rf.05650028679d41ab3c95fd5f543b2cc1.jpg,descartar,duplicata,1001.24,92.54,54.25,640,360,CAM3_RGB_2024-08-16_18-54-00_jpg.rf.63a6ff35938cc312125f515c23496725.jpg,C:\projetopig\dataset\sows_farm\sows_farm_02.v2i.yolo26\train\images\CAM3_RGB_2024-08-16_18-53-00_jpg.rf.05650028679d41ab3c95fd5f543b2cc1.jpg
CAM3_RGB_2024-08-16_18-55-00_jpg.rf.bb73fe9a4627c0393bc889f1a3200f6e.jpg,descartar,duplicata,989.15,92.88,54.25,640,360,CAM3_RGB_2024-08-16_18-54-00_jpg.rf.63a6ff35938cc312125f515c23496725.jpg,C:\projetopig\dataset\sows_farm\sows_farm_02.v2i.yolo26\train\images\CAM3_RGB_2024-08-16_18-55-00_jpg.rf.bb73fe9a4627c0393bc889f1a3200f6e.jpg
CAM3_RGB_2024-08-16_18-55-59_jpg.rf.9f0e5cc73d917049fc6fe4317ec19e54.jpg,aproveitavel,-,997.65,94.03,54.83,640,360,,C:\projetopig\dataset\sows_farm\sows_farm_02.v2i.yolo26\train\images\CAM3_RGB_2024-08-16_18-55-59_jpg.rf.9f0e5cc73d917049fc6fe4317ec19e54.jpg
CAM3_RGB_2024-08-16_18-57-00_jpg.rf.b84c6dcba0abdc9941d06ef7c4705f45.jpg,descartar,duplicata,990.05,94.75,54.69,640,360,CAM3_RGB_2024-08-16_18-50-00_jpg.rf.3761f5407da396be165fd727de51e2fc.jpg,C:\projetopig\dataset\sows_farm\sows_farm_02.v2i.yolo26\train\images\CAM3_RGB_2024-08-16_18-57-00_jpg.rf.b84c6dcba0abdc9941d06ef7c4705f45.jpg
CAM3_RGB_2024-08-16_19-06-00_jpg.rf.b9147031be7162d2cdedc40e7ab0a1db.jpg,aproveitavel,-,1024.24,93.88,55.88,640,360,,C:\projetopig\dataset\sows_farm\sows_farm_02.v2i.yolo26\train\images\CAM3_RGB_2024-08-16_19-06-00_jpg.rf.b9147031be7162d2cdedc40e7ab0a1db.jpg
CAM3_RGB_2024-08-22_09-41-00_jpg.rf.d1aecbfa46c3a9e4ffbf37f94f3dc844.jpg,aproveitavel,-,1062.78,102.82,45.89,640,360,,C:\projetopig\dataset\sows_farm\sows_farm_02.v2i.yolo26\train\images\CAM3_RGB_2024-08-22_09-41-00_jpg.rf.d1aecbfa46c3a9e4ffbf37f94f3dc844.jpg
CAM3_RGB_2024-08-22_10-11-00_jpg.rf.2bfb88b66db47511db103d0e863f0140.jpg,aproveitavel,-,1108.4,106.45,48.38,640,360,,C:\projetopig\dataset\sows_farm\sows_farm_02.v2i.yolo26\train\images\CAM3_RGB_2024-08-22_10-11-00_jpg.rf.2bfb88b66db47511db103d0e863f0140.jpg
CAM3_RGB_2024-08-22_10-41-00_jpg.rf.baf000077c65ba839707fc7bdd5d5dbf.jpg,aproveitavel,-,952.1,105.19,45.54,640,360,,C:\projetopig\dataset\sows_farm\sows_farm_02.v2i.yolo26\train\images\CAM3_RGB_2024-08-22_10-41-00_jpg.rf.baf000077c65ba839707fc7bdd5d5dbf.jpg
CAM3_RGB_2024-08-22_11-11-00_jpg.rf.700d327c3976a374a10410de9e0a1479.jpg,aproveitavel,-,893.54,104.68,46.5,640,360,,C:\projetopig\dataset\sows_farm\sows_farm_02.v2i.yolo26\train\images\CAM3_RGB_2024-08-22_11-11-00_jpg.rf.700d327c3976a374a10410de9e0a1479.jpg
CAM3_RGB_2024-08-22_11-41-00_jpg.rf.a0e71202df4a2069d7b3ad6c33b7be72.jpg,aproveitavel,-,1039.86,103.62,47.93,640,360,,C:\projetopig\dataset\sows_farm\sows_farm_02.v2i.yolo26\train\images\CAM3_RGB_2024-08-22_11-41-00_jpg.rf.a0e71202df4a2069d7b3ad6c33b7be72.jpg
CAM3_RGB_2024-08-22_12-11-00_jpg.rf.d5ea6e097e7f4f378dfd56abccdda2ea.jpg,aproveitavel,-,948.85,106.49,46.16,640,360,,C:\projetopig\dataset\sows_farm\sows_farm_02.v2i.yolo26\train\images\CAM3_RGB_2024-08-22_12-11-00_jpg.rf.d5ea6e097e7f4f378dfd56abccdda2ea.jpg
CAM3_RGB_2024-08-22_12-41-00_jpg.rf.dc4aed277d566e1af48380d98325130c.jpg,aproveitavel,-,955.22,112.26,46.98,640,360,,C:\projetopig\dataset\sows_farm\sows_farm_02.v2i.yolo26\train\images\CAM3_RGB_2024-08-22_12-41-00_jpg.rf.dc4aed277d566e1af48380d98325130c.jpg
CAM3_RGB_2024-08-22_13-41-00_jpg.rf.4ffe248733d18ac212d8665b73abca99.jpg,aproveitavel,-,656.39,98.92,49.29,640,360,,C:\projetopig\dataset\sows_farm\sows_farm_02.v2i.yolo26\train\images\CAM3_RGB_2024-08-22_13-41-00_jpg.rf.4ffe248733d18ac212d8665b73abca99.jpg
CAM3_RGB_2024-08-22_14-10-59_jpg.rf.aa7926c71393dcb800a9975a0fa85232.jpg,aproveitavel,-,578.13,97.33,53.99,640,360,,C:\projetopig\dataset\sows_farm\sows_farm_02.v2i.yolo26\train\images\CAM3_RGB_2024-08-22_14-10-59_jpg.rf.aa7926c71393dcb800a9975a0fa85232.jpg
CAM3_RGB_2024-08-22_14-41-00_jpg.rf.88c4ba026e98beb2ab078ff57428b59b.jpg,aproveitavel,-,625.53,99.97,51.98,640,360,,C:\projetopig\dataset\sows_farm\sows_farm_02.v2i.yolo26\train\images\CAM3_RGB_2024-08-22_14-41-00_jpg.rf.88c4ba026e98beb2ab078ff57428b59b.jpg
CAM3_RGB_2024-08-22_15-11-00_jpg.rf.639eb404e58c436934e5d2ad74db6800.jpg,aproveitavel,-,655.76,98.01,49.74,640,360,,C:\projetopig\dataset\sows_farm\sows_farm_02.v2i.yolo26\train\images\CAM3_RGB_2024-08-22_15-11-00_jpg.rf.639eb404e58c436934e5d2ad74db6800.jpg
CAM3_RGB_2024-08-22_15-41-00_jpg.rf.d834f1a3137d2f587780b002d5b14135.jpg,aproveitavel,-,575.4,98.03,55.78,640,360,,C:\projetopig\dataset\sows_farm\sows_farm_02.v2i.yolo26\train\images\CAM3_RGB_2024-08-22_15-41-00_jpg.rf.d834f1a3137d2f587780b002d5b14135.jpg
CAM3_RGB_2024-08-22_16-09-00_jpg.rf.4afc68e8bf31fed5ceeb6bca11567ca2.jpg,descartar,duplicata,583.05,93.6,51.57,640,360,CAM3_RGB_2024-08-22_16-10-00_jpg.rf.beaf0e3f14e3c7617905ba857d93962b.jpg,C:\projetopig\dataset\sows_farm\sows_farm_02.v2i.yolo26\train\images\CAM3_RGB_2024-08-22_16-09-00_jpg.rf.4afc68e8bf31fed5ceeb6bca11567ca2.jpg
CAM3_RGB_2024-08-22_16-11-00_jpg.rf.9f84d780862c74d71fe597dfe60d2c69.jpg,descartar,duplicata,571.6,90.75,50.87,640,360,CAM3_RGB_2024-08-22_16-10-00_jpg.rf.beaf0e3f14e3c7617905ba857d93962b.jpg,C:\projetopig\dataset\sows_farm\sows_farm_02.v2i.yolo26\train\images\CAM3_RGB_2024-08-22_16-11-00_jpg.rf.9f84d780862c74d71fe597dfe60d2c69.jpg
CAM3_RGB_2024-08-22_16-12-00_jpg.rf.87ff67b3536c3e225c302c0cfa696797.jpg,descartar,duplicata,596.02,92.45,51.08,640,360,CAM3_RGB_2024-08-22_16-10-00_jpg.rf.beaf0e3f14e3c7617905ba857d93962b.jpg,C:\projetopig\dataset\sows_farm\sows_farm_02.v2i.yolo26\train\images\CAM3_RGB_2024-08-22_16-12-00_jpg.rf.87ff67b3536c3e225c302c0cfa696797.jpg
CAM3_RGB_2024-08-22_16-13-00_jpg.rf.0a9b04721586a79ebf7f9b6f40388291.jpg,descartar,duplicata,614.1,94.73,51.84,640,360,CAM3_RGB_2024-08-22_16-10-00_jpg.rf.beaf0e3f14e3c7617905ba857d93962b.jpg,C:\projetopig\dataset\sows_farm\sows_farm_02.v2i.yolo26\train\images\CAM3_RGB_2024-08-22_16-13-00_jpg.rf.0a9b04721586a79ebf7f9b6f40388291.jpg
CAM3_RGB_2024-08-22_16-41-00_jpg.rf.0aa972ae5b703744a2b3266e96fc413b.jpg,aproveitavel,-,1012.84,99.81,46.26,640,360,,C:\projetopig\dataset\sows_farm\sows_farm_02.v2i.yolo26\train\images\CAM3_RGB_2024-08-22_16-41-00_jpg.rf.0aa972ae5b703744a2b3266e96fc413b.jpg
CAM3_RGB_2024-08-22_17-41-00_jpg.rf.d8d82478d7a1cab599bd0255ad340d17.jpg,aproveitavel,-,1209.47,98.32,49.42,640,360,,C:\projetopig\dataset\sows_farm\sows_farm_02.v2i.yolo26\train\images\CAM3_RGB_2024-08-22_17-41-00_jpg.rf.d8d82478d7a1cab599bd0255ad340d17.jpg
CAM3_RGB_2024-08-22_18-11-00_jpg.rf.6cd6543894dc4eeb975e5c44ce22cf42.jpg,aproveitavel,-,1182.4,90.57,56.09,640,360,,C:\projetopig\dataset\sows_farm\sows_farm_02.v2i.yolo26\train\images\CAM3_RGB_2024-08-22_18-11-00_jpg.rf.6cd6543894dc4eeb975e5c44ce22cf42.jpg
CAM3_RGB_2024-08-22_18-41-00_jpg.rf.c112c2fd8a7f69aa91cee1275afeabfa.jpg,aproveitavel,-,1073.09,91.5,56.18,640,360,,C:\projetopig\dataset\sows_farm\sows_farm_02.v2i.yolo26\train\images\CAM3_RGB_2024-08-22_18-41-00_jpg.rf.c112c2fd8a7f69aa91cee1275afeabfa.jpg
CAM3_RGB_2024-08-22_20-11-00_jpg.rf.d7998ff3cd15225df589340c14cd5ad0.jpg,aproveitavel,-,1107.68,95.66,59.48,640,360,,C:\projetopig\dataset\sows_farm\sows_farm_02.v2i.yolo26\train\images\CAM3_RGB_2024-08-22_20-11-00_jpg.rf.d7998ff3cd15225df589340c14cd5ad0.jpg
CAM3_RGB_2024-08-22_20-29-00_jpg.rf.d1d7390388cc6f315f6618629b428815.jpg,aproveitavel,-,975.86,93.46,62.17,640,360,,C:\projetopig\dataset\sows_farm\sows_farm_02.v2i.yolo26\train\images\CAM3_RGB_2024-08-22_20-29-00_jpg.rf.d1d7390388cc6f315f6618629b428815.jpg
CAM3_RGB_2024-08-22_20-41-00_jpg.rf.22b9d43624f76589c8948950e5630640.jpg,aproveitavel,-,1126.42,97.85,56.19,640,360,,C:\projetopig\dataset\sows_farm\sows_farm_02.v2i.yolo26\train\images\CAM3_RGB_2024-08-22_20-41-00_jpg.rf.22b9d43624f76589c8948950e5630640.jpg
CAM3_RGB_2024-08-22_21-11-00_jpg.rf.af48a0c7eb93d0a4f649a74e254a9a81.jpg,aproveitavel,-,978.41,95.52,55.87,640,360,,C:\projetopig\dataset\sows_farm\sows_farm_02.v2i.yolo26\train\images\CAM3_RGB_2024-08-22_21-11-00_jpg.rf.af48a0c7eb93d0a4f649a74e254a9a81.jpg
CAM3_RGB_2024-08-22_21-41-00_jpg.rf.3416b71a3b56bca30c7d9560dcca4ecd.jpg,aproveitavel,-,1107.93,100.55,57.09,640,360,,C:\projetopig\dataset\sows_farm\sows_farm_02.v2i.yolo26\train\images\CAM3_RGB_2024-08-22_21-41-00_jpg.rf.3416b71a3b56bca30c7d9560dcca4ecd.jpg
CAM3_RGB_2024-08-22_22-11-00_jpg.rf.f28c8c432fa1e5347a68e47c578934cc.jpg,aproveitavel,-,1149.68,101.01,57.71,640,360,,C:\projetopig\dataset\sows_farm\sows_farm_02.v2i.yolo26\train\images\CAM3_RGB_2024-08-22_22-11-00_jpg.rf.f28c8c432fa1e5347a68e47c578934cc.jpg
CAM3_RGB_2024-08-22_22-41-00_jpg.rf.5adefbaca554420ece31615b67198783.jpg,aproveitavel,-,959.94,96.34,59.86,640,360,,C:\projetopig\dataset\sows_farm\sows_farm_02.v2i.yolo26\train\images\CAM3_RGB_2024-08-22_22-41-00_jpg.rf.5adefbaca554420ece31615b67198783.jpg
CAM3_RGB_2024-08-22_22-42-00_jpg.rf.575b675b23f533b4b7faef3e8972b1a8.jpg,descartar,duplicata,945.27,96.6,60.0,640,360,CAM3_RGB_2024-08-22_22-41-00_jpg.rf.5adefbaca554420ece31615b67198783.jpg,C:\projetopig\dataset\sows_farm\sows_farm_02.v2i.yolo26\train\images\CAM3_RGB_2024-08-22_22-42-00_jpg.rf.575b675b23f533b4b7faef3e8972b1a8.jpg
CAM3_RGB_2024-08-22_22-43-00_jpg.rf.4225c10bc21549f9199a0f00d997bd8e.jpg,aproveitavel,-,964.91,95.35,58.56,640,360,,C:\projetopig\dataset\sows_farm\sows_farm_02.v2i.yolo26\train\images\CAM3_RGB_2024-08-22_22-43-00_jpg.rf.4225c10bc21549f9199a0f00d997bd8e.jpg
CAM3_RGB_2024-08-22_22-44-00_jpg.rf.0c570ed341f4d305b30b241cf55b3b26.jpg,descartar,duplicata,948.67,95.66,59.99,640,360,CAM3_RGB_2024-08-22_22-41-00_jpg.rf.5adefbaca554420ece31615b67198783.jpg,C:\projetopig\dataset\sows_farm\sows_farm_02.v2i.yolo26\train\images\CAM3_RGB_2024-08-22_22-44-00_jpg.rf.0c570ed341f4d305b30b241cf55b3b26.jpg
CAM3_RGB_2024-08-22_22-45-00_jpg.rf.1c732ea38e6aa1fd7768d4edde3402d5.jpg,descartar,duplicata,957.24,95.9,60.37,640,360,CAM3_RGB_2024-08-22_22-41-00_jpg.rf.5adefbaca554420ece31615b67198783.jpg,C:\projetopig\dataset\sows_farm\sows_farm_02.v2i.yolo26\train\images\CAM3_RGB_2024-08-22_22-45-00_jpg.rf.1c732ea38e6aa1fd7768d4edde3402d5.jpg
CAM3_RGB_2024-08-22_22-46-00_jpg.rf.5db6bec43b9d1ff1552a26deb73276f8.jpg,descartar,duplicata,936.34,95.68,60.12,640,360,CAM3_RGB_2024-08-22_22-41-00_jpg.rf.5adefbaca554420ece31615b67198783.jpg,C:\projetopig\dataset\sows_farm\sows_farm_02.v2i.yolo26\train\images\CAM3_RGB_2024-08-22_22-46-00_jpg.rf.5db6bec43b9d1ff1552a26deb73276f8.jpg
CAM3_RGB_2024-08-22_23-11-00_jpg.rf.b0dc047df519111626e5ac81f340095a.jpg,aproveitavel,-,1319.41,83.97,63.18,640,360,,C:\projetopig\dataset\sows_farm\sows_farm_02.v2i.yolo26\train\images\CAM3_RGB_2024-08-22_23-11-00_jpg.rf.b0dc047df519111626e5ac81f340095a.jpg
CAM3_RGB_2024-08-22_23-41-00_jpg.rf.68ec39683c148d8627e92444438db568.jpg,aproveitavel,-,1278.32,87.39,69.69,640,360,,C:\projetopig\dataset\sows_farm\sows_farm_02.v2i.yolo26\train\images\CAM3_RGB_2024-08-22_23-41-00_jpg.rf.68ec39683c148d8627e92444438db568.jpg
CAM3_RGB_2024-08-23_00-11-00_jpg.rf.411f055ee0fe5c11c278e106fc9176de.jpg,aproveitavel,-,1142.58,84.82,67.07,640,360,,C:\projetopig\dataset\sows_farm\sows_farm_02.v2i.yolo26\train\images\CAM3_RGB_2024-08-23_00-11-00_jpg.rf.411f055ee0fe5c11c278e106fc9176de.jpg
CAM3_RGB_2024-08-23_00-41-00_jpg.rf.5d471864b0c486724c7e493135b988fb.jpg,aproveitavel,-,1259.24,87.23,68.07,640,360,,C:\projetopig\dataset\sows_farm\sows_farm_02.v2i.yolo26\train\images\CAM3_RGB_2024-08-23_00-41-00_jpg.rf.5d471864b0c486724c7e493135b988fb.jpg
CAM3_RGB_2024-08-23_01-11-00_jpg.rf.b5f14c06e37e21bc5d9bdd9024f99d30.jpg,aproveitavel,-,1168.02,87.29,69.34,640,360,,C:\projetopig\dataset\sows_farm\sows_farm_02.v2i.yolo26\train\images\CAM3_RGB_2024-08-23_01-11-00_jpg.rf.b5f14c06e37e21bc5d9bdd9024f99d30.jpg
CAM3_RGB_2024-08-23_02-11-00_jpg.rf.589e5eb72228494c46db85d20a4f84a8.jpg,aproveitavel,-,1256.24,86.65,68.31,640,360,,C:\projetopig\dataset\sows_farm\sows_farm_02.v2i.yolo26\train\images\CAM3_RGB_2024-08-23_02-11-00_jpg.rf.589e5eb72228494c46db85d20a4f84a8.jpg
CAM3_RGB_2024-08-23_03-11-00_jpg.rf.f12dd9daa72254c1c205845d23dd1730.jpg,aproveitavel,-,1136.88,85.8,68.02,640,360,,C:\projetopig\dataset\sows_farm\sows_farm_02.v2i.yolo26\train\images\CAM3_RGB_2024-08-23_03-11-00_jpg.rf.f12dd9daa72254c1c205845d23dd1730.jpg
CAM3_RGB_2024-08-23_03-41-00_jpg.rf.6b7b775919045d970261637d6137e1b2.jpg,aproveitavel,-,1050.86,86.71,69.02,640,360,,C:\projetopig\dataset\sows_farm\sows_farm_02.v2i.yolo26\train\images\CAM3_RGB_2024-08-23_03-41-00_jpg.rf.6b7b775919045d970261637d6137e1b2.jpg
CAM3_RGB_2024-08-23_04-10-00_jpg.rf.3b03065271594e089042d383075fa15f.jpg,aproveitavel,-,929.13,88.79,60.75,640,360,,C:\projetopig\dataset\sows_farm\sows_farm_02.v2i.yolo26\train\images\CAM3_RGB_2024-08-23_04-10-00_jpg.rf.3b03065271594e089042d383075fa15f.jpg
CAM3_RGB_2024-08-23_04-14-00_jpg.rf.157574e52ffa17a0c4667920fea813bb.jpg,aproveitavel,-,945.16,89.19,62.22,640,360,,C:\projetopig\dataset\sows_farm\sows_farm_02.v2i.yolo26\train\images\CAM3_RGB_2024-08-23_04-14-00_jpg.rf.157574e52ffa17a0c4667920fea813bb.jpg
CAM3_RGB_2024-08-23_04-15-00_jpg.rf.d2fc8071e476bec3b436eab794ffeaf2.jpg,aproveitavel,-,931.66,88.46,62.15,640,360,,C:\projetopig\dataset\sows_farm\sows_farm_02.v2i.yolo26\train\images\CAM3_RGB_2024-08-23_04-15-00_jpg.rf.d2fc8071e476bec3b436eab794ffeaf2.jpg
CAM3_RGB_2024-08-23_04-37-00_jpg.rf.fb574b4f570a28786f8bfcf66fde5bef.jpg,aproveitavel,-,944.33,91.73,61.33,640,360,,C:\projetopig\dataset\sows_farm\sows_farm_02.v2i.yolo26\train\images\CAM3_RGB_2024-08-23_04-37-00_jpg.rf.fb574b4f570a28786f8bfcf66fde5bef.jpg
CAM3_RGB_2024-08-23_04-38-00_jpg.rf.08faf052f36afe5e373445c0b501d5c1.jpg,descartar,duplicata,945.1,91.21,61.22,640,360,CAM3_RGB_2024-08-23_04-37-00_jpg.rf.fb574b4f570a28786f8bfcf66fde5bef.jpg,C:\projetopig\dataset\sows_farm\sows_farm_02.v2i.yolo26\train\images\CAM3_RGB_2024-08-23_04-38-00_jpg.rf.08faf052f36afe5e373445c0b501d5c1.jpg
CAM3_RGB_2024-08-23_04-41-00_jpg.rf.0757fca0a15858a546675c917f8a4713.jpg,aproveitavel,-,946.41,92.54,61.14,640,360,,C:\projetopig\dataset\sows_farm\sows_farm_02.v2i.yolo26\train\images\CAM3_RGB_2024-08-23_04-41-00_jpg.rf.0757fca0a15858a546675c917f8a4713.jpg
CAM3_RGB_2024-08-23_05-11-00_jpg.rf.a4a71dd8b81e320881a877326ebf8a4e.jpg,aproveitavel,-,874.5,85.9,61.3,640,360,,C:\projetopig\dataset\sows_farm\sows_farm_02.v2i.yolo26\train\images\CAM3_RGB_2024-08-23_05-11-00_jpg.rf.a4a71dd8b81e320881a877326ebf8a4e.jpg
CAM3_RGB_2024-08-23_06-11-00_jpg.rf.6edff4c75205063b82876ba23aea3b3d.jpg,aproveitavel,-,969.27,96.52,57.68,640,360,,C:\projetopig\dataset\sows_farm\sows_farm_02.v2i.yolo26\train\images\CAM3_RGB_2024-08-23_06-11-00_jpg.rf.6edff4c75205063b82876ba23aea3b3d.jpg
CAM3_RGB_2024-08-23_06-20-00_jpg.rf.93583e4f140ac19fd0b0d673f148ce58.jpg,aproveitavel,-,827.72,92.3,55.8,640,360,,C:\projetopig\dataset\sows_farm\sows_farm_02.v2i.yolo26\train\images\CAM3_RGB_2024-08-23_06-20-00_jpg.rf.93583e4f140ac19fd0b0d673f148ce58.jpg
CAM3_RGB_2024-08-23_07-11-00_jpg.rf.17e23aa34f74beb6597a36a731f827f7.jpg,aproveitavel,-,1114.16,104.34,48.22,640,360,,C:\projetopig\dataset\sows_farm\sows_farm_02.v2i.yolo26\train\images\CAM3_RGB_2024-08-23_07-11-00_jpg.rf.17e23aa34f74beb6597a36a731f827f7.jpg
CAM3_RGB_2024-08-23_07-41-00_jpg.rf.52ca5ab564c20026ff4b5ead8f8e50b3.jpg,aproveitavel,-,1049.18,107.11,45.65,640,360,,C:\projetopig\dataset\sows_farm\sows_farm_02.v2i.yolo26\train\images\CAM3_RGB_2024-08-23_07-41-00_jpg.rf.52ca5ab564c20026ff4b5ead8f8e50b3.jpg
CAM3_RGB_2024-08-23_08-10-00_jpg.rf.03829feeced052c0ecfc5cf89d411400.jpg,aproveitavel,-,920.52,94.46,46.29,640,360,,C:\projetopig\dataset\sows_farm\sows_farm_02.v2i.yolo26\train\images\CAM3_RGB_2024-08-23_08-10-00_jpg.rf.03829feeced052c0ecfc5cf89d411400.jpg
CAM3_RGB_2024-08-23_08-11-00_jpg.rf.ad48eecf92f443c184634d0ac3a4e791.jpg,descartar,duplicata,903.94,92.12,46.01,640,360,CAM3_RGB_2024-08-23_08-10-00_jpg.rf.03829feeced052c0ecfc5cf89d411400.jpg,C:\projetopig\dataset\sows_farm\sows_farm_02.v2i.yolo26\train\images\CAM3_RGB_2024-08-23_08-11-00_jpg.rf.ad48eecf92f443c184634d0ac3a4e791.jpg
CAM3_RGB_2024-08-23_08-12-00_jpg.rf.7f1f008b02c6aa8e4b4430c579beea43.jpg,descartar,duplicata,931.94,95.13,46.86,640,360,CAM3_RGB_2024-08-23_08-10-00_jpg.rf.03829feeced052c0ecfc5cf89d411400.jpg,C:\projetopig\dataset\sows_farm\sows_farm_02.v2i.yolo26\train\images\CAM3_RGB_2024-08-23_08-12-00_jpg.rf.7f1f008b02c6aa8e4b4430c579beea43.jpg
CAM3_RGB_2024-08-23_08-13-00_jpg.rf.27b0017e06e6ec313484fb03905c6e20.jpg,descartar,duplicata,933.07,94.26,46.64,640,360,CAM3_RGB_2024-08-23_08-10-00_jpg.rf.03829feeced052c0ecfc5cf89d411400.jpg,C:\projetopig\dataset\sows_farm\sows_farm_02.v2i.yolo26\train\images\CAM3_RGB_2024-08-23_08-13-00_jpg.rf.27b0017e06e6ec313484fb03905c6e20.jpg
CAM3_RGB_2024-08-23_08-41-00_jpg.rf.f4a5b675fc75f6e9ac1649b5f401f962.jpg,aproveitavel,-,958.84,108.49,47.32,640,360,,C:\projetopig\dataset\sows_farm\sows_farm_02.v2i.yolo26\train\images\CAM3_RGB_2024-08-23_08-41-00_jpg.rf.f4a5b675fc75f6e9ac1649b5f401f962.jpg
CAM3_RGB_2024-08-23_09-41-00_jpg.rf.26803f58b2148c2fb810405bf2bc3621.jpg,aproveitavel,-,1043.04,102.49,46.74,640,360,,C:\projetopig\dataset\sows_farm\sows_farm_02.v2i.yolo26\train\images\CAM3_RGB_2024-08-23_09-41-00_jpg.rf.26803f58b2148c2fb810405bf2bc3621.jpg
CAM3_RGB_2024-08-23_11-41-00_jpg.rf.747de53ca72a80aced2d537c1c6b620d.jpg,aproveitavel,-,1147.68,106.28,47.11,640,360,,C:\projetopig\dataset\sows_farm\sows_farm_02.v2i.yolo26\train\images\CAM3_RGB_2024-08-23_11-41-00_jpg.rf.747de53ca72a80aced2d537c1c6b620d.jpg
CAM3_RGB_2024-08-23_12-11-00_jpg.rf.706f4b913b34b4d25c127ff2575bc72b.jpg,aproveitavel,-,962.2,105.69,47.43,640,360,,C:\projetopig\dataset\sows_farm\sows_farm_02.v2i.yolo26\train\images\CAM3_RGB_2024-08-23_12-11-00_jpg.rf.706f4b913b34b4d25c127ff2575bc72b.jpg
CAM3_RGB_2024-08-23_12-41-00_jpg.rf.2653dccb76b4185e82ab40721c411abb.jpg,aproveitavel,-,934.9,105.03,48.58,640,360,,C:\projetopig\dataset\sows_farm\sows_farm_02.v2i.yolo26\train\images\CAM3_RGB_2024-08-23_12-41-00_jpg.rf.2653dccb76b4185e82ab40721c411abb.jpg
CAM3_RGB_2024-08-23_13-11-00_jpg.rf.649173a1e7ca9c5ee9faea75f6d1f1f4.jpg,aproveitavel,-,1043.89,105.83,47.32,640,360,,C:\projetopig\dataset\sows_farm\sows_farm_02.v2i.yolo26\train\images\CAM3_RGB_2024-08-23_13-11-00_jpg.rf.649173a1e7ca9c5ee9faea75f6d1f1f4.jpg
CAM3_RGB_2024-08-23_13-41-00_jpg.rf.6ea6c2552cbd7dfe90a4f2ace3ffbf26.jpg,aproveitavel,-,914.05,104.51,50.61,640,360,,C:\projetopig\dataset\sows_farm\sows_farm_02.v2i.yolo26\train\images\CAM3_RGB_2024-08-23_13-41-00_jpg.rf.6ea6c2552cbd7dfe90a4f2ace3ffbf26.jpg
CAM3_RGB_2024-08-23_14-11-00_jpg.rf.45265a497ec0b98b0ee262d9aaf5434a.jpg,aproveitavel,-,951.4,100.33,46.66,640,360,,C:\projetopig\dataset\sows_farm\sows_farm_02.v2i.yolo26\train\images\CAM3_RGB_2024-08-23_14-11-00_jpg.rf.45265a497ec0b98b0ee262d9aaf5434a.jpg
CAM3_RGB_2024-08-23_14-41-59_jpg.rf.f8b17e3bc4315aa91bc5ff06344911f3.jpg,aproveitavel,-,904.9,100.5,48.95,640,360,,C:\projetopig\dataset\sows_farm\sows_farm_02.v2i.yolo26\train\images\CAM3_RGB_2024-08-23_14-41-59_jpg.rf.f8b17e3bc4315aa91bc5ff06344911f3.jpg
CAM3_RGB_2024-08-23_15-12-00_jpg.rf.530e1df75ec427514b687859e91e3c0c.jpg,aproveitavel,-,941.13,106.36,48.03,640,360,,C:\projetopig\dataset\sows_farm\sows_farm_02.v2i.yolo26\train\images\CAM3_RGB_2024-08-23_15-12-00_jpg.rf.530e1df75ec427514b687859e91e3c0c.jpg
CAM3_RGB_2024-08-23_15-41-59_jpg.rf.e271bab9928408b1c91782562eea5544.jpg,aproveitavel,-,557.02,98.38,50.6,640,360,,C:\projetopig\dataset\sows_farm\sows_farm_02.v2i.yolo26\train\images\CAM3_RGB_2024-08-23_15-41-59_jpg.rf.e271bab9928408b1c91782562eea5544.jpg
CAM3_RGB_2024-08-23_15-58-00_jpg.rf.f7f4438e01f770fe3b6f6aa249425867.jpg,aproveitavel,-,490.28,90.3,58.65,640,360,,C:\projetopig\dataset\sows_farm\sows_farm_02.v2i.yolo26\train\images\CAM3_RGB_2024-08-23_15-58-00_jpg.rf.f7f4438e01f770fe3b6f6aa249425867.jpg
CAM3_RGB_2024-08-23_15-59-00_jpg.rf.757517da9d4966ab00fb0d0112ee65fc.jpg,aproveitavel,-,521.63,87.6,58.41,640,360,,C:\projetopig\dataset\sows_farm\sows_farm_02.v2i.yolo26\train\images\CAM3_RGB_2024-08-23_15-59-00_jpg.rf.757517da9d4966ab00fb0d0112ee65fc.jpg
CAM3_RGB_2024-08-23_16-00-00_jpg.rf.05c16c3a18aefd5a894c217ce08c1397.jpg,aproveitavel,-,549.39,91.92,58.88,640,360,,C:\projetopig\dataset\sows_farm\sows_farm_02.v2i.yolo26\train\images\CAM3_RGB_2024-08-23_16-00-00_jpg.rf.05c16c3a18aefd5a894c217ce08c1397.jpg
CAM3_RGB_2024-08-23_16-03-00_jpg.rf.1e164e33bddc1ba1e345a1144e5b04af.jpg,aproveitavel,-,503.18,87.51,59.68,640,360,,C:\projetopig\dataset\sows_farm\sows_farm_02.v2i.yolo26\train\images\CAM3_RGB_2024-08-23_16-03-00_jpg.rf.1e164e33bddc1ba1e345a1144e5b04af.jpg
CAM3_RGB_2024-08-23_16-05-00_jpg.rf.c7c78fc630e4202c8dedcdce6cd91153.jpg,aproveitavel,-,449.41,89.18,58.91,640,360,,C:\projetopig\dataset\sows_farm\sows_farm_02.v2i.yolo26\train\images\CAM3_RGB_2024-08-23_16-05-00_jpg.rf.c7c78fc630e4202c8dedcdce6cd91153.jpg
CAM3_RGB_2024-08-23_16-12-00_jpg.rf.f126760eb8d146abaa7b78b0cc29c230.jpg,aproveitavel,-,600.74,97.26,50.1,640,360,,C:\projetopig\dataset\sows_farm\sows_farm_02.v2i.yolo26\train\images\CAM3_RGB_2024-08-23_16-12-00_jpg.rf.f126760eb8d146abaa7b78b0cc29c230.jpg
CAM3_RGB_2024-08-23_16-42-00_jpg.rf.0b811af5db78b72372c360fa72b0f5c9.jpg,aproveitavel,-,998.67,101.54,47.43,640,360,,C:\projetopig\dataset\sows_farm\sows_farm_02.v2i.yolo26\train\images\CAM3_RGB_2024-08-23_16-42-00_jpg.rf.0b811af5db78b72372c360fa72b0f5c9.jpg
CAM3_RGB_2024-08-23_17-42-00_jpg.rf.9837700a4a9de2c764569e4950fd2d74.jpg,aproveitavel,-,926.97,98.17,50.78,640,360,,C:\projetopig\dataset\sows_farm\sows_farm_02.v2i.yolo26\train\images\CAM3_RGB_2024-08-23_17-42-00_jpg.rf.9837700a4a9de2c764569e4950fd2d74.jpg
CAM3_RGB_2024-08-23_18-12-00_jpg.rf.70d60ce87564a478137e23eb58b3a954.jpg,aproveitavel,-,1027.14,84.76,58.77,640,360,,C:\projetopig\dataset\sows_farm\sows_farm_02.v2i.yolo26\train\images\CAM3_RGB_2024-08-23_18-12-00_jpg.rf.70d60ce87564a478137e23eb58b3a954.jpg
CAM3_RGB_2024-08-23_18-19-00_jpg.rf.10365e050e1515f3971f08b01ac1e74e.jpg,aproveitavel,-,1131.16,87.45,57.15,640,360,,C:\projetopig\dataset\sows_farm\sows_farm_02.v2i.yolo26\train\images\CAM3_RGB_2024-08-23_18-19-00_jpg.rf.10365e050e1515f3971f08b01ac1e74e.jpg
CAM3_RGB_2024-08-23_18-20-00_jpg.rf.9ac13f6d9053919ea763a4f5dadd18b3.jpg,aproveitavel,-,1128.54,87.52,57.99,640,360,,C:\projetopig\dataset\sows_farm\sows_farm_02.v2i.yolo26\train\images\CAM3_RGB_2024-08-23_18-20-00_jpg.rf.9ac13f6d9053919ea763a4f5dadd18b3.jpg
CAM3_RGB_2024-08-23_18-21-00_jpg.rf.c4f324841a014e8593d98ab777f7cf86.jpg,descartar,duplicata,1151.7,89.22,59.1,640,360,CAM3_RGB_2024-08-23_18-20-00_jpg.rf.9ac13f6d9053919ea763a4f5dadd18b3.jpg,C:\projetopig\dataset\sows_farm\sows_farm_02.v2i.yolo26\train\images\CAM3_RGB_2024-08-23_18-21-00_jpg.rf.c4f324841a014e8593d98ab777f7cf86.jpg
CAM3_RGB_2024-08-23_18-22-00_jpg.rf.b78d76cbfcb1c03bfc93d4e633f78b69.jpg,aproveitavel,-,1161.26,88.98,59.92,640,360,,C:\projetopig\dataset\sows_farm\sows_farm_02.v2i.yolo26\train\images\CAM3_RGB_2024-08-23_18-22-00_jpg.rf.b78d76cbfcb1c03bfc93d4e633f78b69.jpg
CAM3_RGB_2024-08-23_18-23-00_jpg.rf.37e6dfbe999dff75acd12051ecd3041e.jpg,descartar,duplicata,1148.07,88.21,59.83,640,360,CAM3_RGB_2024-08-23_18-22-00_jpg.rf.b78d76cbfcb1c03bfc93d4e633f78b69.jpg,C:\projetopig\dataset\sows_farm\sows_farm_02.v2i.yolo26\train\images\CAM3_RGB_2024-08-23_18-23-00_jpg.rf.37e6dfbe999dff75acd12051ecd3041e.jpg
CAM3_RGB_2024-08-23_18-42-00_jpg.rf.b47b4b6b08e1c2a41a026776a24868e1.jpg,aproveitavel,-,1001.57,94.86,63.04,640,360,,C:\projetopig\dataset\sows_farm\sows_farm_02.v2i.yolo26\train\images\CAM3_RGB_2024-08-23_18-42-00_jpg.rf.b47b4b6b08e1c2a41a026776a24868e1.jpg
CAM3_RGB_2024-08-23_19-12-00_jpg.rf.44afe632a7969ada5e4aa538d306fa08.jpg,aproveitavel,-,1119.01,98.81,57.91,640,360,,C:\projetopig\dataset\sows_farm\sows_farm_02.v2i.yolo26\train\images\CAM3_RGB_2024-08-23_19-12-00_jpg.rf.44afe632a7969ada5e4aa538d306fa08.jpg
CAM3_RGB_2024-08-23_19-42-00_jpg.rf.084d90aa147dbd5b5398ce5e6f6ca1a0.jpg,aproveitavel,-,1187.97,99.47,57.15,640,360,,C:\projetopig\dataset\sows_farm\sows_farm_02.v2i.yolo26\train\images\CAM3_RGB_2024-08-23_19-42-00_jpg.rf.084d90aa147dbd5b5398ce5e6f6ca1a0.jpg
CAM3_RGB_2024-08-23_20-12-00_jpg.rf.d3b6ee6069c0accbdc8981af24f18cce.jpg,aproveitavel,-,1188.67,99.14,56.91,640,360,,C:\projetopig\dataset\sows_farm\sows_farm_02.v2i.yolo26\train\images\CAM3_RGB_2024-08-23_20-12-00_jpg.rf.d3b6ee6069c0accbdc8981af24f18cce.jpg
CAM3_RGB_2024-08-23_20-42-00_jpg.rf.e96de0ac766881f137c729adc5bdce49.jpg,aproveitavel,-,1152.15,96.73,56.46,640,360,,C:\projetopig\dataset\sows_farm\sows_farm_02.v2i.yolo26\train\images\CAM3_RGB_2024-08-23_20-42-00_jpg.rf.e96de0ac766881f137c729adc5bdce49.jpg
CAM3_RGB_2024-08-23_21-12-00_jpg.rf.7507ce23efbd44b95f77a39d8011bca4.jpg,aproveitavel,-,974.02,92.84,65.23,640,360,,C:\projetopig\dataset\sows_farm\sows_farm_02.v2i.yolo26\train\images\CAM3_RGB_2024-08-23_21-12-00_jpg.rf.7507ce23efbd44b95f77a39d8011bca4.jpg
CAM3_RGB_2024-08-23_21-42-00_jpg.rf.2652567a57b726879fc55035afdb8617.jpg,aproveitavel,-,969.4,91.36,64.02,640,360,,C:\projetopig\dataset\sows_farm\sows_farm_02.v2i.yolo26\train\images\CAM3_RGB_2024-08-23_21-42-00_jpg.rf.2652567a57b726879fc55035afdb8617.jpg
CAM3_RGB_2024-08-23_22-12-00_jpg.rf.2ff69ed0667a28b9a754d9c2b5a224ce.jpg,aproveitavel,-,1097.65,98.17,58.68,640,360,,C:\projetopig\dataset\sows_farm\sows_farm_02.v2i.yolo26\train\images\CAM3_RGB_2024-08-23_22-12-00_jpg.rf.2ff69ed0667a28b9a754d9c2b5a224ce.jpg
CAM3_RGB_2024-08-23_22-42-00_jpg.rf.f10359a9b51bb0681637a07c84d3b647.jpg,aproveitavel,-,1210.56,98.47,57.49,640,360,,C:\projetopig\dataset\sows_farm\sows_farm_02.v2i.yolo26\train\images\CAM3_RGB_2024-08-23_22-42-00_jpg.rf.f10359a9b51bb0681637a07c84d3b647.jpg
CAM3_RGB_2024-08-23_23-12-00_jpg.rf.5f57a69e293c1632e135edc83ef8318e.jpg,aproveitavel,-,1064.99,92.37,63.24,640,360,,C:\projetopig\dataset\sows_farm\sows_farm_02.v2i.yolo26\train\images\CAM3_RGB_2024-08-23_23-12-00_jpg.rf.5f57a69e293c1632e135edc83ef8318e.jpg
CAM3_RGB_2024-08-23_23-42-00_jpg.rf.d17e98e726a7faa2a0397bcde1a1e414.jpg,aproveitavel,-,1405.69,84.44,66.56,640,360,,C:\projetopig\dataset\sows_farm\sows_farm_02.v2i.yolo26\train\images\CAM3_RGB_2024-08-23_23-42-00_jpg.rf.d17e98e726a7faa2a0397bcde1a1e414.jpg
CAM3_RGB_2024-08-24_00-12-00_jpg.rf.03b22383281ca3051f22ed2fd56ea87a.jpg,aproveitavel,-,1288.15,85.02,69.07,640,360,,C:\projetopig\dataset\sows_farm\sows_farm_02.v2i.yolo26\train\images\CAM3_RGB_2024-08-24_00-12-00_jpg.rf.03b22383281ca3051f22ed2fd56ea87a.jpg
CAM3_RGB_2024-08-24_00-42-00_jpg.rf.187dc86f51d5f88f94d6d2e91fe2c368.jpg,aproveitavel,-,1124.09,85.31,68.37,640,360,,C:\projetopig\dataset\sows_farm\sows_farm_02.v2i.yolo26\train\images\CAM3_RGB_2024-08-24_00-42-00_jpg.rf.187dc86f51d5f88f94d6d2e91fe2c368.jpg
CAM3_RGB_2024-08-24_01-12-00_jpg.rf.713105ea06561df73be54e73bdf1447c.jpg,aproveitavel,-,1216.56,85.54,68.14,640,360,,C:\projetopig\dataset\sows_farm\sows_farm_02.v2i.yolo26\train\images\CAM3_RGB_2024-08-24_01-12-00_jpg.rf.713105ea06561df73be54e73bdf1447c.jpg
CAM3_RGB_2024-08-24_01-41-59_jpg.rf.0129da238f2c8bd3f6a5b8efb365494a.jpg,aproveitavel,-,1263.52,86.99,68.68,640,360,,C:\projetopig\dataset\sows_farm\sows_farm_02.v2i.yolo26\train\images\CAM3_RGB_2024-08-24_01-41-59_jpg.rf.0129da238f2c8bd3f6a5b8efb365494a.jpg
CAM3_RGB_2024-08-24_02-12-00_jpg.rf.32e8dfa97adc86e3ebf0fdf97f920dcb.jpg,aproveitavel,-,1282.61,84.39,67.91,640,360,,C:\projetopig\dataset\sows_farm\sows_farm_02.v2i.yolo26\train\images\CAM3_RGB_2024-08-24_02-12-00_jpg.rf.32e8dfa97adc86e3ebf0fdf97f920dcb.jpg
CAM3_RGB_2024-08-24_02-42-00_jpg.rf.b932c8389db5ce7351e2c0dc7f449910.jpg,aproveitavel,-,1102.5,82.83,63.67,640,360,,C:\projetopig\dataset\sows_farm\sows_farm_02.v2i.yolo26\train\images\CAM3_RGB_2024-08-24_02-42-00_jpg.rf.b932c8389db5ce7351e2c0dc7f449910.jpg
CAM3_RGB_2024-08-24_03-12-00_jpg.rf.91bf8873ef23e849e9b85e30eaca76ae.jpg,aproveitavel,-,1115.27,84.91,68.01,640,360,,C:\projetopig\dataset\sows_farm\sows_farm_02.v2i.yolo26\train\images\CAM3_RGB_2024-08-24_03-12-00_jpg.rf.91bf8873ef23e849e9b85e30eaca76ae.jpg
CAM3_RGB_2024-08-24_03-42-00_jpg.rf.088556045cbe50c00a56a15909cbee46.jpg,aproveitavel,-,1184.67,89.11,60.41,640,360,,C:\projetopig\dataset\sows_farm\sows_farm_02.v2i.yolo26\train\images\CAM3_RGB_2024-08-24_03-42-00_jpg.rf.088556045cbe50c00a56a15909cbee46.jpg
CAM3_RGB_2024-08-24_03-44-00_jpg.rf.cd177924dede4864e677298d5c01e5f2.jpg,aproveitavel,-,1175.66,91.44,60.8,640,360,,C:\projetopig\dataset\sows_farm\sows_farm_02.v2i.yolo26\train\images\CAM3_RGB_2024-08-24_03-44-00_jpg.rf.cd177924dede4864e677298d5c01e5f2.jpg
CAM3_RGB_2024-08-24_03-45-00_jpg.rf.833d33c20d62dc4049e1a9d6070b02f7.jpg,aproveitavel,-,1161.48,92.69,60.74,640,360,,C:\projetopig\dataset\sows_farm\sows_farm_02.v2i.yolo26\train\images\CAM3_RGB_2024-08-24_03-45-00_jpg.rf.833d33c20d62dc4049e1a9d6070b02f7.jpg
CAM3_RGB_2024-08-24_03-46-00_jpg.rf.2e55c507822ff4146c7c78dfa732f506.jpg,aproveitavel,-,1117.99,92.91,60.6,640,360,,C:\projetopig\dataset\sows_farm\sows_farm_02.v2i.yolo26\train\images\CAM3_RGB_2024-08-24_03-46-00_jpg.rf.2e55c507822ff4146c7c78dfa732f506.jpg
CAM3_RGB_2024-08-24_04-12-00_jpg.rf.09e75e6edaccfdc0951a9d3f70f5d926.jpg,aproveitavel,-,1015.97,88.45,61.6,640,360,,C:\projetopig\dataset\sows_farm\sows_farm_02.v2i.yolo26\train\images\CAM3_RGB_2024-08-24_04-12-00_jpg.rf.09e75e6edaccfdc0951a9d3f70f5d926.jpg
CAM3_RGB_2024-08-24_05-12-00_jpg.rf.8c6f1b6267064ec45c95c5d37b9f0598.jpg,aproveitavel,-,1441.89,86.2,64.62,640,360,,C:\projetopig\dataset\sows_farm\sows_farm_02.v2i.yolo26\train\images\CAM3_RGB_2024-08-24_05-12-00_jpg.rf.8c6f1b6267064ec45c95c5d37b9f0598.jpg
CAM3_RGB_2024-08-24_05-42-00_jpg.rf.cb9c8ea3143f241ca166f33a27c99a4d.jpg,aproveitavel,-,1152.14,87.1,63.31,640,360,,C:\projetopig\dataset\sows_farm\sows_farm_02.v2i.yolo26\train\images\CAM3_RGB_2024-08-24_05-42-00_jpg.rf.cb9c8ea3143f241ca166f33a27c99a4d.jpg
CAM3_RGB_2024-08-24_06-11-59_jpg.rf.9e9a6c83646206892adeb42531031f55.jpg,aproveitavel,-,1017.95,87.46,64.42,640,360,,C:\projetopig\dataset\sows_farm\sows_farm_02.v2i.yolo26\train\images\CAM3_RGB_2024-08-24_06-11-59_jpg.rf.9e9a6c83646206892adeb42531031f55.jpg
CAM3_RGB_2024-08-24_06-42-00_jpg.rf.7ca0c73b4e2795569b92adadd590de41.jpg,aproveitavel,-,955.98,93.33,53.77,640,360,,C:\projetopig\dataset\sows_farm\sows_farm_02.v2i.yolo26\train\images\CAM3_RGB_2024-08-24_06-42-00_jpg.rf.7ca0c73b4e2795569b92adadd590de41.jpg
CAM3_RGB_2024-08-24_07-42-00_jpg.rf.e75cfad81a2c2b66eab87938a39964be.jpg,aproveitavel,-,917.15,101.51,49.29,640,360,,C:\projetopig\dataset\sows_farm\sows_farm_02.v2i.yolo26\train\images\CAM3_RGB_2024-08-24_07-42-00_jpg.rf.e75cfad81a2c2b66eab87938a39964be.jpg
CAM3_RGB_2024-08-24_08-08-00_jpg.rf.878b9783464263b85a586aba795c937c.jpg,aproveitavel,-,1030.09,106.29,50.1,640,360,,C:\projetopig\dataset\sows_farm\sows_farm_02.v2i.yolo26\train\images\CAM3_RGB_2024-08-24_08-08-00_jpg.rf.878b9783464263b85a586aba795c937c.jpg
CAM3_RGB_2024-08-24_08-09-00_jpg.rf.bfe4809fb3802ac4bff4b39fb50f1fbd.jpg,aproveitavel,-,948.99,106.28,50.42,640,360,,C:\projetopig\dataset\sows_farm\sows_farm_02.v2i.yolo26\train\images\CAM3_RGB_2024-08-24_08-09-00_jpg.rf.bfe4809fb3802ac4bff4b39fb50f1fbd.jpg
CAM3_RGB_2024-08-24_08-10-00_jpg.rf.201ebef5572673ecad44ad693d0dd126.jpg,descartar,duplicata,916.03,100.46,49.32,640,360,CAM3_RGB_2024-08-24_08-09-00_jpg.rf.bfe4809fb3802ac4bff4b39fb50f1fbd.jpg,C:\projetopig\dataset\sows_farm\sows_farm_02.v2i.yolo26\train\images\CAM3_RGB_2024-08-24_08-10-00_jpg.rf.201ebef5572673ecad44ad693d0dd126.jpg
CAM3_RGB_2024-08-24_08-11-00_jpg.rf.145983a99ccff06b66ed8a72ca97f991.jpg,aproveitavel,-,898.56,97.41,48.8,640,360,,C:\projetopig\dataset\sows_farm\sows_farm_02.v2i.yolo26\train\images\CAM3_RGB_2024-08-24_08-11-00_jpg.rf.145983a99ccff06b66ed8a72ca97f991.jpg
CAM3_RGB_2024-08-24_08-12-00_jpg.rf.767d2759a3ca0ac89c40b67a5b93007e.jpg,descartar,duplicata,902.65,96.8,48.84,640,360,CAM3_RGB_2024-08-24_08-11-00_jpg.rf.145983a99ccff06b66ed8a72ca97f991.jpg,C:\projetopig\dataset\sows_farm\sows_farm_02.v2i.yolo26\train\images\CAM3_RGB_2024-08-24_08-12-00_jpg.rf.767d2759a3ca0ac89c40b67a5b93007e.jpg
CAM3_RGB_2024-08-24_09-12-00_jpg.rf.808c0f25119ff6fafedebcf370276f2d.jpg,aproveitavel,-,986.61,101.63,48.4,640,360,,C:\projetopig\dataset\sows_farm\sows_farm_02.v2i.yolo26\train\images\CAM3_RGB_2024-08-24_09-12-00_jpg.rf.808c0f25119ff6fafedebcf370276f2d.jpg
CAM3_RGB_2024-08-24_09-42-00_jpg.rf.b53efa61c6e2f5f5260b8bf1772c1fc4.jpg,aproveitavel,-,620.19,98.09,51.33,640,360,,C:\projetopig\dataset\sows_farm\sows_farm_02.v2i.yolo26\train\images\CAM3_RGB_2024-08-24_09-42-00_jpg.rf.b53efa61c6e2f5f5260b8bf1772c1fc4.jpg
CAM3_RGB_2024-08-24_10-12-00_jpg.rf.ed64bce71f1e2be893b4b5510a73852e.jpg,aproveitavel,-,567.78,97.33,53.16,640,360,,C:\projetopig\dataset\sows_farm\sows_farm_02.v2i.yolo26\train\images\CAM3_RGB_2024-08-24_10-12-00_jpg.rf.ed64bce71f1e2be893b4b5510a73852e.jpg
CAM3_RGB_2024-08-24_10-42-00_jpg.rf.d6420b92520ccc06957fafd6b4126660.jpg,aproveitavel,-,531.25,93.99,56.92,640,360,,C:\projetopig\dataset\sows_farm\sows_farm_02.v2i.yolo26\train\images\CAM3_RGB_2024-08-24_10-42-00_jpg.rf.d6420b92520ccc06957fafd6b4126660.jpg
CAM3_RGB_2024-08-24_11-12-00_jpg.rf.1904351b6e9ac96daa67fc84d1c97e2a.jpg,aproveitavel,-,662.7,102.22,53.25,640,360,,C:\projetopig\dataset\sows_farm\sows_farm_02.v2i.yolo26\train\images\CAM3_RGB_2024-08-24_11-12-00_jpg.rf.1904351b6e9ac96daa67fc84d1c97e2a.jpg
CAM3_RGB_2024-08-24_11-42-00_jpg.rf.95c6f538d123882a831c3d54770582d8.jpg,aproveitavel,-,659.99,99.81,51.87,640,360,,C:\projetopig\dataset\sows_farm\sows_farm_02.v2i.yolo26\train\images\CAM3_RGB_2024-08-24_11-42-00_jpg.rf.95c6f538d123882a831c3d54770582d8.jpg
CAM3_RGB_2024-08-24_12-12-00_jpg.rf.1f1fe4b8265a3169646a02fda69d3d9b.jpg,aproveitavel,-,599.08,98.21,52.72,640,360,,C:\projetopig\dataset\sows_farm\sows_farm_02.v2i.yolo26\train\images\CAM3_RGB_2024-08-24_12-12-00_jpg.rf.1f1fe4b8265a3169646a02fda69d3d9b.jpg
CAM3_RGB_2024-08-24_13-12-00_jpg.rf.8e81c4b2f2c51540e797f8d655d722be.jpg,aproveitavel,-,654.7,102.04,51.96,640,360,,C:\projetopig\dataset\sows_farm\sows_farm_02.v2i.yolo26\train\images\CAM3_RGB_2024-08-24_13-12-00_jpg.rf.8e81c4b2f2c51540e797f8d655d722be.jpg
CAM3_RGB_2024-08-24_14-12-00_jpg.rf.0f7b22e034352fea9959d4661909eaac.jpg,aproveitavel,-,516.54,92.63,57.89,640,360,,C:\projetopig\dataset\sows_farm\sows_farm_02.v2i.yolo26\train\images\CAM3_RGB_2024-08-24_14-12-00_jpg.rf.0f7b22e034352fea9959d4661909eaac.jpg
CAM3_RGB_2024-08-24_14-42-00_jpg.rf.1256fbc9a6a0ee2265b5820f7f415903.jpg,aproveitavel,-,499.41,95.14,52.08,640,360,,C:\projetopig\dataset\sows_farm\sows_farm_02.v2i.yolo26\train\images\CAM3_RGB_2024-08-24_14-42-00_jpg.rf.1256fbc9a6a0ee2265b5820f7f415903.jpg
CAM3_RGB_2024-08-24_15-12-00_jpg.rf.7b972a6e4b5bd08c1bb49e1c4c35c4e2.jpg,aproveitavel,-,537.99,97.27,51.97,640,360,,C:\projetopig\dataset\sows_farm\sows_farm_02.v2i.yolo26\train\images\CAM3_RGB_2024-08-24_15-12-00_jpg.rf.7b972a6e4b5bd08c1bb49e1c4c35c4e2.jpg
CAM3_RGB_2024-08-24_16-16-00_jpg.rf.df08d993a3bfeaba10f1bb8eb624a5a2.jpg,aproveitavel,-,810.68,91.77,57.23,640,360,,C:\projetopig\dataset\sows_farm\sows_farm_02.v2i.yolo26\train\images\CAM3_RGB_2024-08-24_16-16-00_jpg.rf.df08d993a3bfeaba10f1bb8eb624a5a2.jpg
CAM3_RGB_2024-08-24_16-19-00_jpg.rf.f7557c916e19f230cbadac4900b2fb0a.jpg,aproveitavel,-,847.94,100.36,57.74,640,360,,C:\projetopig\dataset\sows_farm\sows_farm_02.v2i.yolo26\train\images\CAM3_RGB_2024-08-24_16-19-00_jpg.rf.f7557c916e19f230cbadac4900b2fb0a.jpg
CAM3_RGB_2024-08-24_16-20-00_jpg.rf.cc8249283db5656ec3cf0285d30d86f7.jpg,aproveitavel,-,596.86,94.47,56.05,640,360,,C:\projetopig\dataset\sows_farm\sows_farm_02.v2i.yolo26\train\images\CAM3_RGB_2024-08-24_16-20-00_jpg.rf.cc8249283db5656ec3cf0285d30d86f7.jpg
CAM3_RGB_2024-08-24_17-07-00_jpg.rf.2d8e550d797b6197fbbfb73b29c13fa3.jpg,aproveitavel,-,991.91,97.89,46.98,640,360,,C:\projetopig\dataset\sows_farm\sows_farm_02.v2i.yolo26\train\images\CAM3_RGB_2024-08-24_17-07-00_jpg.rf.2d8e550d797b6197fbbfb73b29c13fa3.jpg
CAM3_RGB_2024-08-24_17-08-00_jpg.rf.cc91135a4f23017ee30f4c4113ece2d3.jpg,descartar,duplicata,974.42,97.5,46.98,640,360,CAM3_RGB_2024-08-24_17-07-00_jpg.rf.2d8e550d797b6197fbbfb73b29c13fa3.jpg,C:\projetopig\dataset\sows_farm\sows_farm_02.v2i.yolo26\train\images\CAM3_RGB_2024-08-24_17-08-00_jpg.rf.cc91135a4f23017ee30f4c4113ece2d3.jpg
CAM3_RGB_2024-08-24_17-12-00_jpg.rf.ca64e44b9c39563e4302b88164eddda8.jpg,descartar,duplicata,986.62,98.17,47.18,640,360,CAM3_RGB_2024-08-24_17-07-00_jpg.rf.2d8e550d797b6197fbbfb73b29c13fa3.jpg,C:\projetopig\dataset\sows_farm\sows_farm_02.v2i.yolo26\train\images\CAM3_RGB_2024-08-24_17-12-00_jpg.rf.ca64e44b9c39563e4302b88164eddda8.jpg
CAM3_RGB_2024-08-24_18-42-00_jpg.rf.c606972283c32ab583ae9221babf7d39.jpg,aproveitavel,-,934.21,94.3,57.82,640,360,,C:\projetopig\dataset\sows_farm\sows_farm_02.v2i.yolo26\train\images\CAM3_RGB_2024-08-24_18-42-00_jpg.rf.c606972283c32ab583ae9221babf7d39.jpg
CAM3_RGB_2024-08-24_19-12-00_jpg.rf.eac04302d8169318c37263a05a994868.jpg,aproveitavel,-,1115.77,96.04,60.01,640,360,,C:\projetopig\dataset\sows_farm\sows_farm_02.v2i.yolo26\train\images\CAM3_RGB_2024-08-24_19-12-00_jpg.rf.eac04302d8169318c37263a05a994868.jpg
CAM3_RGB_2024-08-24_19-42-00_jpg.rf.86bcca7bf08c435d4cb605391b383985.jpg,aproveitavel,-,1046.6,91.49,58.32,640,360,,C:\projetopig\dataset\sows_farm\sows_farm_02.v2i.yolo26\train\images\CAM3_RGB_2024-08-24_19-42-00_jpg.rf.86bcca7bf08c435d4cb605391b383985.jpg
CAM3_RGB_2024-08-24_20-12-00_jpg.rf.47e6072ce2114a63c6cb6fe18ed927dd.jpg,aproveitavel,-,1222.05,99.61,57.86,640,360,,C:\projetopig\dataset\sows_farm\sows_farm_02.v2i.yolo26\train\images\CAM3_RGB_2024-08-24_20-12-00_jpg.rf.47e6072ce2114a63c6cb6fe18ed927dd.jpg
CAM3_RGB_2024-08-24_20-42-00_jpg.rf.6e09b7bfacc10e947d1b9d42137eb6be.jpg,aproveitavel,-,1233.87,96.52,57.07,640,360,,C:\projetopig\dataset\sows_farm\sows_farm_02.v2i.yolo26\train\images\CAM3_RGB_2024-08-24_20-42-00_jpg.rf.6e09b7bfacc10e947d1b9d42137eb6be.jpg
CAM3_RGB_2024-08-27_16-24-00_jpg.rf.4b3c6a80c8445536b8d1ca2bf23afed6.jpg,aproveitavel,-,429.7,89.16,57.2,640,360,,C:\projetopig\dataset\sows_farm\sows_farm_02.v2i.yolo26\train\images\CAM3_RGB_2024-08-27_16-24-00_jpg.rf.4b3c6a80c8445536b8d1ca2bf23afed6.jpg
CAM3_RGB_2024-08-29_12-13-00_jpg.rf.0621393804942b58b1d116b5d08d6019.jpg,aproveitavel,-,658.41,103.62,53.6,640,360,,C:\projetopig\dataset\sows_farm\sows_farm_02.v2i.yolo26\train\images\CAM3_RGB_2024-08-29_12-13-00_jpg.rf.0621393804942b58b1d116b5d08d6019.jpg
CAM3_RGB_2024-08-29_12-14-00_jpg.rf.fe34b9bc34e2fe96e2d25323ddc37abc.jpg,aproveitavel,-,644.25,103.51,53.38,640,360,,C:\projetopig\dataset\sows_farm\sows_farm_02.v2i.yolo26\train\images\CAM3_RGB_2024-08-29_12-14-00_jpg.rf.fe34b9bc34e2fe96e2d25323ddc37abc.jpg
CAM3_RGB_2024-08-30_06-04-00_jpg.rf.dc9ae827299dd41689f1d0c31282da76.jpg,descartar,borrada,68.33,40.37,23.4,640,360,,C:\projetopig\dataset\sows_farm\sows_farm_02.v2i.yolo26\train\images\CAM3_RGB_2024-08-30_06-04-00_jpg.rf.dc9ae827299dd41689f1d0c31282da76.jpg
CAM3_RGB_2024-08-30_06-34-00_jpg.rf.2c0ddf09fdc10e0a7427e2e33f79900d.jpg,aproveitavel,-,390.09,93.34,45.4,640,360,,C:\projetopig\dataset\sows_farm\sows_farm_02.v2i.yolo26\train\images\CAM3_RGB_2024-08-30_06-34-00_jpg.rf.2c0ddf09fdc10e0a7427e2e33f79900d.jpg
CAM3_RGB_2024-08-30_06-35-00_jpg.rf.a0f7d742d006edb1f5ea6c8b26027e51.jpg,descartar,duplicata,402.73,97.02,46.04,640,360,CAM3_RGB_2024-08-30_06-34-00_jpg.rf.2c0ddf09fdc10e0a7427e2e33f79900d.jpg,C:\projetopig\dataset\sows_farm\sows_farm_02.v2i.yolo26\train\images\CAM3_RGB_2024-08-30_06-35-00_jpg.rf.a0f7d742d006edb1f5ea6c8b26027e51.jpg
CAM3_RGB_2024-08-30_15-58-00_jpg.rf.6c49b8aa71efeb3a4578f05a684c8f52.jpg,aproveitavel,-,552.15,98.3,47.65,640,360,,C:\projetopig\dataset\sows_farm\sows_farm_02.v2i.yolo26\train\images\CAM3_RGB_2024-08-30_15-58-00_jpg.rf.6c49b8aa71efeb3a4578f05a684c8f52.jpg
CAM3_RGB_2024-08-30_15-59-00_jpg.rf.377e86b70e07ce6afbdca8153d95a1b0.jpg,descartar,duplicata,560.12,99.1,47.8,640,360,CAM3_RGB_2024-08-30_15-58-00_jpg.rf.6c49b8aa71efeb3a4578f05a684c8f52.jpg,C:\projetopig\dataset\sows_farm\sows_farm_02.v2i.yolo26\train\images\CAM3_RGB_2024-08-30_15-59-00_jpg.rf.377e86b70e07ce6afbdca8153d95a1b0.jpg
CAM3_RGB_2024-08-30_16-16-00_jpg.rf.7d240a4ce31dd9fc527b94a767ad5631.jpg,aproveitavel,-,535.91,86.08,56.15,640,360,,C:\projetopig\dataset\sows_farm\sows_farm_02.v2i.yolo26\train\images\CAM3_RGB_2024-08-30_16-16-00_jpg.rf.7d240a4ce31dd9fc527b94a767ad5631.jpg
CAM3_RGB_2024-08-30_18-03-00_jpg.rf.bae2c22d5a14c57d217b3dd049d855c6.jpg,aproveitavel,-,491.29,88.75,61.11,640,360,,C:\projetopig\dataset\sows_farm\sows_farm_02.v2i.yolo26\train\images\CAM3_RGB_2024-08-30_18-03-00_jpg.rf.bae2c22d5a14c57d217b3dd049d855c6.jpg
CAM3_RGB_2024-08-31_23-01-00_jpg.rf.a4d398c720742b6a2342dbb4b7daf261.jpg,duvidosa,nitidez_limitrofe,104.45,52.21,40.12,640,360,,C:\projetopig\dataset\sows_farm\sows_farm_02.v2i.yolo26\train\images\CAM3_RGB_2024-08-31_23-01-00_jpg.rf.a4d398c720742b6a2342dbb4b7daf261.jpg
CAM1_RGB_2024-08-15_11-17-00_jpg.rf.b2199c236147d70434908b6857cba08a.jpg,aproveitavel,-,683.2,88.36,67.56,640,360,,C:\projetopig\dataset\sows_farm\sows_farm_02.v2i.yolo26\valid\images\CAM1_RGB_2024-08-15_11-17-00_jpg.rf.b2199c236147d70434908b6857cba08a.jpg
CAM1_RGB_2024-08-15_12-17-00_jpg.rf.a87bcfa595d90689b764a402b962b719.jpg,aproveitavel,-,843.8,94.42,57.41,640,360,,C:\projetopig\dataset\sows_farm\sows_farm_02.v2i.yolo26\valid\images\CAM1_RGB_2024-08-15_12-17-00_jpg.rf.a87bcfa595d90689b764a402b962b719.jpg
CAM1_RGB_2024-08-15_14-48-00_jpg.rf.028f4cbf6fd3180407052f157cbbcbdd.jpg,aproveitavel,-,870.57,94.61,58.72,640,360,,C:\projetopig\dataset\sows_farm\sows_farm_02.v2i.yolo26\valid\images\CAM1_RGB_2024-08-15_14-48-00_jpg.rf.028f4cbf6fd3180407052f157cbbcbdd.jpg
CAM1_RGB_2024-08-16_10-02-00_jpg.rf.ff5b0a4e6d6b33813bfdf1cecf9e06e4.jpg,aproveitavel,-,818.98,99.74,58.49,640,360,,C:\projetopig\dataset\sows_farm\sows_farm_02.v2i.yolo26\valid\images\CAM1_RGB_2024-08-16_10-02-00_jpg.rf.ff5b0a4e6d6b33813bfdf1cecf9e06e4.jpg
CAM1_RGB_2024-08-16_11-02-00_jpg.rf.5c06040ebd7d393fc373e67452d49d5d.jpg,aproveitavel,-,819.77,101.3,57.07,640,360,,C:\projetopig\dataset\sows_farm\sows_farm_02.v2i.yolo26\valid\images\CAM1_RGB_2024-08-16_11-02-00_jpg.rf.5c06040ebd7d393fc373e67452d49d5d.jpg
CAM1_RGB_2024-08-16_12-31-54_jpg.rf.e39bbbb14c47a44dab2f5cb0fb071f5d.jpg,aproveitavel,-,803.35,100.74,57.09,640,360,,C:\projetopig\dataset\sows_farm\sows_farm_02.v2i.yolo26\valid\images\CAM1_RGB_2024-08-16_12-31-54_jpg.rf.e39bbbb14c47a44dab2f5cb0fb071f5d.jpg
CAM1_RGB_2024-08-16_16-31-59_jpg.rf.58798642798165cde57e70b51b05776e.jpg,aproveitavel,-,835.95,101.37,61.38,640,360,,C:\projetopig\dataset\sows_farm\sows_farm_02.v2i.yolo26\valid\images\CAM1_RGB_2024-08-16_16-31-59_jpg.rf.58798642798165cde57e70b51b05776e.jpg
CAM1_RGB_2024-08-16_19-02-00_jpg.rf.65e05e6bf63c48c9c30c4b7fbf74a382.jpg,aproveitavel,-,892.56,91.35,60.56,640,360,,C:\projetopig\dataset\sows_farm\sows_farm_02.v2i.yolo26\valid\images\CAM1_RGB_2024-08-16_19-02-00_jpg.rf.65e05e6bf63c48c9c30c4b7fbf74a382.jpg
CAM1_RGB_2024-08-16_22-01-59_jpg.rf.8fee1540ffc7032c790202ad983f17fc.jpg,aproveitavel,-,884.61,95.21,60.37,640,360,,C:\projetopig\dataset\sows_farm\sows_farm_02.v2i.yolo26\valid\images\CAM1_RGB_2024-08-16_22-01-59_jpg.rf.8fee1540ffc7032c790202ad983f17fc.jpg
CAM1_RGB_2024-08-16_22-32-00_jpg.rf.e8b1c3295d6557a165504488ff239fca.jpg,aproveitavel,-,874.01,92.93,59.14,640,360,,C:\projetopig\dataset\sows_farm\sows_farm_02.v2i.yolo26\valid\images\CAM1_RGB_2024-08-16_22-32-00_jpg.rf.e8b1c3295d6557a165504488ff239fca.jpg
CAM1_RGB_2024-08-17_03-08-00_jpg.rf.dd87be0870bdd560228fd92aa394ee99.jpg,aproveitavel,-,918.51,69.75,52.83,640,360,,C:\projetopig\dataset\sows_farm\sows_farm_02.v2i.yolo26\valid\images\CAM1_RGB_2024-08-17_03-08-00_jpg.rf.dd87be0870bdd560228fd92aa394ee99.jpg
CAM1_RGB_2024-08-17_06-03-00_jpg.rf.0a5d46732ac2f21f65873aa5164761e9.jpg,aproveitavel,-,717.69,71.82,60.91,640,360,,C:\projetopig\dataset\sows_farm\sows_farm_02.v2i.yolo26\valid\images\CAM1_RGB_2024-08-17_06-03-00_jpg.rf.0a5d46732ac2f21f65873aa5164761e9.jpg
CAM1_RGB_2024-08-17_06-19-00_jpg.rf.ebe560acec5c637bab642146f7394148.jpg,aproveitavel,-,715.18,74.92,52.67,640,360,,C:\projetopig\dataset\sows_farm\sows_farm_02.v2i.yolo26\valid\images\CAM1_RGB_2024-08-17_06-19-00_jpg.rf.ebe560acec5c637bab642146f7394148.jpg
CAM1_RGB_2024-08-17_14-03-00_jpg.rf.fe5e1668b39b47b8b796fdddf6b065f4.jpg,aproveitavel,-,609.37,96.19,58.22,640,360,,C:\projetopig\dataset\sows_farm\sows_farm_02.v2i.yolo26\valid\images\CAM1_RGB_2024-08-17_14-03-00_jpg.rf.fe5e1668b39b47b8b796fdddf6b065f4.jpg
CAM1_RGB_2024-08-17_23-02-59_jpg.rf.1a74974464351a3887aade8781ae2284.jpg,aproveitavel,-,778.41,72.67,61.93,640,360,,C:\projetopig\dataset\sows_farm\sows_farm_02.v2i.yolo26\valid\images\CAM1_RGB_2024-08-17_23-02-59_jpg.rf.1a74974464351a3887aade8781ae2284.jpg
CAM1_RGB_2024-08-18_01-03-00_jpg.rf.14dc2bee9a13a7277eef3a415129e106.jpg,aproveitavel,-,796.53,75.96,61.63,640,360,,C:\projetopig\dataset\sows_farm\sows_farm_02.v2i.yolo26\valid\images\CAM1_RGB_2024-08-18_01-03-00_jpg.rf.14dc2bee9a13a7277eef3a415129e106.jpg
CAM1_RGB_2024-08-18_03-02-41_jpg.rf.15ba592d2602678e307f1327814336f9.jpg,aproveitavel,-,1071.68,84.86,67.74,640,360,,C:\projetopig\dataset\sows_farm\sows_farm_02.v2i.yolo26\valid\images\CAM1_RGB_2024-08-18_03-02-41_jpg.rf.15ba592d2602678e307f1327814336f9.jpg
CAM1_RGB_2024-08-18_03-32-51_jpg.rf.4f928fda25e9e509065f1772a7a19d05.jpg,aproveitavel,-,1018.92,86.22,69.65,640,360,,C:\projetopig\dataset\sows_farm\sows_farm_02.v2i.yolo26\valid\images\CAM1_RGB_2024-08-18_03-32-51_jpg.rf.4f928fda25e9e509065f1772a7a19d05.jpg
CAM1_RGB_2024-08-18_05-32-54_jpg.rf.06d262ce455fb4a31338d8e640ae0b17.jpg,aproveitavel,-,866.12,70.48,50.11,640,360,,C:\projetopig\dataset\sows_farm\sows_farm_02.v2i.yolo26\valid\images\CAM1_RGB_2024-08-18_05-32-54_jpg.rf.06d262ce455fb4a31338d8e640ae0b17.jpg
CAM1_RGB_2024-08-18_10-32-54_jpg.rf.86c55e41f477900234583e851fc5d59e.jpg,aproveitavel,-,722.2,98.69,58.74,640,360,,C:\projetopig\dataset\sows_farm\sows_farm_02.v2i.yolo26\valid\images\CAM1_RGB_2024-08-18_10-32-54_jpg.rf.86c55e41f477900234583e851fc5d59e.jpg
CAM1_RGB_2024-08-18_11-07-00_jpg.rf.4a6b4b954740c691c2afab382e50fa04.jpg,descartar,duplicata,802.21,100.92,58.57,640,360,CAM1_RGB_2024-08-18_11-04-57_jpg.rf.3bad25f764d0b6eee01c41bddee9af4e.jpg,C:\projetopig\dataset\sows_farm\sows_farm_02.v2i.yolo26\valid\images\CAM1_RGB_2024-08-18_11-07-00_jpg.rf.4a6b4b954740c691c2afab382e50fa04.jpg
CAM1_RGB_2024-08-18_13-31-58_jpg.rf.fd1c523f430cae8c038a6ee9460aeb01.jpg,aproveitavel,-,791.01,92.64,60.15,640,360,,C:\projetopig\dataset\sows_farm\sows_farm_02.v2i.yolo26\valid\images\CAM1_RGB_2024-08-18_13-31-58_jpg.rf.fd1c523f430cae8c038a6ee9460aeb01.jpg
CAM1_RGB_2024-08-18_14-02-59_jpg.rf.fb4d1e146a1e6122c15b5482b9269f44.jpg,aproveitavel,-,633.06,91.69,62.4,640,360,,C:\projetopig\dataset\sows_farm\sows_farm_02.v2i.yolo26\valid\images\CAM1_RGB_2024-08-18_14-02-59_jpg.rf.fb4d1e146a1e6122c15b5482b9269f44.jpg
CAM1_RGB_2024-08-18_14-32-58_jpg.rf.1b43cde6de49454e73117ce95d4c8604.jpg,aproveitavel,-,780.21,96.07,55.96,640,360,,C:\projetopig\dataset\sows_farm\sows_farm_02.v2i.yolo26\valid\images\CAM1_RGB_2024-08-18_14-32-58_jpg.rf.1b43cde6de49454e73117ce95d4c8604.jpg
CAM1_RGB_2024-08-18_18-32-59_jpg.rf.75fd652af09117923527f30c646b23da.jpg,aproveitavel,-,797.48,82.12,71.04,640,360,,C:\projetopig\dataset\sows_farm\sows_farm_02.v2i.yolo26\valid\images\CAM1_RGB_2024-08-18_18-32-59_jpg.rf.75fd652af09117923527f30c646b23da.jpg
CAM1_RGB_2024-08-19_01-32-49_jpg.rf.099e4f908bec9a2b59d963642f8b2ba5.jpg,aproveitavel,-,741.04,69.15,64.27,640,360,,C:\projetopig\dataset\sows_farm\sows_farm_02.v2i.yolo26\valid\images\CAM1_RGB_2024-08-19_01-32-49_jpg.rf.099e4f908bec9a2b59d963642f8b2ba5.jpg
CAM1_RGB_2024-08-19_02-02-58_jpg.rf.a038bd149e9828d10286768aea5b2396.jpg,aproveitavel,-,1020.85,86.31,67.54,640,360,,C:\projetopig\dataset\sows_farm\sows_farm_02.v2i.yolo26\valid\images\CAM1_RGB_2024-08-19_02-02-58_jpg.rf.a038bd149e9828d10286768aea5b2396.jpg
CAM1_RGB_2024-08-19_03-32-59_jpg.rf.9826d24c578f9b7102e15562579301b3.jpg,aproveitavel,-,961.35,73.28,63.57,640,360,,C:\projetopig\dataset\sows_farm\sows_farm_02.v2i.yolo26\valid\images\CAM1_RGB_2024-08-19_03-32-59_jpg.rf.9826d24c578f9b7102e15562579301b3.jpg
CAM1_RGB_2024-08-19_04-33-00_jpg.rf.c28b221795e4c8a2cfe25cf948add8c2.jpg,aproveitavel,-,1011.32,73.71,61.08,640,360,,C:\projetopig\dataset\sows_farm\sows_farm_02.v2i.yolo26\valid\images\CAM1_RGB_2024-08-19_04-33-00_jpg.rf.c28b221795e4c8a2cfe25cf948add8c2.jpg
CAM1_RGB_2024-08-19_05-33-00_jpg.rf.df256da8bb24599c70eedd24de491393.jpg,aproveitavel,-,834.59,73.54,63.91,640,360,,C:\projetopig\dataset\sows_farm\sows_farm_02.v2i.yolo26\valid\images\CAM1_RGB_2024-08-19_05-33-00_jpg.rf.df256da8bb24599c70eedd24de491393.jpg
CAM1_RGB_2024-08-20_15-23-52_jpg.rf.9264fb27742732ec90ea891b015ca771.jpg,aproveitavel,-,589.06,97.72,57.12,640,360,,C:\projetopig\dataset\sows_farm\sows_farm_02.v2i.yolo26\valid\images\CAM1_RGB_2024-08-20_15-23-52_jpg.rf.9264fb27742732ec90ea891b015ca771.jpg
CAM1_RGB_2024-08-20_20-53-58_jpg.rf.0a1da18b34632177e3f90814774e4573.jpg,aproveitavel,-,896.07,84.54,68.9,640,360,,C:\projetopig\dataset\sows_farm\sows_farm_02.v2i.yolo26\valid\images\CAM1_RGB_2024-08-20_20-53-58_jpg.rf.0a1da18b34632177e3f90814774e4573.jpg
CAM1_RGB_2024-08-20_21-23-32_jpg.rf.d21b566af7cf1dea977ae72bac7afe22.jpg,aproveitavel,-,1028.04,85.02,71.05,640,360,,C:\projetopig\dataset\sows_farm\sows_farm_02.v2i.yolo26\valid\images\CAM1_RGB_2024-08-20_21-23-32_jpg.rf.d21b566af7cf1dea977ae72bac7afe22.jpg
CAM1_RGB_2024-08-21_07-54-00_jpg.rf.a1cbdf4b38cf13518d67f3875884be22.jpg,aproveitavel,-,756.89,90.17,66.15,640,360,,C:\projetopig\dataset\sows_farm\sows_farm_02.v2i.yolo26\valid\images\CAM1_RGB_2024-08-21_07-54-00_jpg.rf.a1cbdf4b38cf13518d67f3875884be22.jpg
CAM1_RGB_2024-08-21_12-23-55_jpg.rf.0da1acda8edf18be4a31b107e9421d50.jpg,aproveitavel,-,868.96,100.94,60.02,640,360,,C:\projetopig\dataset\sows_farm\sows_farm_02.v2i.yolo26\valid\images\CAM1_RGB_2024-08-21_12-23-55_jpg.rf.0da1acda8edf18be4a31b107e9421d50.jpg
CAM1_RGB_2024-08-21_14-24-00_jpg.rf.334dfd91e59185e08bdf3f682b582104.jpg,aproveitavel,-,929.43,100.89,59.34,640,360,,C:\projetopig\dataset\sows_farm\sows_farm_02.v2i.yolo26\valid\images\CAM1_RGB_2024-08-21_14-24-00_jpg.rf.334dfd91e59185e08bdf3f682b582104.jpg
CAM1_RGB_2024-08-21_23-54-00_jpg.rf.c9ac7ae21c221f2196d5d56e332efbde.jpg,aproveitavel,-,897.24,88.17,73.15,640,360,,C:\projetopig\dataset\sows_farm\sows_farm_02.v2i.yolo26\valid\images\CAM1_RGB_2024-08-21_23-54-00_jpg.rf.c9ac7ae21c221f2196d5d56e332efbde.jpg
CAM1_RGB_2024-08-22_02-54-00_jpg.rf.e8a18a2faa503348c5562de996d5aaf7.jpg,aproveitavel,-,1114.82,82.13,68.24,640,360,,C:\projetopig\dataset\sows_farm\sows_farm_02.v2i.yolo26\valid\images\CAM1_RGB_2024-08-22_02-54-00_jpg.rf.e8a18a2faa503348c5562de996d5aaf7.jpg
CAM1_RGB_2024-08-22_04-54-00_jpg.rf.61d0a7846ffcddf39d61b1e8e20758a9.jpg,aproveitavel,-,1112.42,81.88,75.69,640,360,,C:\projetopig\dataset\sows_farm\sows_farm_02.v2i.yolo26\valid\images\CAM1_RGB_2024-08-22_04-54-00_jpg.rf.61d0a7846ffcddf39d61b1e8e20758a9.jpg
CAM1_RGB_2024-08-22_07-24-00_jpg.rf.21d5c38126945092390f16d0b1d04e4f.jpg,aproveitavel,-,815.0,92.93,64.23,640,360,,C:\projetopig\dataset\sows_farm\sows_farm_02.v2i.yolo26\valid\images\CAM1_RGB_2024-08-22_07-24-00_jpg.rf.21d5c38126945092390f16d0b1d04e4f.jpg
CAM1_RGB_2024-08-22_07-54-00_jpg.rf.9cbe6862b1888d420af7fb2850d53b0a.jpg,aproveitavel,-,846.85,99.1,57.55,640,360,,C:\projetopig\dataset\sows_farm\sows_farm_02.v2i.yolo26\valid\images\CAM1_RGB_2024-08-22_07-54-00_jpg.rf.9cbe6862b1888d420af7fb2850d53b0a.jpg
CAM1_RGB_2024-08-22_15-24-00_jpg.rf.a2d203d7a66d8b756f947d857e473cdd.jpg,aproveitavel,-,553.29,92.48,58.6,640,360,,C:\projetopig\dataset\sows_farm\sows_farm_02.v2i.yolo26\valid\images\CAM1_RGB_2024-08-22_15-24-00_jpg.rf.a2d203d7a66d8b756f947d857e473cdd.jpg
CAM1_RGB_2024-08-23_00-54-00_jpg.rf.fa9ed1768c79207143ee3016b8939734.jpg,aproveitavel,-,997.56,82.74,76.26,640,360,,C:\projetopig\dataset\sows_farm\sows_farm_02.v2i.yolo26\valid\images\CAM1_RGB_2024-08-23_00-54-00_jpg.rf.fa9ed1768c79207143ee3016b8939734.jpg
CAM1_RGB_2024-08-23_09-53-52_jpg.rf.fa8c76bdecb4d4a1eeb711ff71ea6748.jpg,aproveitavel,-,931.38,97.63,62.23,640,360,,C:\projetopig\dataset\sows_farm\sows_farm_02.v2i.yolo26\valid\images\CAM1_RGB_2024-08-23_09-53-52_jpg.rf.fa8c76bdecb4d4a1eeb711ff71ea6748.jpg
CAM1_RGB_2024-08-23_15-54-58_jpg.rf.ce92ac2581a281912a19efee28b768b2.jpg,aproveitavel,-,583.39,96.8,57.13,640,360,,C:\projetopig\dataset\sows_farm\sows_farm_02.v2i.yolo26\valid\images\CAM1_RGB_2024-08-23_15-54-58_jpg.rf.ce92ac2581a281912a19efee28b768b2.jpg
CAM1_RGB_2024-08-23_17-24-59_jpg.rf.ea6afa58e07c04849ad80aa486dc6f4c.jpg,aproveitavel,-,525.47,92.44,55.09,640,360,,C:\projetopig\dataset\sows_farm\sows_farm_02.v2i.yolo26\valid\images\CAM1_RGB_2024-08-23_17-24-59_jpg.rf.ea6afa58e07c04849ad80aa486dc6f4c.jpg
CAM1_RGB_2024-08-24_02-55-58_jpg.rf.e6862f17de0119cd0b389745e738c7c4.jpg,descartar,borrada,84.53,35.36,24.52,640,360,,C:\projetopig\dataset\sows_farm\sows_farm_02.v2i.yolo26\valid\images\CAM1_RGB_2024-08-24_02-55-58_jpg.rf.e6862f17de0119cd0b389745e738c7c4.jpg
CAM1_RGB_2024-08-24_12-45-49_jpg.rf.efdf4f3babdc1691dcb90f112cc37b04.jpg,aproveitavel,-,563.0,94.64,57.52,640,360,,C:\projetopig\dataset\sows_farm\sows_farm_02.v2i.yolo26\valid\images\CAM1_RGB_2024-08-24_12-45-49_jpg.rf.efdf4f3babdc1691dcb90f112cc37b04.jpg
CAM1_RGB_2024-08-24_13-17-33_jpg.rf.57e420766af866718ab4250a9a4c6623.jpg,aproveitavel,-,529.17,96.73,56.91,640,360,,C:\projetopig\dataset\sows_farm\sows_farm_02.v2i.yolo26\valid\images\CAM1_RGB_2024-08-24_13-17-33_jpg.rf.57e420766af866718ab4250a9a4c6623.jpg
CAM1_RGB_2024-08-24_13-52-46_jpg.rf.b8c1dbfd8867307f126741ecf38bef85.jpg,aproveitavel,-,558.25,96.56,56.91,640,360,,C:\projetopig\dataset\sows_farm\sows_farm_02.v2i.yolo26\valid\images\CAM1_RGB_2024-08-24_13-52-46_jpg.rf.b8c1dbfd8867307f126741ecf38bef85.jpg
CAM1_RGB_2024-08-24_15-02-56_jpg.rf.c4f494996618899b15332b3ebbb1fa84.jpg,aproveitavel,-,636.19,97.06,57.66,640,360,,C:\projetopig\dataset\sows_farm\sows_farm_02.v2i.yolo26\valid\images\CAM1_RGB_2024-08-24_15-02-56_jpg.rf.c4f494996618899b15332b3ebbb1fa84.jpg
CAM1_RGB_2024-08-31_08-57-59_jpg.rf.e4724e69da2aba7784e4177d3a43e2ed.jpg,aproveitavel,-,445.78,91.34,61.93,640,360,,C:\projetopig\dataset\sows_farm\sows_farm_02.v2i.yolo26\valid\images\CAM1_RGB_2024-08-31_08-57-59_jpg.rf.e4724e69da2aba7784e4177d3a43e2ed.jpg
CAM2_RGB_2024-08-15_12-42-00_jpg.rf.211a1856c4814f881c2e7a804f21798a.jpg,descartar,duplicata,713.61,108.04,58.05,640,360,CAM2_RGB_2024-08-15_13-12-00_jpg.rf.5ae4e275d3d378c7db5c5ad40a2b8b6c.jpg,C:\projetopig\dataset\sows_farm\sows_farm_02.v2i.yolo26\valid\images\CAM2_RGB_2024-08-15_12-42-00_jpg.rf.211a1856c4814f881c2e7a804f21798a.jpg
CAM2_RGB_2024-08-16_11-25-00_jpg.rf.79693f54214806b782939fb0d8ed0a6f.jpg,aproveitavel,-,582.41,100.04,63.23,640,360,,C:\projetopig\dataset\sows_farm\sows_farm_02.v2i.yolo26\valid\images\CAM2_RGB_2024-08-16_11-25-00_jpg.rf.79693f54214806b782939fb0d8ed0a6f.jpg
CAM2_RGB_2024-08-16_12-55-00_jpg.rf.940e937d3800752978aa6be8850da8c9.jpg,aproveitavel,-,675.39,108.05,55.58,640,360,,C:\projetopig\dataset\sows_farm\sows_farm_02.v2i.yolo26\valid\images\CAM2_RGB_2024-08-16_12-55-00_jpg.rf.940e937d3800752978aa6be8850da8c9.jpg
CAM2_RGB_2024-08-16_14-55-00_jpg.rf.8b1a77b9122941d7ee2b1f11056a0281.jpg,aproveitavel,-,1030.12,105.56,54.5,640,360,,C:\projetopig\dataset\sows_farm\sows_farm_02.v2i.yolo26\valid\images\CAM2_RGB_2024-08-16_14-55-00_jpg.rf.8b1a77b9122941d7ee2b1f11056a0281.jpg
CAM2_RGB_2024-08-16_19-24-59_jpg.rf.a7697f301f2bca7cd704d83483dc239b.jpg,aproveitavel,-,763.74,94.47,59.76,640,360,,C:\projetopig\dataset\sows_farm\sows_farm_02.v2i.yolo26\valid\images\CAM2_RGB_2024-08-16_19-24-59_jpg.rf.a7697f301f2bca7cd704d83483dc239b.jpg
CAM2_RGB_2024-08-17_00-25-00_jpg.rf.27bb93f02d1cf73f4f0e30aed1893375.jpg,aproveitavel,-,667.46,61.06,65.15,640,360,,C:\projetopig\dataset\sows_farm\sows_farm_02.v2i.yolo26\valid\images\CAM2_RGB_2024-08-17_00-25-00_jpg.rf.27bb93f02d1cf73f4f0e30aed1893375.jpg
CAM2_RGB_2024-08-17_09-25-00_jpg.rf.f372e24c988e5a5914663e5aa1077a24.jpg,aproveitavel,-,899.5,111.31,54.01,640,360,,C:\projetopig\dataset\sows_farm\sows_farm_02.v2i.yolo26\valid\images\CAM2_RGB_2024-08-17_09-25-00_jpg.rf.f372e24c988e5a5914663e5aa1077a24.jpg
CAM2_RGB_2024-08-17_10-25-00_jpg.rf.010c1bad5ce3c5238a5e0e04f6b5af96.jpg,aproveitavel,-,799.46,110.61,52.96,640,360,,C:\projetopig\dataset\sows_farm\sows_farm_02.v2i.yolo26\valid\images\CAM2_RGB_2024-08-17_10-25-00_jpg.rf.010c1bad5ce3c5238a5e0e04f6b5af96.jpg
CAM2_RGB_2024-08-17_11-01-00_jpg.rf.e3a7178264b3d04fa28e157824d895e4.jpg,aproveitavel,-,566.04,107.93,49.84,640,360,,C:\projetopig\dataset\sows_farm\sows_farm_02.v2i.yolo26\valid\images\CAM2_RGB_2024-08-17_11-01-00_jpg.rf.e3a7178264b3d04fa28e157824d895e4.jpg
CAM2_RGB_2024-08-17_13-55-00_jpg.rf.75f7098154bec74b5118b9d04dbe53ad.jpg,aproveitavel,-,750.09,111.84,50.18,640,360,,C:\projetopig\dataset\sows_farm\sows_farm_02.v2i.yolo26\valid\images\CAM2_RGB_2024-08-17_13-55-00_jpg.rf.75f7098154bec74b5118b9d04dbe53ad.jpg
CAM2_RGB_2024-08-17_18-25-00_jpg.rf.8577a491785486424f26c219b262a5d0.jpg,aproveitavel,-,864.6,95.65,53.21,640,360,,C:\projetopig\dataset\sows_farm\sows_farm_02.v2i.yolo26\valid\images\CAM2_RGB_2024-08-17_18-25-00_jpg.rf.8577a491785486424f26c219b262a5d0.jpg
CAM2_RGB_2024-08-17_19-25-00_jpg.rf.05605d763031a20ec9ed766aa0a6518e.jpg,descartar,duplicata,857.4,92.53,58.42,640,360,CAM2_RGB_2024-08-17_19-55-00_jpg.rf.16478a6bea8f7151e17de3dcef32ad54.jpg,C:\projetopig\dataset\sows_farm\sows_farm_02.v2i.yolo26\valid\images\CAM2_RGB_2024-08-17_19-25-00_jpg.rf.05605d763031a20ec9ed766aa0a6518e.jpg
CAM2_RGB_2024-08-18_01-25-00_jpg.rf.18aa6f9190aa326a3711d968df6e2311.jpg,aproveitavel,-,833.42,76.8,69.3,640,360,,C:\projetopig\dataset\sows_farm\sows_farm_02.v2i.yolo26\valid\images\CAM2_RGB_2024-08-18_01-25-00_jpg.rf.18aa6f9190aa326a3711d968df6e2311.jpg
CAM2_RGB_2024-08-18_08-25-00_jpg.rf.1cb73e3f47026dbb03db24f67fbd14c2.jpg,aproveitavel,-,926.33,109.73,53.83,640,360,,C:\projetopig\dataset\sows_farm\sows_farm_02.v2i.yolo26\valid\images\CAM2_RGB_2024-08-18_08-25-00_jpg.rf.1cb73e3f47026dbb03db24f67fbd14c2.jpg
CAM2_RGB_2024-08-18_09-55-00_jpg.rf.9309c1c0a928d6629ed8b5c60c468f27.jpg,aproveitavel,-,617.37,110.87,53.38,640,360,,C:\projetopig\dataset\sows_farm\sows_farm_02.v2i.yolo26\valid\images\CAM2_RGB_2024-08-18_09-55-00_jpg.rf.9309c1c0a928d6629ed8b5c60c468f27.jpg
CAM2_RGB_2024-08-18_10-25-00_jpg.rf.42e808999419687c022fe23420a54db4.jpg,aproveitavel,-,693.91,109.51,55.53,640,360,,C:\projetopig\dataset\sows_farm\sows_farm_02.v2i.yolo26\valid\images\CAM2_RGB_2024-08-18_10-25-00_jpg.rf.42e808999419687c022fe23420a54db4.jpg
CAM2_RGB_2024-08-18_15-55-00_jpg.rf.7857cb49cf0060d3ea4d75c9e1aced27.jpg,aproveitavel,-,717.9,105.3,56.13,640,360,,C:\projetopig\dataset\sows_farm\sows_farm_02.v2i.yolo26\valid\images\CAM2_RGB_2024-08-18_15-55-00_jpg.rf.7857cb49cf0060d3ea4d75c9e1aced27.jpg
CAM2_RGB_2024-08-18_17-55-00_jpg.rf.0dbfdf10b8fc24a10248a4263e67fe3d.jpg,aproveitavel,-,740.24,95.25,54.8,640,360,,C:\projetopig\dataset\sows_farm\sows_farm_02.v2i.yolo26\valid\images\CAM2_RGB_2024-08-18_17-55-00_jpg.rf.0dbfdf10b8fc24a10248a4263e67fe3d.jpg
CAM2_RGB_2024-08-18_18-25-00_jpg.rf.d46a10cb0b632b517b0d0771000d1fa3.jpg,aproveitavel,-,663.37,86.31,56.05,640,360,,C:\projetopig\dataset\sows_farm\sows_farm_02.v2i.yolo26\valid\images\CAM2_RGB_2024-08-18_18-25-00_jpg.rf.d46a10cb0b632b517b0d0771000d1fa3.jpg
CAM2_RGB_2024-08-18_19-25-00_jpg.rf.47cf80567c78a04c0d466b3e839201cd.jpg,aproveitavel,-,659.94,56.5,64.32,640,360,,C:\projetopig\dataset\sows_farm\sows_farm_02.v2i.yolo26\valid\images\CAM2_RGB_2024-08-18_19-25-00_jpg.rf.47cf80567c78a04c0d466b3e839201cd.jpg
CAM2_RGB_2024-08-18_19-55-00_jpg.rf.a65326478d6320c81907edab23b4e13d.jpg,aproveitavel,-,659.76,58.15,64.59,640,360,,C:\projetopig\dataset\sows_farm\sows_farm_02.v2i.yolo26\valid\images\CAM2_RGB_2024-08-18_19-55-00_jpg.rf.a65326478d6320c81907edab23b4e13d.jpg
CAM2_RGB_2024-08-18_22-55-00_jpg.rf.dc8992f08a7f8364994ff8b008e7eccd.jpg,aproveitavel,-,714.38,56.93,65.9,640,360,,C:\projetopig\dataset\sows_farm\sows_farm_02.v2i.yolo26\valid\images\CAM2_RGB_2024-08-18_22-55-00_jpg.rf.dc8992f08a7f8364994ff8b008e7eccd.jpg
CAM2_RGB_2024-08-19_04-55-00_jpg.rf.1837bb938d0c734e699dc7de6de7450d.jpg,aproveitavel,-,784.81,69.83,72.19,640,360,,C:\projetopig\dataset\sows_farm\sows_farm_02.v2i.yolo26\valid\images\CAM2_RGB_2024-08-19_04-55-00_jpg.rf.1837bb938d0c734e699dc7de6de7450d.jpg
CAM2_RGB_2024-08-19_14-07-00_jpg.rf.51ee46297c57127bb856ce9292d33018.jpg,aproveitavel,-,758.33,104.15,64.14,640,360,,C:\projetopig\dataset\sows_farm\sows_farm_02.v2i.yolo26\valid\images\CAM2_RGB_2024-08-19_14-07-00_jpg.rf.51ee46297c57127bb856ce9292d33018.jpg
CAM2_RGB_2024-08-20_00-37-00_jpg.rf.62b0ff7b4ba32cfdd399371f95148974.jpg,aproveitavel,-,645.92,59.86,62.68,640,360,,C:\projetopig\dataset\sows_farm\sows_farm_02.v2i.yolo26\valid\images\CAM2_RGB_2024-08-20_00-37-00_jpg.rf.62b0ff7b4ba32cfdd399371f95148974.jpg
CAM2_RGB_2024-08-20_02-07-00_jpg.rf.25f0d9b29cc7846559723a63e36a6597.jpg,aproveitavel,-,708.52,69.6,66.74,640,360,,C:\projetopig\dataset\sows_farm\sows_farm_02.v2i.yolo26\valid\images\CAM2_RGB_2024-08-20_02-07-00_jpg.rf.25f0d9b29cc7846559723a63e36a6597.jpg
CAM2_RGB_2024-08-20_05-37-00_jpg.rf.d13db775d319a11d1621fd494f8a7629.jpg,aproveitavel,-,733.27,72.89,69.02,640,360,,C:\projetopig\dataset\sows_farm\sows_farm_02.v2i.yolo26\valid\images\CAM2_RGB_2024-08-20_05-37-00_jpg.rf.d13db775d319a11d1621fd494f8a7629.jpg
CAM2_RGB_2024-08-20_08-37-00_jpg.rf.b5564bb1a23666f51f3f7415452c274e.jpg,aproveitavel,-,791.53,101.77,57.46,640,360,,C:\projetopig\dataset\sows_farm\sows_farm_02.v2i.yolo26\valid\images\CAM2_RGB_2024-08-20_08-37-00_jpg.rf.b5564bb1a23666f51f3f7415452c274e.jpg
CAM2_RGB_2024-08-20_12-08-00_jpg.rf.6e62eda25efb395d143f25d4db60cba7.jpg,aproveitavel,-,715.12,106.3,60.19,640,360,,C:\projetopig\dataset\sows_farm\sows_farm_02.v2i.yolo26\valid\images\CAM2_RGB_2024-08-20_12-08-00_jpg.rf.6e62eda25efb395d143f25d4db60cba7.jpg
CAM2_RGB_2024-08-20_14-08-00_jpg.rf.eac325157c26c97c5ea2ec7166923f98.jpg,aproveitavel,-,862.83,106.6,52.14,640,360,,C:\projetopig\dataset\sows_farm\sows_farm_02.v2i.yolo26\valid\images\CAM2_RGB_2024-08-20_14-08-00_jpg.rf.eac325157c26c97c5ea2ec7166923f98.jpg
CAM2_RGB_2024-08-20_15-38-00_jpg.rf.7faf9d9dbf542eddaceb57f769696490.jpg,aproveitavel,-,857.81,105.29,56.77,640,360,,C:\projetopig\dataset\sows_farm\sows_farm_02.v2i.yolo26\valid\images\CAM2_RGB_2024-08-20_15-38-00_jpg.rf.7faf9d9dbf542eddaceb57f769696490.jpg
CAM2_RGB_2024-08-20_16-08-00_jpg.rf.45b3e58eb132ce5107ab12721d8dbabf.jpg,aproveitavel,-,969.71,103.03,55.28,640,360,,C:\projetopig\dataset\sows_farm\sows_farm_02.v2i.yolo26\valid\images\CAM2_RGB_2024-08-20_16-08-00_jpg.rf.45b3e58eb132ce5107ab12721d8dbabf.jpg
CAM2_RGB_2024-08-20_18-26-00_jpg.rf.ca104fa2e180074191e0ce45a7a5208e.jpg,descartar,duplicata,366.14,95.0,49.58,640,360,CAM2_RGB_2024-08-20_18-27-00_jpg.rf.254def2328071d30b2e62e1c41559510.jpg,C:\projetopig\dataset\sows_farm\sows_farm_02.v2i.yolo26\valid\images\CAM2_RGB_2024-08-20_18-26-00_jpg.rf.ca104fa2e180074191e0ce45a7a5208e.jpg
CAM2_RGB_2024-08-20_20-06-00_jpg.rf.2864a9714fd918d125ced254f95b3847.jpg,aproveitavel,-,221.19,57.16,46.9,640,360,,C:\projetopig\dataset\sows_farm\sows_farm_02.v2i.yolo26\valid\images\CAM2_RGB_2024-08-20_20-06-00_jpg.rf.2864a9714fd918d125ced254f95b3847.jpg
CAM2_RGB_2024-08-20_21-08-00_jpg.rf.c63a4055e11479f9b52d2e66c50ad44b.jpg,aproveitavel,-,227.98,43.68,31.87,640,360,,C:\projetopig\dataset\sows_farm\sows_farm_02.v2i.yolo26\valid\images\CAM2_RGB_2024-08-20_21-08-00_jpg.rf.c63a4055e11479f9b52d2e66c50ad44b.jpg
CAM2_RGB_2024-08-20_22-38-00_jpg.rf.b5ff9ce01e5b33d40d43057141414fb6.jpg,aproveitavel,-,225.36,41.96,31.54,640,360,,C:\projetopig\dataset\sows_farm\sows_farm_02.v2i.yolo26\valid\images\CAM2_RGB_2024-08-20_22-38-00_jpg.rf.b5ff9ce01e5b33d40d43057141414fb6.jpg
CAM2_RGB_2024-08-20_23-38-00_jpg.rf.04cbc71d6e99e0848d65874300148bb1.jpg,duvidosa,nitidez_limitrofe,187.36,39.18,28.42,640,360,,C:\projetopig\dataset\sows_farm\sows_farm_02.v2i.yolo26\valid\images\CAM2_RGB_2024-08-20_23-38-00_jpg.rf.04cbc71d6e99e0848d65874300148bb1.jpg
CAM2_RGB_2024-08-21_01-38-00_jpg.rf.2834b4bbd65ca515b94057b4fe631750.jpg,aproveitavel,-,215.37,43.36,30.76,640,360,,C:\projetopig\dataset\sows_farm\sows_farm_02.v2i.yolo26\valid\images\CAM2_RGB_2024-08-21_01-38-00_jpg.rf.2834b4bbd65ca515b94057b4fe631750.jpg
CAM2_RGB_2024-08-21_05-38-00_jpg.rf.471cbbfeb84587b49625ddc448123eda.jpg,aproveitavel,-,221.79,40.51,29.77,640,360,,C:\projetopig\dataset\sows_farm\sows_farm_02.v2i.yolo26\valid\images\CAM2_RGB_2024-08-21_05-38-00_jpg.rf.471cbbfeb84587b49625ddc448123eda.jpg
CAM2_RGB_2024-08-21_06-51-00_jpg.rf.480bea3af73436ad7f49a56cdf18b72e.jpg,aproveitavel,-,549.72,99.36,53.36,640,360,,C:\projetopig\dataset\sows_farm\sows_farm_02.v2i.yolo26\valid\images\CAM2_RGB_2024-08-21_06-51-00_jpg.rf.480bea3af73436ad7f49a56cdf18b72e.jpg
CAM2_RGB_2024-08-21_14-08-00_jpg.rf.49218c33aa4cc77f5fa622ca2d7b011b.jpg,aproveitavel,-,745.34,104.02,58.77,640,360,,C:\projetopig\dataset\sows_farm\sows_farm_02.v2i.yolo26\valid\images\CAM2_RGB_2024-08-21_14-08-00_jpg.rf.49218c33aa4cc77f5fa622ca2d7b011b.jpg
CAM2_RGB_2024-08-21_18-38-00_jpg.rf.c3339331d59274a0fe4d80e256560fe5.jpg,aproveitavel,-,548.75,91.19,57.81,640,360,,C:\projetopig\dataset\sows_farm\sows_farm_02.v2i.yolo26\valid\images\CAM2_RGB_2024-08-21_18-38-00_jpg.rf.c3339331d59274a0fe4d80e256560fe5.jpg
CAM2_RGB_2024-08-21_21-08-00_jpg.rf.35759289bbc9e3db08e23559fc2c6a6b.jpg,aproveitavel,-,674.78,92.66,53.99,640,360,,C:\projetopig\dataset\sows_farm\sows_farm_02.v2i.yolo26\valid\images\CAM2_RGB_2024-08-21_21-08-00_jpg.rf.35759289bbc9e3db08e23559fc2c6a6b.jpg
CAM2_RGB_2024-08-22_02-08-00_jpg.rf.c9306e568c35d6448815ff584e1531a2.jpg,aproveitavel,-,670.22,80.54,71.47,640,360,,C:\projetopig\dataset\sows_farm\sows_farm_02.v2i.yolo26\valid\images\CAM2_RGB_2024-08-22_02-08-00_jpg.rf.c9306e568c35d6448815ff584e1531a2.jpg
CAM2_RGB_2024-08-22_04-08-00_jpg.rf.ab3c0776e65853cb85168c8601a5d3fe.jpg,aproveitavel,-,1019.25,74.84,70.66,640,360,,C:\projetopig\dataset\sows_farm\sows_farm_02.v2i.yolo26\valid\images\CAM2_RGB_2024-08-22_04-08-00_jpg.rf.ab3c0776e65853cb85168c8601a5d3fe.jpg
CAM2_RGB_2024-08-22_05-08-00_jpg.rf.89f79f4eeb3312eb274f63c08151c3cd.jpg,aproveitavel,-,1004.6,75.37,73.57,640,360,,C:\projetopig\dataset\sows_farm\sows_farm_02.v2i.yolo26\valid\images\CAM2_RGB_2024-08-22_05-08-00_jpg.rf.89f79f4eeb3312eb274f63c08151c3cd.jpg
CAM2_RGB_2024-08-22_07-08-00_jpg.rf.e53fa14847cea0cfb7a35af2178b03bc.jpg,aproveitavel,-,631.21,102.97,57.66,640,360,,C:\projetopig\dataset\sows_farm\sows_farm_02.v2i.yolo26\valid\images\CAM2_RGB_2024-08-22_07-08-00_jpg.rf.e53fa14847cea0cfb7a35af2178b03bc.jpg
CAM2_RGB_2024-08-22_09-38-00_jpg.rf.c743cc291cccc1e25a970cf45f60da2d.jpg,aproveitavel,-,743.52,107.39,54.74,640,360,,C:\projetopig\dataset\sows_farm\sows_farm_02.v2i.yolo26\valid\images\CAM2_RGB_2024-08-22_09-38-00_jpg.rf.c743cc291cccc1e25a970cf45f60da2d.jpg
CAM2_RGB_2024-08-22_13-08-00_jpg.rf.4dce276f1bc052173fc0279bdaf64f95.jpg,aproveitavel,-,661.92,114.11,57.14,640,360,,C:\projetopig\dataset\sows_farm\sows_farm_02.v2i.yolo26\valid\images\CAM2_RGB_2024-08-22_13-08-00_jpg.rf.4dce276f1bc052173fc0279bdaf64f95.jpg
CAM2_RGB_2024-08-22_17-12-00_jpg.rf.b16f33ee9679bd3797b2b63c935ae79c.jpg,aproveitavel,-,789.65,100.78,60.5,640,360,,C:\projetopig\dataset\sows_farm\sows_farm_02.v2i.yolo26\valid\images\CAM2_RGB_2024-08-22_17-12-00_jpg.rf.b16f33ee9679bd3797b2b63c935ae79c.jpg
CAM2_RGB_2024-08-22_18-08-00_jpg.rf.f6072944b795a4aa8f07ab3ddb175c0a.jpg,aproveitavel,-,813.9,95.8,52.38,640,360,,C:\projetopig\dataset\sows_farm\sows_farm_02.v2i.yolo26\valid\images\CAM2_RGB_2024-08-22_18-08-00_jpg.rf.f6072944b795a4aa8f07ab3ddb175c0a.jpg
CAM2_RGB_2024-08-22_18-37-59_jpg.rf.f9b736e4288a0d2fbf0ba8f8b1036300.jpg,aproveitavel,-,708.4,84.83,58.28,640,360,,C:\projetopig\dataset\sows_farm\sows_farm_02.v2i.yolo26\valid\images\CAM2_RGB_2024-08-22_18-37-59_jpg.rf.f9b736e4288a0d2fbf0ba8f8b1036300.jpg
CAM2_RGB_2024-08-22_19-08-00_jpg.rf.c054abcad8b164e7d62e02d097aaf6dc.jpg,aproveitavel,-,784.42,93.56,58.28,640,360,,C:\projetopig\dataset\sows_farm\sows_farm_02.v2i.yolo26\valid\images\CAM2_RGB_2024-08-22_19-08-00_jpg.rf.c054abcad8b164e7d62e02d097aaf6dc.jpg
CAM2_RGB_2024-08-22_20-08-00_jpg.rf.ce19a193f4c8f718cecb4b82de539e78.jpg,aproveitavel,-,671.79,95.85,61.48,640,360,,C:\projetopig\dataset\sows_farm\sows_farm_02.v2i.yolo26\valid\images\CAM2_RGB_2024-08-22_20-08-00_jpg.rf.ce19a193f4c8f718cecb4b82de539e78.jpg
CAM2_RGB_2024-08-23_00-38-00_jpg.rf.a56967009ced351b90e53f5fe4060eed.jpg,aproveitavel,-,940.89,76.3,72.87,640,360,,C:\projetopig\dataset\sows_farm\sows_farm_02.v2i.yolo26\valid\images\CAM2_RGB_2024-08-23_00-38-00_jpg.rf.a56967009ced351b90e53f5fe4060eed.jpg
CAM2_RGB_2024-08-23_07-08-00_jpg.rf.f1d2aebde41691ba139d0844ddcbce78.jpg,aproveitavel,-,786.16,104.43,55.2,640,360,,C:\projetopig\dataset\sows_farm\sows_farm_02.v2i.yolo26\valid\images\CAM2_RGB_2024-08-23_07-08-00_jpg.rf.f1d2aebde41691ba139d0844ddcbce78.jpg
CAM2_RGB_2024-08-23_08-38-00_jpg.rf.2db4eacb9e673bc3821af7fb2e9fe693.jpg,aproveitavel,-,731.45,101.88,57.87,640,360,,C:\projetopig\dataset\sows_farm\sows_farm_02.v2i.yolo26\valid\images\CAM2_RGB_2024-08-23_08-38-00_jpg.rf.2db4eacb9e673bc3821af7fb2e9fe693.jpg
CAM2_RGB_2024-08-23_09-38-00_jpg.rf.eba1f580fcaeabb7da03e5cd976cfcda.jpg,aproveitavel,-,650.93,103.41,57.94,640,360,,C:\projetopig\dataset\sows_farm\sows_farm_02.v2i.yolo26\valid\images\CAM2_RGB_2024-08-23_09-38-00_jpg.rf.eba1f580fcaeabb7da03e5cd976cfcda.jpg
CAM2_RGB_2024-08-23_19-39-00_jpg.rf.0140862c11b0106075306ea6fc0b5b0e.jpg,aproveitavel,-,666.67,99.9,52.05,640,360,,C:\projetopig\dataset\sows_farm\sows_farm_02.v2i.yolo26\valid\images\CAM2_RGB_2024-08-23_19-39-00_jpg.rf.0140862c11b0106075306ea6fc0b5b0e.jpg
CAM2_RGB_2024-08-24_03-39-00_jpg.rf.d07e54224449891036691fafa42a7667.jpg,descartar,borrada;subexposta,29.34,26.58,20.16,640,360,,C:\projetopig\dataset\sows_farm\sows_farm_02.v2i.yolo26\valid\images\CAM2_RGB_2024-08-24_03-39-00_jpg.rf.d07e54224449891036691fafa42a7667.jpg
CAM2_RGB_2024-08-24_05-08-57_jpg.rf.f697e62604bd4ce5371e25caa237dc50.jpg,descartar,borrada;subexposta,27.06,23.36,18.82,640,360,,C:\projetopig\dataset\sows_farm\sows_farm_02.v2i.yolo26\valid\images\CAM2_RGB_2024-08-24_05-08-57_jpg.rf.f697e62604bd4ce5371e25caa237dc50.jpg
CAM2_RGB_2024-08-24_07-39-00_jpg.rf.016fd5e6bc85b94fe8480e2d9a5cc1f8.jpg,aproveitavel,-,799.08,107.16,53.41,640,360,,C:\projetopig\dataset\sows_farm\sows_farm_02.v2i.yolo26\valid\images\CAM2_RGB_2024-08-24_07-39-00_jpg.rf.016fd5e6bc85b94fe8480e2d9a5cc1f8.jpg
CAM2_RGB_2024-08-24_08-38-58_jpg.rf.2a7a724edc0ea81c6b5476f63db6522a.jpg,aproveitavel,-,672.27,104.09,62.1,640,360,,C:\projetopig\dataset\sows_farm\sows_farm_02.v2i.yolo26\valid\images\CAM2_RGB_2024-08-24_08-38-58_jpg.rf.2a7a724edc0ea81c6b5476f63db6522a.jpg
CAM3_RGB_2024-08-16_18-49-00_jpg.rf.58fa2c50ecd66c30214370ff75cfa049.jpg,descartar,duplicata,977.2,93.11,54.23,640,360,CAM3_RGB_2024-08-16_18-50-00_jpg.rf.3761f5407da396be165fd727de51e2fc.jpg,C:\projetopig\dataset\sows_farm\sows_farm_02.v2i.yolo26\valid\images\CAM3_RGB_2024-08-16_18-49-00_jpg.rf.58fa2c50ecd66c30214370ff75cfa049.jpg
CAM3_RGB_2024-08-22_19-41-00_jpg.rf.b3394108a6386403cfc01624fa5e0947.jpg,aproveitavel,-,960.98,91.42,58.31,640,360,,C:\projetopig\dataset\sows_farm\sows_farm_02.v2i.yolo26\valid\images\CAM3_RGB_2024-08-22_19-41-00_jpg.rf.b3394108a6386403cfc01624fa5e0947.jpg
CAM3_RGB_2024-08-23_02-41-00_jpg.rf.e8deaee6bbfde52b4aede1395b6625a1.jpg,aproveitavel,-,1086.94,84.1,68.35,640,360,,C:\projetopig\dataset\sows_farm\sows_farm_02.v2i.yolo26\valid\images\CAM3_RGB_2024-08-23_02-41-00_jpg.rf.e8deaee6bbfde52b4aede1395b6625a1.jpg
CAM3_RGB_2024-08-23_04-12-59_jpg.rf.48beb75f14821f8f8c56b36e740a471d.jpg,descartar,duplicata,952.35,89.62,61.58,640,360,CAM3_RGB_2024-08-23_04-12-00_jpg.rf.8774492873edf76f81b74c56086bc4fc.jpg,C:\projetopig\dataset\sows_farm\sows_farm_02.v2i.yolo26\valid\images\CAM3_RGB_2024-08-23_04-12-59_jpg.rf.48beb75f14821f8f8c56b36e740a471d.jpg
CAM3_RGB_2024-08-23_04-39-00_jpg.rf.cd58d47deb90a21bbbf32848419d5fcf.jpg,descartar,duplicata,947.59,91.34,61.45,640,360,CAM3_RGB_2024-08-23_04-37-00_jpg.rf.fb574b4f570a28786f8bfcf66fde5bef.jpg,C:\projetopig\dataset\sows_farm\sows_farm_02.v2i.yolo26\valid\images\CAM3_RGB_2024-08-23_04-39-00_jpg.rf.cd58d47deb90a21bbbf32848419d5fcf.jpg
CAM3_RGB_2024-08-23_04-40-00_jpg.rf.7b1f0e899469967eaf86e3c2ef4add5f.jpg,descartar,duplicata,953.99,92.56,61.81,640,360,CAM3_RGB_2024-08-23_04-37-00_jpg.rf.fb574b4f570a28786f8bfcf66fde5bef.jpg,C:\projetopig\dataset\sows_farm\sows_farm_02.v2i.yolo26\valid\images\CAM3_RGB_2024-08-23_04-40-00_jpg.rf.7b1f0e899469967eaf86e3c2ef4add5f.jpg
CAM3_RGB_2024-08-23_06-22-00_jpg.rf.cbcedfd6de74142bc42287ba04e837d3.jpg,aproveitavel,-,840.83,92.33,56.71,640,360,,C:\projetopig\dataset\sows_farm\sows_farm_02.v2i.yolo26\valid\images\CAM3_RGB_2024-08-23_06-22-00_jpg.rf.cbcedfd6de74142bc42287ba04e837d3.jpg
CAM3_RGB_2024-08-23_06-41-00_jpg.rf.5f1334f8d9873289033014314efadc04.jpg,aproveitavel,-,1115.32,93.06,55.76,640,360,,C:\projetopig\dataset\sows_farm\sows_farm_02.v2i.yolo26\valid\images\CAM3_RGB_2024-08-23_06-41-00_jpg.rf.5f1334f8d9873289033014314efadc04.jpg
CAM3_RGB_2024-08-23_10-11-00_jpg.rf.e8eeac77d26226a8dfa4ce736bdc141e.jpg,aproveitavel,-,1005.3,101.65,45.63,640,360,,C:\projetopig\dataset\sows_farm\sows_farm_02.v2i.yolo26\valid\images\CAM3_RGB_2024-08-23_10-11-00_jpg.rf.e8eeac77d26226a8dfa4ce736bdc141e.jpg
CAM3_RGB_2024-08-23_10-41-00_jpg.rf.72dd06f560553dd2536ecfff9329bd7e.jpg,descartar,duplicata,1057.63,108.29,47.32,640,360,CAM3_RGB_2024-08-23_11-11-00_jpg.rf.edf4adef047f75d641e2f363c32210e6.jpg,C:\projetopig\dataset\sows_farm\sows_farm_02.v2i.yolo26\valid\images\CAM3_RGB_2024-08-23_10-41-00_jpg.rf.72dd06f560553dd2536ecfff9329bd7e.jpg
CAM3_RGB_2024-08-23_16-03-59_jpg.rf.f3c3c291271dc579d1f889d08bcf52b9.jpg,aproveitavel,-,517.17,92.54,61.65,640,360,,C:\projetopig\dataset\sows_farm\sows_farm_02.v2i.yolo26\valid\images\CAM3_RGB_2024-08-23_16-03-59_jpg.rf.f3c3c291271dc579d1f889d08bcf52b9.jpg
CAM3_RGB_2024-08-23_17-12-00_jpg.rf.615912f8e6ae5f726541882c2f37ee95.jpg,aproveitavel,-,1074.3,102.78,50.35,640,360,,C:\projetopig\dataset\sows_farm\sows_farm_02.v2i.yolo26\valid\images\CAM3_RGB_2024-08-23_17-12-00_jpg.rf.615912f8e6ae5f726541882c2f37ee95.jpg
CAM3_RGB_2024-08-23_18-29-00_jpg.rf.548e399dc27196d0e06e45fc834a51ed.jpg,aproveitavel,-,919.97,78.45,55.94,640,360,,C:\projetopig\dataset\sows_farm\sows_farm_02.v2i.yolo26\valid\images\CAM3_RGB_2024-08-23_18-29-00_jpg.rf.548e399dc27196d0e06e45fc834a51ed.jpg
CAM3_RGB_2024-08-24_03-47-00_jpg.rf.00d995444b4fc3b61dcb281ba01df7ab.jpg,aproveitavel,-,1075.13,90.38,60.84,640,360,,C:\projetopig\dataset\sows_farm\sows_farm_02.v2i.yolo26\valid\images\CAM3_RGB_2024-08-24_03-47-00_jpg.rf.00d995444b4fc3b61dcb281ba01df7ab.jpg
CAM3_RGB_2024-08-24_07-12-00_jpg.rf.46b4641038c9006c785598286a8af298.jpg,aproveitavel,-,683.5,84.34,57.53,640,360,,C:\projetopig\dataset\sows_farm\sows_farm_02.v2i.yolo26\valid\images\CAM3_RGB_2024-08-24_07-12-00_jpg.rf.46b4641038c9006c785598286a8af298.jpg
CAM3_RGB_2024-08-24_08-42-00_jpg.rf.865c6a508dc31076199b2ee279941d10.jpg,aproveitavel,-,904.26,105.63,48.4,640,360,,C:\projetopig\dataset\sows_farm\sows_farm_02.v2i.yolo26\valid\images\CAM3_RGB_2024-08-24_08-42-00_jpg.rf.865c6a508dc31076199b2ee279941d10.jpg
CAM3_RGB_2024-08-24_12-42-00_jpg.rf.939211b97f893717eb4a2527c706b263.jpg,aproveitavel,-,647.82,98.6,52.19,640,360,,C:\projetopig\dataset\sows_farm\sows_farm_02.v2i.yolo26\valid\images\CAM3_RGB_2024-08-24_12-42-00_jpg.rf.939211b97f893717eb4a2527c706b263.jpg
CAM3_RGB_2024-08-24_13-42-00_jpg.rf.0ebc2c30af32101ad49a0915fb76f342.jpg,aproveitavel,-,581.95,97.25,51.98,640,360,,C:\projetopig\dataset\sows_farm\sows_farm_02.v2i.yolo26\valid\images\CAM3_RGB_2024-08-24_13-42-00_jpg.rf.0ebc2c30af32101ad49a0915fb76f342.jpg
CAM3_RGB_2024-08-24_15-42-00_jpg.rf.308e7155a1ee124b220c14dc6f2b4310.jpg,aproveitavel,-,573.17,102.62,52.79,640,360,,C:\projetopig\dataset\sows_farm\sows_farm_02.v2i.yolo26\valid\images\CAM3_RGB_2024-08-24_15-42-00_jpg.rf.308e7155a1ee124b220c14dc6f2b4310.jpg
CAM3_RGB_2024-08-24_16-12-00_jpg.rf.891632c5c66722fed209253022cff70c.jpg,aproveitavel,-,1042.17,101.43,48.79,640,360,,C:\projetopig\dataset\sows_farm\sows_farm_02.v2i.yolo26\valid\images\CAM3_RGB_2024-08-24_16-12-00_jpg.rf.891632c5c66722fed209253022cff70c.jpg
CAM3_RGB_2024-08-28_09-20-00_jpg.rf.9536c2ffbe53480e47a412b699acdd65.jpg,aproveitavel,-,595.19,95.81,61.79,640,360,,C:\projetopig\dataset\sows_farm\sows_farm_02.v2i.yolo26\valid\images\CAM3_RGB_2024-08-28_09-20-00_jpg.rf.9536c2ffbe53480e47a412b699acdd65.jpg
CAM3_RGB_2024-08-29_12-12-00_jpg.rf.3cd9dcb7a6eb49c06e0161bfa58c300d.jpg,descartar,duplicata,647.4,102.53,53.55,640,360,CAM3_RGB_2024-08-29_12-13-00_jpg.rf.0621393804942b58b1d116b5d08d6019.jpg,C:\projetopig\dataset\sows_farm\sows_farm_02.v2i.yolo26\valid\images\CAM3_RGB_2024-08-29_12-12-00_jpg.rf.3cd9dcb7a6eb49c06e0161bfa58c300d.jpg
CAM3_RGB_2024-08-30_06-05-00_jpg.rf.0b995cade9ca300a97f6903110bb09d5.jpg,descartar,borrada,82.92,45.71,25.11,640,360,,C:\projetopig\dataset\sows_farm\sows_farm_02.v2i.yolo26\valid\images\CAM3_RGB_2024-08-30_06-05-00_jpg.rf.0b995cade9ca300a97f6903110bb09d5.jpg
CAM3_RGB_2024-08-30_16-17-00_jpg.rf.a80b26190b266bcc1462e422579846a8.jpg,aproveitavel,-,592.29,87.39,54.62,640,360,,C:\projetopig\dataset\sows_farm\sows_farm_02.v2i.yolo26\valid\images\CAM3_RGB_2024-08-30_16-17-00_jpg.rf.a80b26190b266bcc1462e422579846a8.jpg
CAM3_RGB_2024-08-30_16-18-00_jpg.rf.9250c21d69e91d67bb44efb0a871a6e5.jpg,aproveitavel,-,535.55,90.73,55.26,640,360,,C:\projetopig\dataset\sows_farm\sows_farm_02.v2i.yolo26\valid\images\CAM3_RGB_2024-08-30_16-18-00_jpg.rf.9250c21d69e91d67bb44efb0a871a6e5.jpg
CAM3_RGB_2024-08-30_16-19-00_jpg.rf.c14b548bb0a215b6d5b32e172b311fe1.jpg,aproveitavel,-,459.88,94.54,52.72,640,360,,C:\projetopig\dataset\sows_farm\sows_farm_02.v2i.yolo26\valid\images\CAM3_RGB_2024-08-30_16-19-00_jpg.rf.c14b548bb0a215b6d5b32e172b311fe1.jpg
CAM3_RGB_2024-08-31_23-02-00_jpg.rf.948e4239997060afe5b23995a26b41e6.jpg,descartar,borrada,90.46,48.4,39.39,640,360,,C:\projetopig\dataset\sows_farm\sows_farm_02.v2i.yolo26\valid\images\CAM3_RGB_2024-08-31_23-02-00_jpg.rf.948e4239997060afe5b23995a26b41e6.jpg
